standard_message_id,ticker,title,url,resolved_url,source_name,published_at,collected_at,finnhub_id,current_body_chars,enrichment_status,failure_reason,http_status,enrichment_method,attempted_at,selection_basis
std_ddfa0aaba695470ab92298d30f5fbe51,MU,Why Today's AI Boom Differs From the Internet Bubble,https://finnhub.io/api/news?id=6b3967b90ac1c0647ab05789e0d02c1332e86091b1e5ddba7905106a004be673,https://finance.yahoo.com/technology/ai/articles/why-todays-ai-boom-differs-191000550.html,Yahoo,2026-09-08T19:10:00Z,2026-09-08T20:13:57.200688Z,141953676,159,failed,http_403,403,jina_reader_markdown,2026-09-08T20:30:23.569232Z,explicit_enrichment_failure
std_d20c1d9cea324e95a59250db454a86a3,META,Qualcomm Stock Rises 6% on Multi-Generation Amazon Silicon Deal,https://finnhub.io/api/news?id=69bbc588039b26cd957a7bdda3f15d14b7fed1edb63ee180bd77f89f4dba8ee6,https://finance.yahoo.com/markets/stocks/articles/qualcomm-stock-rises-6-multi-184902008.html,Yahoo,2026-09-08T18:49:02Z,2026-09-08T20:13:50.237471Z,141953689,69,failed,http_403,403,jina_reader_markdown,2026-09-08T20:13:53.007458Z,explicit_enrichment_failure
std_0e32449d921140d3be242d59a4058453,META,Meta stock wavers as Zuckerberg unveils ‘Muse’ autonomous AI assistant,https://finnhub.io/api/news?id=1a18e28e0ad74a3182d2261b4d375390276a96d49d30a873fe77ea86e6d98ab1,https://finance.yahoo.com/technology/ai/articles/meta-stock-wavers-zuckerberg-unveils-195124270.html,Yahoo,2026-09-08T19:51:24Z,2026-09-08T20:13:50.189484Z,141953716,500,failed,http_403,403,jina_reader_markdown,2026-09-08T20:13:53.005991Z,explicit_enrichment_failure
std_2c867c6ac0f4484593b28d9af331675b,INTC,Update: Market Chatter: Intel May Raise PC CPU Prices Another 10% in October; Shares Rise in Afternoon Trading,https://finnhub.io/api/news?id=b06ef2e7b21eabacb47f448953cdc5313ac44002c1eb6292f1629c7c2cee8147,https://finance.yahoo.com/markets/stocks/articles/market-chatter-intel-may-raise-181642180.html,Yahoo,2026-09-08T18:16:42Z,2026-09-08T20:13:00.733853Z,141953744,97,failed,source_summary_only,200,trafilatura,2026-09-08T20:13:07.057167Z,explicit_enrichment_failure
std_0dd6ebf3d4024dbb8f39b2ecb3d98d14,INTC,Sector Update: Tech Stocks Rise Late Afternoon,https://finnhub.io/api/news?id=2d497d3dd33abc83c11ee636ae98c94220ee63fa1e1879442691e4e523db3eff,https://finance.yahoo.com/markets/stocks/articles/sector-tech-stocks-rise-afternoon-195112771.html,Yahoo,2026-09-08T19:51:12Z,2026-09-08T20:13:00.678571Z,141953695,99,failed,source_summary_only,200,trafilatura,2026-09-08T20:13:07.054719Z,explicit_enrichment_failure
std_913af4cd53524b3b821d97ed68c8a8cb,META,Meta Slips as Australia Offers an Algorithm Escape Hatch,https://finnhub.io/api/news?id=4084f79a1e97906a71e049b8f2feb28e5a1f658d39c8a50a9ff94900fc43b973,https://finance.yahoo.com/media-advertising/articles/meta-slips-australia-offers-algorithm-165703671.html,Yahoo,2026-09-08T16:57:03Z,2026-09-08T18:14:07.787692Z,141952542,116,failed,http_403,403,jina_reader_markdown,2026-09-08T18:42:45.692517Z,explicit_enrichment_failure
std_ef2bab915ab8468ba0a635f4441cc657,META,Australia Targets Meta's Jugular: Hyper-Personal Social Feeds,https://finnhub.io/api/news?id=db0ef3bece498a5ad63500c9c0004aa8e188361f9963e0d93fd6a1041423e968,https://finance.yahoo.com/m/9edc9016-9c48-3b2a-8e2e-eb74a7c75a7a/australia-targets-meta's.html,Yahoo,2026-09-08T17:12:04Z,2026-09-08T18:14:07.702249Z,141952530,422,failed,http_403,403,jina_reader_markdown,2026-09-08T18:42:45.691338Z,explicit_enrichment_failure
std_10e2f53ceb9d40e7a170a93d8a27d688,MU,1 Profitable Stock Worth Your Attention and 2 Facing Headwinds,https://finnhub.io/api/news?id=00332d6b7004bcc898f46d673539b10f594dab41dfc7f8365fe39c94bf8cb57a,https://finance.yahoo.com/markets/stocks/articles/1-profitable-stock-worth-attention-174318106.html,Yahoo,2026-09-08T17:43:18Z,2026-09-08T18:13:16.755882Z,141952544,197,failed,http_403,403,jina_reader_markdown,2026-09-08T20:30:23.570068Z,explicit_enrichment_failure
std_4b75b2545a354b10b9e43b2828e53b94,MU,"Stock Market Today: Dow Dives, Oil Spikes After Saudi Attacks; Amgen Swoons On These Results (Live Coverage)",https://finnhub.io/api/news?id=79f4e4a6e1e49d6fa07701f2e318d30279a7be23f16a2b861adc10771daf385c,https://finance.yahoo.com/m/e8996bc1-197c-3547-a5f4-23a6a4308b86/stock-market-today:-dow.html,Yahoo,2026-09-08T14:50:39Z,2026-09-08T16:17:27.131915Z,141949793,141,failed,http_403,403,jina_reader_markdown,2026-09-08T20:30:23.571472Z,explicit_enrichment_failure
std_e2c8e1aef7b548cda3cc1184ac8014b7,META,Christopher Larsson Joins Vertical Data as Head of Infrastructure,https://finnhub.io/api/news?id=f1dff3ec5feb34399646cf1041ac105f87bdd8d6330caca12c308cf8a686a3b7,https://finance.yahoo.com/technology/ai/articles/christopher-larsson-joins-vertical-data-130000888.html,Yahoo,2026-09-08T13:00:00Z,2026-09-08T16:17:06.456684Z,141949912,500,failed,http_403,403,jina_reader_markdown,2026-09-08T17:41:53.603860Z,explicit_enrichment_failure
std_7489aeb11a93451b8989feb4e8500a48,META,SanDisk Up Over 40% Past Month: Can the Rally Last?,https://finnhub.io/api/news?id=eeae82cc500d8a6551b3bd18241777e324c6dffcf2fcccc0088b50bb8ee91c86,https://finance.yahoo.com/markets/stocks/articles/sandisk-over-40-past-month-140000402.html,Yahoo,2026-09-08T14:00:00Z,2026-09-08T16:17:06.404619Z,141949820,139,failed,http_403,403,jina_reader_markdown,2026-09-08T18:42:45.694051Z,explicit_enrichment_failure
std_c9564158553642d2b90c3551e3a9f7d6,META,"One Chip, One Datacenter: Meta and Panmnesia Extend Tight Coupling Beyond the Rack with CXL — Published by Invitation from Nature",https://finnhub.io/api/news?id=adf92af5b21e30e203267aeec951828c2e3f325a6bfb3c10017f8c93886d06d2,https://finance.yahoo.com/technology/ai/articles/one-chip-one-datacenter-meta-140000447.html,Yahoo,2026-09-08T14:00:00Z,2026-09-08T16:17:06.323301Z,141949904,379,failed,http_403,403,jina_reader_markdown,2026-09-08T18:42:45.694677Z,explicit_enrichment_failure
std_e5c21c6b73744f5182db3311343f8900,META,Qualcomm Stock Pops as Amazon Deal Ramps Up AI Ambitions,https://finnhub.io/api/news?id=6c3b4f8f8a8f53b4b3d5260871a8cd175f6e151469b858166abe91b06d7c1041,https://finance.yahoo.com/m/9380adeb-9eac-319e-988c-86ec320b083a/qualcomm-stock-pops-as-amazon.html,Yahoo,2026-09-08T14:37:00Z,2026-09-08T16:17:06.272316Z,141949809,135,failed,http_403,403,jina_reader_markdown,2026-09-08T18:42:45.693369Z,explicit_enrichment_failure
std_efb58e8429854798841f805d06e15e53,INTC,"Novartis and Boston Scientific Slide, Intel Price Hikes | Stock Movers",https://finnhub.io/api/news?id=204594df6a306d6a97d4a8c86c9c90368908bf97c2bc08121e2c01757809b2b5,https://finance.yahoo.com/video/novartis-boston-scientific-slide-intel-142550685.html,Yahoo,2026-09-08T14:25:50Z,2026-09-08T16:15:07.823170Z,141950050,570,failed,http_403,403,jina_reader_markdown,2026-09-08T17:09:01.843296Z,explicit_enrichment_failure
std_8b4c2e41e14440789a3b80b5b3990750,INTC,Can Intel's AI PC Innovation With ASU Strengthen Its Market Position?,https://finnhub.io/api/news?id=d60d10c039c0213abaa5cdda90f6e00d630599bc616b476a71a4c0bbd5ce6cbb,https://finance.yahoo.com/technology/ai/articles/intels-ai-pc-innovation-asu-145400598.html,Yahoo,2026-09-08T14:54:00Z,2026-09-08T16:15:07.748985Z,141950001,136,failed,http_403,403,jina_reader_markdown,2026-09-08T17:09:01.842331Z,explicit_enrichment_failure
std_5ae2946e95f940309b616a2c75479040,MU,"Semiconductor ETFs: The Good, The Bad, And The Ugly",https://finnhub.io/api/news?id=a303f880b87da2d533ae2b1983cdce7210e78c86385ee2bb8ef6e281c218849e,https://seekingalpha.com/article/4942766-semiconductor-etfs-the-good-the-bad-and-the-ugly,SeekingAlpha,2026-09-08T08:00:00Z,2026-09-08T12:22:25.399058Z,141948860,161,failed,incomplete_extract,200,jina_reader_markdown,2026-09-08T14:21:23.064569Z,explicit_enrichment_failure
std_7968c64927b149989ec26fa08dde6d78,INTC,Wall Street Breakfast Podcast: Canada's Tariffs Go Live,https://finnhub.io/api/news?id=3bab7bc0db9c95de066505a8261d102f134273817b668ac8fb7a3af7bfb1c578,https://seekingalpha.com/article/4943760-wall-street-breakfast-podcast-canadas-tariffs-go-live,SeekingAlpha,2026-09-08T06:50:00Z,2026-09-08T11:11:28.140280Z,141925518,175,failed,incomplete_extract,200,jina_reader_markdown,2026-09-08T15:01:29.556165Z,explicit_enrichment_failure
std_811c4aa1e21a461ba35eea3f0a4c16c3,META,You're Telling Me That Circular Financing Can Reduce The Risk Of A Bubble?,https://finnhub.io/api/news?id=447a7c57d6676d7639d07b87d03a49ca7c6e8f69f79bb0584d383acbde0a2f73,,SeekingAlpha,2026-09-08T04:35:50Z,2026-09-08T08:52:03.343049Z,141867544,0,not_recorded,empty_body,,,,empty_body
std_7325db25eaa942fc91707378010b559e,MU,"Micron Stock Has Reclaimed $1,000—What Comes Next",https://finnhub.io/api/news?id=2cfdd808009305dd6ededc6ef59e1e33551bc2e975292a72fb988771feb1f085,https://finance.yahoo.com/m/ae383cba-05e4-32ff-b848-39d1704173d8/micron-stock-has-reclaimed.html,Yahoo,2026-09-07T14:58:00Z,2026-09-07T16:15:25.559253Z,141765134,206,failed,source_summary_only,200,jina_reader_markdown,2026-09-07T20:25:57.977501Z,explicit_enrichment_failure
std_dad5134800754cedb26c832383adfa90,INTC,How Nvidia’s Investment Juggernaut Can Jump from Big to Enormous,https://finnhub.io/api/news?id=dfd32d6523dd94c55deb552b3ac63439d8b04483f0fd0b24d6db0a6273308319,https://finance.yahoo.com/m/540046a1-e732-329f-9452-be7a41c9f44b/how-nvidia’s-investment.html,Yahoo,2026-09-07T15:07:00Z,2026-09-07T16:13:46.187421Z,141765107,134,failed,http_403,403,jina_reader_markdown,2026-09-07T17:36:09.640433Z,explicit_enrichment_failure
std_584ffcc65e984d9fa49a23a8b1b33c84,MU,Can Silicon Motion's CRA Compliance Efforts Drive Future Growth?,https://finnhub.io/api/news?id=9bd3609a680e738cee6ebce88730f4eebae529c5942a85ac0b7eb8bc4d22cf16,https://finance.yahoo.com/technology/articles/silicon-motions-cra-compliance-efforts-141100714.html,Yahoo,2026-09-07T15:11:00Z,2026-09-07T14:36:16.113953Z,141763833,130,failed,source_summary_only,200,jina_reader_markdown,2026-09-07T20:25:57.974657Z,explicit_enrichment_failure
std_1eb001759195431da24b93cb68f3fe79,INTC,Nvidia just sent a strong signal to AMD and Intel investors,https://finnhub.io/api/news?id=00c8cfd525bf14bd48049b2e979bbffe40a06485b2b4df5d36fac5e000bd2094,https://www.thestreet.com/investing/stocks/nvidia-vera-cpu-strong-signal-to-amd-intel-investors,Yahoo,2026-09-07T11:03:00Z,2026-09-07T13:12:05.751440Z,141762250,95,failed,empty_extract,200,jina_reader_markdown,2026-09-07T17:36:09.641311Z,explicit_enrichment_failure
std_e44cab3cb22e45f68f57e5f1fc52d294,META,What I Found By Analyzing How Seeking Alpha Analysts Rated The Mag 7,https://finnhub.io/api/news?id=eba233ff3388800a9f35b66ef6f1f68eff2afea31b642f11a07505e75d4043ea,https://seekingalpha.com/article/4943197-what-i-found-by-analyzing-how-seeking-alpha-analysts-rated-mag-7,SeekingAlpha,2026-09-06T08:30:00Z,2026-09-06T12:52:04.927141Z,141590639,150,failed,incomplete_extract,200,jina_reader_markdown,2026-09-07T15:41:43.959242Z,explicit_enrichment_failure
std_c20aae16789e413392775d99156eb42e,META,Meta stands to gain as Mark Zuckerberg makes shocking decision,https://finnhub.io/api/news?id=699cd537289130b72bff5b4f374cbc5a146593dad277c2dd10be34ed4f127811,https://www.thestreet.com/technology/mark-zuckerberg-opposes-ai-regulator,Yahoo,2026-09-05T15:33:00Z,2026-09-05T16:12:54.456332Z,141525586,71,failed,empty_extract,200,jina_reader_markdown,2026-09-07T15:41:43.961388Z,explicit_enrichment_failure
std_3e9ae515fd254bfbab4567464a7fc70d,META,5-star analyst resets Broadcom stock price target,https://finnhub.io/api/news?id=8c2c1ec02ce244ebf7d821189eb20f805e144044ea63de5f675e58802b8bfdc9,https://www.thestreet.com/investing/stocks/morgan-stanley-broadcom-avgo-stock-price-target,Yahoo,2026-09-04T21:07:00Z,2026-09-04T21:23:12.031167Z,141460562,129,failed,empty_extract,200,jina_reader_markdown,2026-09-04T21:23:24.488811Z,explicit_enrichment_failure
std_20a20d73526345a2ab1c5cc565a2f5ec,MU,Ken Griffin's Citadel significantly lowers stake in surging chip stock,https://finnhub.io/api/news?id=07a6a7c74b22cd9aa420355caa92b396c0e4bbd62624470bfc6c20fd821f4472,https://www.thestreet.com/investing/stocks/ken-griffin-citadel-lowers-stake-micron-mu-stock,Yahoo,2026-09-04T18:17:00Z,2026-09-04T20:16:46.701497Z,141455004,59,failed,empty_extract,200,jina_reader_markdown,2026-09-04T21:13:53.248984Z,explicit_enrichment_failure
std_6673c798cfad4cbd80d798dd758f725c,MU,ASML Plans 40% Japan Workforce Expansion to Support Chip Boom,https://finnhub.io/api/news?id=38bf8e6e18bb6acbea8db4dfe5a5ecd14ec2aa125ad079513e7811ccdfac1428,https://finance.yahoo.com/technology/articles/asml-plans-40-japan-workforce-183514067.html,Yahoo,2026-09-04T18:35:14Z,2026-09-04T20:16:46.677948Z,141455007,125,failed,timeout,429,jina_reader_markdown,2026-09-04T21:13:53.248549Z,explicit_enrichment_failure
std_fe8318b43dcc463798c617af896e6a68,MU,Micron Rockets 4.2% as GPT-6 Reignites the Memory Trade,https://finnhub.io/api/news?id=34ad02dbfb55f077e8e1f7b95d7b1e4f48e55becfa2a82a852a50e02fdba04be,https://finance.yahoo.com/markets/stocks/articles/micron-rockets-4-2-gpt-193118962.html,Yahoo,2026-09-04T19:31:18Z,2026-09-04T20:16:46.646802Z,141455003,115,failed,timeout,429,jina_reader_markdown,2026-09-04T21:13:53.248127Z,explicit_enrichment_failure
std_8b815e3b004c4ad5aa3590e152458883,MU,"Analyst Has Strong Take on Micron, SanDisk Stocks",https://finnhub.io/api/news?id=fb3e07711d6d06034f5a1fb9d5519f1cbe055a00a3a4bd40148c150a22a00f33,https://finance.yahoo.com/markets/stocks/articles/analyst-strong-micron-sandisk-stocks-194827213.html,Yahoo,2026-09-04T19:48:27Z,2026-09-04T20:16:46.620060Z,141455002,57,failed,source_summary_only,200,jina_reader_markdown,2026-09-04T21:13:53.247280Z,explicit_enrichment_failure
std_83f86bcd7b304b04a4a27c20f5a485fe,META,Energy stocks could be the biggest winners of the AI boom,https://finnhub.io/api/news?id=1d12771fbf1ff18df84f822717c264e450fac5b8f1dcd995b30a2cc0a58cc8cb,https://finance.yahoo.com/video/energy-stocks-could-biggest-winners-193225814.html,Yahoo,2026-09-04T19:32:25Z,2026-09-04T19:50:05.262732Z,141453757,217,failed,unsupported_media,200,jina_reader_markdown,2026-09-04T21:23:24.490569Z,explicit_enrichment_failure
std_c8a36c2d66e746e8b9f8bea3266d280e,META,Meta Cuts AI Output Prices 95%--If Developers Share Their Work,https://finnhub.io/api/news?id=cf23281cf46389bf155c44ea3a98747470f4e5371a5f94198600445c6e423949,https://finance.yahoo.com/technology/ai/articles/meta-cuts-ai-output-prices-193800531.html,Yahoo,2026-09-04T19:38:00Z,2026-09-04T19:50:05.133686Z,141453758,130,failed,source_summary_only,200,jina_reader_markdown,2026-09-04T21:23:24.490159Z,explicit_enrichment_failure
std_6d84fb081c51427aac8ddc1f08e41ce8,META,Meta Platforms (META) Debuts Muse Spark 1.3 For Developers,https://finnhub.io/api/news?id=26d191dd3a8ae581aa0dc83d19df111b1e277a2c953978c13e08e5150585329c,https://finance.yahoo.com/technology/ai/articles/meta-platforms-meta-debuts-muse-161527394.html,Yahoo,2026-09-04T16:15:27Z,2026-09-04T18:16:52.707599Z,141446582,498,failed,timeout,429,jina_reader_markdown,2026-09-04T19:37:50.382397Z,explicit_enrichment_failure
std_b8aab3967073447aaf591ed1a66339c3,MU,"Micron, SanDisk Lead Memory Chip Stocks Rally on Strong AI Demand",https://finnhub.io/api/news?id=5ff80f7a09c6a44b5cca67c42ac64051e2e4e2fb3e0e31e620dba29a4ccbc4ba,https://finance.yahoo.com/technology/articles/micron-sandisk-lead-memory-chip-174447419.html,Yahoo,2026-09-04T17:44:47Z,2026-09-04T18:16:36.210075Z,141446564,87,failed,source_summary_only,200,jina_reader_markdown,2026-09-04T21:13:53.249374Z,explicit_enrichment_failure
std_c7f342a6bc1740718339c637adec8622,INTC,Intel Witnesses an Uptrend in Estimate Revisions: Is it Worth Buying?,https://finnhub.io/api/news?id=5697650206d4e8bb672fddfbc6329a3883316f35b897714ad5443dda37f79309,https://finance.yahoo.com/markets/stocks/articles/intel-witnesses-uptrend-estimate-revisions-145700180.html,Yahoo,2026-09-04T14:57:00Z,2026-09-04T16:15:48.128976Z,141437232,138,failed,timeout,429,jina_reader_markdown,2026-09-04T18:56:47.798967Z,explicit_enrichment_failure
std_b4ef4cbb18f44262b46feed67eb4ae34,INTC,"Dell’s earning report was bullish for Intel CPU demand, analyst says",https://finnhub.io/api/news?id=d7365847f7dd6963cef4e4c800f020c4aa4836c5efda586907f76a0355cb11a8,https://finance.yahoo.com/markets/stocks/articles/dell-earning-report-bullish-intel-152101599.html,Yahoo,2026-09-04T15:21:01Z,2026-09-04T16:15:48.075875Z,141437255,351,failed,source_summary_only,200,jina_reader_markdown,2026-09-04T18:56:47.798049Z,explicit_enrichment_failure
std_eef786c9d1c546c894ae5484f39b97a4,META,Michael Burry Sends Shocking Message on Tumbling Lululemon Stock,https://finnhub.io/api/news?id=9c1758504ca55ea958234fd9ba1a05e2c15af80cfa5f9931423c08f4ef013030,https://finance.yahoo.com/markets/stocks/articles/michael-burry-sends-shocking-message-122246857.html,Yahoo,2026-09-04T13:22:46Z,2026-09-04T13:08:15.587357Z,141425377,66,failed,source_summary_only,200,jina_reader_markdown,2026-09-04T13:41:51.300433Z,explicit_enrichment_failure
std_3b0034e2b64e4d788571f65a6b736532,META,Meta Stock Jumps After Unveiling New AI Coding Model,https://finnhub.io/api/news?id=62be7a7e5c5264c4ac7f7b2df253530a0e63dc9bfab45f7954f1b1066be3c454,https://finance.yahoo.com/technology/ai/articles/meta-stock-jumps-unveiling-ai-122704553.html,Yahoo,2026-09-04T13:27:04Z,2026-09-04T13:08:15.562125Z,141425368,52,failed,source_summary_only,200,jina_reader_markdown,2026-09-04T13:41:51.299906Z,explicit_enrichment_failure
std_32113c92fbe24a27a35c4fe918862650,META,Arista Networks Offers Entry After 42% Gain Amid Earnings Beat; Data Center Demand Surging,https://finnhub.io/api/news?id=ddbb6c5bf715fae009d6c42b26e6e2e97ca209e24c86f0ec995308e0765b7776,https://finance.yahoo.com/m/9c642f45-62a0-383b-9606-da2704f88787/arista-networks-offers-entry.html,Yahoo,2026-09-04T13:30:43Z,2026-09-04T13:08:15.533529Z,141425280,125,failed,source_summary_only,200,jina_reader_markdown,2026-09-04T13:41:51.299061Z,explicit_enrichment_failure
std_89b5f95536d44252a9e8d91dd6f7d022,META,Aon to Speak at the KBW Insurance Conference,https://finnhub.io/api/news?id=40356436c512b5526deb27e1c0dae04f309997dcb176a9adba56c90677cbe8be,https://finance.yahoo.com/markets/stocks/articles/aon-speak-kbw-insurance-conference-200200227.html,Yahoo,2026-09-03T21:02:00Z,2026-09-03T20:42:58.206498Z,141404290,225,failed,source_summary_only,200,jina_reader_markdown,2026-09-03T21:15:49.869532Z,explicit_enrichment_failure
std_d7618e1b7249411daf01ad7564e0b658,META,XPO Provides North American LTL Operating Data for August 2026,https://finnhub.io/api/news?id=507a61bbe0038469b53ab73baa091b4ce39a2f41fc32cf7cb24fd76a1a7d0556,https://finance.yahoo.com/markets/stocks/articles/xpo-provides-north-american-ltl-200500029.html,Yahoo,2026-09-03T21:05:00Z,2026-09-03T20:42:58.165986Z,141404011,500,failed,source_summary_only,200,jina_reader_markdown,2026-09-03T21:15:49.868689Z,explicit_enrichment_failure
std_4f24a7bc7d3c45b986c3e48025a45417,META,Uber CEO sends shocking message to employees,https://finnhub.io/api/news?id=4369336ecbc5ba137f54cf327e4009069ee23f225bab7550837f8061da8ae76f,https://www.thestreet.com/employment/uber-ceo-layoffs-employees-return-to-office,Yahoo,2026-09-03T16:56:25Z,2026-09-03T17:34:38.086537Z,141401534,65,failed,empty_extract,200,jina_reader_markdown,2026-09-03T17:48:26.103923Z,explicit_enrichment_failure
std_14f0e0e8c7c44552b42806cdb9cf9948,META,Wall Street Nears Record Highs With Help From Mag 7,https://finnhub.io/api/news?id=0dd29d7875103b3a39d52951c48618bee16a1342b27a377d187af1c76f13851c,https://finance.yahoo.com/m/05ea6a36-b81b-3311-bdbb-b3323ed86217/wall-street-nears-record.html,Yahoo,2026-09-03T18:05:26Z,2026-09-03T17:34:38.033749Z,141401419,280,failed,timeout,429,jina_reader_markdown,2026-09-03T21:15:49.871097Z,explicit_enrichment_failure
std_e1b19f284a8944b29bbe452e9ea0eec1,META,The Death of the Safe Haven: How to Fix Your Bond Strategy as Yields Rise,https://finnhub.io/api/news?id=332f3df8173be8e5d02cb08bc2c46deef2987dfa29372f0defc616019794e8b0,https://finance.yahoo.com/m/dc002be2-e73a-384d-bcfe-34144a7ad977/the-death-of-the-safe-haven:.html,Yahoo,2026-09-03T14:23:00Z,2026-09-03T16:15:47.553748Z,141400283,423,failed,http_403,403,jina_reader_markdown,2026-09-03T16:52:04.556461Z,explicit_enrichment_failure
std_b99c9e3fba4a4a778d76e7421767da15,META,"U.S. Debt, AI Boom Triggers Historic Borrowing Binge, Pushing Up Rates. What To Know.",https://finnhub.io/api/news?id=47884ebf1a02150728cbf46db2fd784fcec7210c72246d09a90a53accb77b860,"https://finance.yahoo.com/m/8c0446a7-cdeb-308d-bedb-e9fb2c5d2d73/u.s.-debt,-ai-boom-triggers.html",Yahoo,2026-09-03T15:29:49Z,2026-09-03T16:15:47.530014Z,141400266,140,failed,http_403,403,jina_reader_markdown,2026-09-03T16:52:04.555663Z,explicit_enrichment_failure
std_a1e8825be28249b9b0d5a05c979aaa7e,INTC,ASUS Expands AI Infrastructure Ecosystem from Cloud to Edge,https://finnhub.io/api/news?id=a4aac94177debbaa08fe3f4186d888fba322902f7962bbbca19274856ccc5c49,https://finance.yahoo.com/technology/ai/articles/asus-expands-ai-infrastructure-ecosystem-154900899.html,Yahoo,2026-09-03T15:49:00Z,2026-09-03T16:14:36.261064Z,141400342,416,failed,source_summary_only,200,jina_reader_markdown,2026-09-03T16:14:49.441454Z,explicit_enrichment_failure
std_40b8d8d5caf0492b9b070bab094e5962,INTC,"Assessment of the Global 6G Communications Optical and Optronic Opportunities 2026,  Reveals Why 6G Optical Isn't a New Market, But an Opportunity Layer on Today's Infrastructure",https://finnhub.io/api/news?id=2fd77a88207bf6c02b708c0590a7d52fd0e6e4cafdd06b7ebe89ffcfd4036872,https://finance.yahoo.com/technology/articles/assessment-global-6g-communications-optical-135300848.html,Yahoo,2026-09-03T13:53:00Z,2026-09-03T14:13:14.380062Z,141399151,500,failed,source_summary_only,200,jina_reader_markdown,2026-09-03T16:14:49.443360Z,explicit_enrichment_failure
std_7ec8467d90384f8bb2ea078bbf35c021,META,"Nvidia to spend $13 billion on Hugging Face, leaving it as an open source platform",https://finnhub.io/api/news?id=2a9cc2691e60d7f3d8dffb64d6692356b04cd0b9b05598c3bd68d0205b98e3d8,https://finance.yahoo.com/technology/ai/articles/nvidia-buying-artificial-intelligence-platform-122907265.html,Yahoo,2026-09-03T12:29:07Z,2026-09-03T14:12:58.040003Z,141397839,531,failed,empty_extract,200,jina_reader_markdown,2026-09-03T15:24:51.228479Z,explicit_enrichment_failure
std_645cc8a29d824cd6b8eaea55de542d08,META,Amdocs CEO Shimie Hortig and CFO Tal Rozenfeld to Speak at the Goldman Sachs Communacopia + Technology Conference and Citi's 2026 Global TMT Conference in September,https://finnhub.io/api/news?id=9960bea6c1883cb0c9c64df1ce75308fa40ebd208df55665e79a8db7040eb02b,https://finance.yahoo.com/technology/articles/amdocs-ceo-shimie-hortig-cfo-120000975.html,Yahoo,2026-09-03T13:00:00Z,2026-09-03T13:24:03.527516Z,141397951,447,failed,http_403,403,jina_reader_markdown,2026-09-03T16:52:04.557808Z,explicit_enrichment_failure
std_5d4adb9afd2441808ed044065925bf4f,META,AbbVie to Present at the Morgan Stanley 24th Annual Global Healthcare Conference,https://finnhub.io/api/news?id=ca14c9b66e15a6c38f449511256119e6886f26476548d7c9a4a8dad80c9c368c,https://finance.yahoo.com/healthcare/articles/abbvie-present-morgan-stanley-24th-120500215.html,Yahoo,2026-09-03T13:05:00Z,2026-09-03T13:24:03.498643Z,141397950,205,failed,http_403,403,jina_reader_markdown,2026-09-03T16:52:04.557372Z,explicit_enrichment_failure
std_739ad9cccfef412fbcb2b822dacc7fec,META,"For all their talk about AI, few companies are quantifying gains",https://finnhub.io/api/news?id=59f0d4cf29d44085795e17af1bfb19c8b32069a977c00ba1b7fc8cfa82adeebc,https://finance.yahoo.com/technology/article/for-all-their-talk-about-ai-few-companies-are-quantifying-gains-122132208.html,Yahoo,2026-09-03T13:21:32Z,2026-09-03T13:24:03.475985Z,141397946,32,failed,http_403,403,jina_reader_markdown,2026-09-03T16:52:04.556945Z,explicit_enrichment_failure
std_46aaa347824c41a9877a2d3e103ea6a0,INTC,Memory Costs Rise: Can NVIDIA Protect Its 70%+ Gross Margin?,https://finnhub.io/api/news?id=9536dff891932d7a46456dd074ea847d03468165a5f419dda4387d2d5d0a786a,https://finance.yahoo.com/markets/stocks/articles/memory-costs-rise-nvidia-protect-123100346.html,Yahoo,2026-09-03T13:31:00Z,2026-09-03T13:23:26.883794Z,141397838,138,failed,empty_extract,200,jina_reader_markdown,2026-09-03T16:14:49.443738Z,explicit_enrichment_failure
std_41039b0673274ddbb2ba2935281b15da,INTC,First-Ever Targa Newfoundland Livestream Debuts at IBC 2026 for Rally’s 25th Anniversary,https://finnhub.io/api/news?id=068df259e538eddf357b86824a47eb7c2640c6180ab1fdafc03e300a45fceabb,https://finance.yahoo.com/media-advertising/articles/first-ever-targa-newfoundland-livestream-130000824.html,Yahoo,2026-09-03T14:00:00Z,2026-09-03T13:23:26.858436Z,141398029,367,failed,source_summary_only,200,jina_reader_markdown,2026-09-03T16:14:49.442891Z,explicit_enrichment_failure
std_7d1c1aae25b14aed8645b18ccd8eba6e,INTC,Intel (INTC) Could Be 82% Below Fair Value After Kasm AI Partnership,https://finnhub.io/api/news?id=5ea5610c9f7b503761640d56cf69d35aa270e00eaaf0b7da3f048e8b3efdfe7d,https://finance.yahoo.com/markets/stocks/articles/intel-intc-could-82-below-101107945.html,Yahoo,2026-09-03T10:11:07Z,2026-09-03T12:13:17.615334Z,141397315,500,failed,empty_extract,200,jina_reader_markdown,2026-09-03T13:23:40.249854Z,explicit_enrichment_failure
std_2be52722f4444f9b91cd387e74c50ff4,META,Broadcom’s Outlook Shows Surging AI Chip Sales,https://finnhub.io/api/news?id=5615a8cae441329a93d16d6e43d3fc5be9cf684d53d94478218a2490b7e45253,https://finance.yahoo.com/m/58a6f508-b17a-37c1-90fd-729e1cd92db3/broadcom’s-outlook-shows.html,Yahoo,2026-09-02T21:31:00Z,2026-09-03T02:14:56.975571Z,141382488,104,failed,source_summary_only,200,jina_reader_markdown,2026-09-03T11:49:11.041092Z,explicit_enrichment_failure
std_acfd141aa53d401895155db2659afd64,META,US judge rejects bid to break up Google's ad business,https://finnhub.io/api/news?id=65799ac00b58f546317d37a0d1d23e33cdcf8d758481155cb8e75b739d24a77a,https://finance.yahoo.com/media-advertising/articles/us-judge-rejects-bid-break-161532322.html,Yahoo,2026-09-02T20:46:10Z,2026-09-02T21:04:30.846810Z,141381119,432,failed,source_summary_only,200,jina_reader_markdown,2026-09-02T21:41:38.631168Z,explicit_enrichment_failure
std_f9d6060644c246109f2e2c43e7cd32b2,META,Edwards Lifesciences to Present at the Deutsche Bank Healthcare Summit,https://finnhub.io/api/news?id=aff4cd1f434fbbb0d65c87f29c8c7560f83d23928031121fd5c2ed58c880051b,https://finance.yahoo.com/healthcare/articles/edwards-lifesciences-present-deutsche-bank-201500535.html,Yahoo,2026-09-02T21:15:00Z,2026-09-02T21:04:30.825699Z,141381180,165,failed,empty_extract,200,jina_reader_markdown,2026-09-03T11:49:11.041584Z,explicit_enrichment_failure
std_1ab36a5111ec4a31bf806e13915adc08,META,Alphabet Rises After Judge Rejects Forced Sale of 20%-Fee AdX,https://finnhub.io/api/news?id=b90cdf4c28736bae144026ffcb53ae166b0d5dedd5a381042759a415937cacb0,https://finance.yahoo.com/media-advertising/articles/alphabet-rises-judge-rejects-forced-163642529.html,Yahoo,2026-09-02T17:36:42Z,2026-09-02T19:16:02.573524Z,141379466,113,failed,source_summary_only,200,jina_reader_markdown,2026-09-02T20:51:48.896910Z,explicit_enrichment_failure
std_27bdef2e623b48ca9c3399fe0b09f3b6,META,"U.S. Debt, AI Borrowing Binge Spurs Bessent's Bond Market Gambit; Risks Rise For Stocks, Dollar",https://finnhub.io/api/news?id=8a8bbb8b840dc9873ac6207eef6f68951f479dfccc59bc58a925f16485e4385c,"https://finance.yahoo.com/m/8c0446a7-cdeb-308d-bedb-e9fb2c5d2d73/u.s.-debt,-ai-borrowing-binge.html",Yahoo,2026-09-02T18:41:38Z,2026-09-02T19:16:02.489414Z,141379413,140,failed,source_summary_only,200,trafilatura,2026-09-02T21:41:38.631633Z,explicit_enrichment_failure
std_b73b0610eea046afb3c0823a3fe28c55,INTC,Micron Stock Soars 685% in a Year: Is the Momentum Still Sustainable?,https://finnhub.io/api/news?id=c8b883b13ae67e9e07afe2eeacf84dc4ae7a32d8a9e14a4483554ca1de931c69,https://finance.yahoo.com/markets/stocks/articles/micron-stock-soars-685-momentum-141900647.html,Yahoo,2026-09-02T15:19:00Z,2026-09-02T19:14:36.902597Z,141379481,138,failed,timeout,429,jina_reader_markdown,2026-09-02T19:14:51.473006Z,explicit_enrichment_failure
std_4d7548ad50ee42e39c1635b4fd6e19a8,INTC,Nvidia Nears $12.9 Billion Deal for Hugging Face,https://finnhub.io/api/news?id=7af61892e6e8ea55727d0b5aaff6c849b44daf6320026077c33cc4edf4bc6700,https://finance.yahoo.com/technology/ai/articles/nvidia-nears-12-9-billion-154538468.html,Yahoo,2026-09-02T16:45:38Z,2026-09-02T19:14:36.879382Z,141379567,55,failed,timeout,429,jina_reader_markdown,2026-09-02T19:14:51.472655Z,explicit_enrichment_failure
std_865b12c4578b4786a248ddd88ebaec41,MU,Netlist's Memory Portfolio Gains Traction: Can It Fuel Durable Growth?,https://finnhub.io/api/news?id=03fcf3978a13c5601e29cc816c4afbd677b57566738e5d7d13ac7f776b1daf2e,https://finance.yahoo.com/technology/articles/netlists-memory-portfolio-gains-traction-132200088.html,Yahoo,2026-09-02T14:22:00Z,2026-09-02T14:25:57.564292Z,141376319,113,failed,source_summary_only,200,jina_reader_markdown,2026-09-02T17:33:46.974809Z,explicit_enrichment_failure
std_1dff4237a7f74e059b1799f22bb93c24,MU,Bet on These 3 AI ETFs to Beat the September Curse,https://finnhub.io/api/news?id=6e911c4dce00c0c0f157080867b1866fe40a2578071bc265b618fa823230d396,https://finance.yahoo.com/technology/ai/articles/bet-3-ai-etfs-beat-132600941.html,Yahoo,2026-09-02T14:26:00Z,2026-09-02T14:25:57.543172Z,141376207,152,failed,timeout,429,jina_reader_markdown,2026-09-02T17:33:46.974410Z,explicit_enrichment_failure
std_3f910c788cbd4158943969ed5c7e10e2,MU,Brokers Suggest Investing in Micron (MU): Read This Before Placing a Bet,https://finnhub.io/api/news?id=0d61147b548ad9817f635a77a5f4cf8f5f511a9b0435fb89298a14da6663e116,https://finance.yahoo.com/markets/stocks/articles/brokers-suggest-investing-micron-mu-133004127.html,Yahoo,2026-09-02T14:30:04Z,2026-09-02T14:25:57.514462Z,141376308,250,failed,source_summary_only,200,jina_reader_markdown,2026-09-02T17:33:46.974005Z,explicit_enrichment_failure
std_185d7e8e56ff4c058eb91b6134c216a8,MU,Taiwanese firms pledge additional $20bn US investment in chip industry,https://finnhub.io/api/news?id=0f045a077b96faf92c2dc105610827f28378538ee893dad140f6723f2c6538df,https://www.investmentmonitor.ai/news/taiwanese-firms-20bn-us-investment/,Yahoo,2026-09-02T14:38:51Z,2026-09-02T14:25:57.495205Z,141376307,208,failed,poison_or_navigation_extract,200,trafilatura,2026-09-02T17:33:46.973563Z,explicit_enrichment_failure
std_5de5835e2be948a2bc9b8a8679040318,MU,Dell Called Out the Memory Chip Shortage. Micron Stock Shrugs.,https://finnhub.io/api/news?id=9acb9cfa57abbdd01129b242d71c149557e85169830fcb6e397e34bc406577d0,https://finance.yahoo.com/m/10b4e05f-5a07-377f-9bcf-a436b002445e/dell-called-out-the-memory.html,Yahoo,2026-09-02T14:42:00Z,2026-09-02T14:25:57.475628Z,141376306,124,failed,empty_extract,200,jina_reader_markdown,2026-09-02T17:33:46.972799Z,explicit_enrichment_failure
std_2e8323d3777a42a58f9f04db9252916f,META,"Warren Buffett's Successor, Greg Abel, Has Over 50% of Berkshire Hathaway's Portfolio Invested in These 3 Top Stocks",https://finnhub.io/api/news?id=1da85c9289142bc4c37c8ed3bb01d8b54c02c9159a0cd740a9c000781298042d,https://www.fool.com/investing/2026/09/02/warren-buffetts-successor-greg-abel-has-over-50-of/,Yahoo,2026-09-02T15:05:00Z,2026-09-02T14:25:33.036189Z,141376154,72,failed,timeout,429,jina_reader_markdown,2026-09-02T16:22:33.103028Z,explicit_enrichment_failure
std_b181ee1b7d8e477b8a0c915a9783a74c,INTC,Here's the biggest thing keeping AI stock investors up at night,https://finnhub.io/api/news?id=d47942c48c8ae238b890158a73fe2eee154b96d23a333824d3848311a82a37b8,https://finance.yahoo.com/markets/stocks/article/heres-the-biggest-thing-keeping-ai-stock-investors-up-at-night-095513638.html,Yahoo,2026-09-02T10:55:13Z,2026-09-02T14:25:01.380355Z,141376414,111,failed,source_summary_only,200,jina_reader_markdown,2026-09-02T16:25:23.674153Z,explicit_enrichment_failure
std_5870d6ae221443e1b6408916eca5b56c,INTC,"Cognitum One Expands Strategic Advisory Team with Six New Advisors Across Cloud, Product, Capital, AI Talent, Growth, and Healthcare",https://finnhub.io/api/news?id=0217b96913e3a4b3ff9858b2afbfa9835e065e4e682726429392a9a7aa165eb2,https://finance.yahoo.com/technology/ai/articles/cognitum-one-expands-strategic-advisory-133000140.html,Yahoo,2026-09-02T14:30:00Z,2026-09-02T14:25:01.324040Z,141376417,500,failed,timeout,429,jina_reader_markdown,2026-09-02T16:25:23.673642Z,explicit_enrichment_failure
std_2e108d0fbce742aa875f1dddd93dbca8,INTC,Why Is Nvidia Willing to Pay $14 Billion for Hugging Face?,https://finnhub.io/api/news?id=a049f77a3af76cc7c1d146da8b5814914db2b405b504802040b953934008d0c9,https://finance.yahoo.com/m/90c3c364-c7bc-3e50-aa37-6075c6388e55/why-is-nvidia-willing-to-pay.html,Yahoo,2026-09-02T15:02:00Z,2026-09-02T14:25:01.254669Z,141376157,135,failed,source_summary_only,200,jina_reader_markdown,2026-09-02T16:25:23.672807Z,explicit_enrichment_failure
std_b3b025d7be804fc39553cd4d8dfc9c79,INTC,AMD: The Next $1 Trillion Company,https://finnhub.io/api/news?id=fa2a758e6ea7a9ffcac8b7d2366c503df30c085cdc2905cabe21174e15ee2b67,https://seekingalpha.com/article/4942398-amd-the-next-1-trillion-company,SeekingAlpha,2026-09-02T09:44:25Z,2026-09-02T14:00:38.160603Z,141376074,154,failed,empty_extract,200,jina_reader_markdown,2026-09-02T16:25:23.674576Z,explicit_enrichment_failure
std_c92db1143f434b29acc4b37c5d5945a5,META,Solar Power Purchase Contracts Dominate First Half Of 2026,https://finnhub.io/api/news?id=12b56c2544e78ad4107be332cda8c5981e000ea63d2beda30798652b025ebbfb,https://seekingalpha.com/article/4942330-solar-power-purchase-contracts-dominate-first-half-of-2026,SeekingAlpha,2026-09-02T05:00:00Z,2026-09-02T09:21:07.831862Z,141375066,173,failed,empty_extract,200,jina_reader_markdown,2026-09-02T12:10:53.770433Z,explicit_enrichment_failure
std_0f9caf8958634f7e86b6764d7b2b7d80,MU,"Micron Stock Drops as Nearly 10,000 Taiwan Workers Push for Strike",https://finnhub.io/api/news?id=be986cf88cb9c75a40a54d8390de19aced069b30c30465646c6f1e78de0f59d9,https://finance.yahoo.com/markets/stocks/articles/micron-stock-drops-nearly-10-202521384.html,Yahoo,2026-09-01T21:25:21Z,2026-09-02T03:08:05.711441Z,141372985,74,failed,source_summary_only,200,jina_reader_markdown,2026-09-02T14:01:09.548966Z,explicit_enrichment_failure
std_b42bc1345f6d4d8e9138ef68eefc1b0c,MU,"Stock Market Today: Nasdaq Ends Lower As Oil Prices Top $90; Micron, Nvidia Shares Wrapped in Red",https://finnhub.io/api/news?id=ba4f199fd80d2a22bbae5c9c4ab511f42ad9f66192efbb4fd025f9306e118430,https://finance.yahoo.com/m/01f4a532-05e7-3571-8eb1-b7afa3f67969/stock-market-today:-nasdaq.html,Yahoo,2026-09-01T21:46:52Z,2026-09-02T03:08:05.685947Z,141372984,128,failed,source_summary_only,200,jina_reader_markdown,2026-09-02T14:01:09.548592Z,explicit_enrichment_failure
std_15184b3ecd80440097af52a49b3205de,MU,The 3 Best Artificial Intelligence (AI) Stocks for September,https://finnhub.io/api/news?id=04d9bda988e6249f35bfc2bdcc5c7016f3a0aabfb9fd325e7bd6b651220cd01c,https://www.fool.com/investing/2026/09/01/the-3-best-artificial-intelligence-ai-stocks-for-s/,Yahoo,2026-09-02T02:27:00Z,2026-09-02T03:08:05.659364Z,141372865,55,failed,timeout,429,jina_reader_markdown,2026-09-02T14:01:09.548151Z,explicit_enrichment_failure
std_a215486b81e54cfbaec55744c3ba9bb9,META,Western Union (WU) Faces AUSTRAC Probe As Fair Value Debate Returns,https://finnhub.io/api/news?id=ce71c69168fb1f69d339b58c071fe2f468870d1fdca1771ddd0c16e890a99c73,https://finance.yahoo.com/markets/stocks/articles/western-union-wu-faces-austrac-021220130.html,Yahoo,2026-09-02T03:12:20Z,2026-09-02T03:07:12.760671Z,141372966,496,failed,source_summary_only,200,jina_reader_markdown,2026-09-02T12:10:53.771302Z,explicit_enrichment_failure
std_3d8aa944310f440881bee6c077a8b2d9,META,MGIC Investment (MTG) Stock Looks Fairly Valued At Current Levels,https://finnhub.io/api/news?id=42fa3e407771e43ca4d4d6754b8b6583c25fb044fa517d18b9e6ce83887ad48d,https://finance.yahoo.com/markets/stocks/articles/mgic-investment-mtg-stock-looks-021220574.html,Yahoo,2026-09-02T03:12:20Z,2026-09-02T03:07:12.735579Z,141372967,491,failed,source_summary_only,200,jina_reader_markdown,2026-09-02T12:10:53.771683Z,explicit_enrichment_failure
std_398d0270788c4ff4abb5ac2636922046,META,"OCBC, Visa and Doxa deploy Singapore's first deep-tier financing solution to strengthen cashflow for the construction sector",https://finnhub.io/api/news?id=5fd35a31e9bc2e8c59d5e0d0aec1f7fa30a1bc864fc3309a8909ae833bcd5af7,https://finance.yahoo.com/small-business/articles/ocbc-visa-doxa-deploy-singapores-023000581.html,Yahoo,2026-09-02T03:30:00Z,2026-09-02T03:07:12.702518Z,141372965,238,failed,source_summary_only,200,jina_reader_markdown,2026-09-02T12:10:53.770868Z,explicit_enrichment_failure
std_1655c4643112458f87f14b45cd660524,META,Why Meta’s $18B settlement may hit YouTube harder,https://finnhub.io/api/news?id=f0a670a390682f7e9117c844bab44c6293fe4a7d682fb8fb58215243476cd4de,https://www.thestreet.com/latest-news/meta-18-billion-settlement-youtube-teen-engagement-social-media,Yahoo,2026-09-01T15:07:00Z,2026-09-01T14:48:14.942953Z,141360736,82,failed,empty_extract,200,jina_reader_markdown,2026-09-01T17:32:24.623218Z,explicit_enrichment_failure
std_a67407ad33e848f8afe131757f7455fe,MU,10 Information Technology Stocks Whale Activity In Today’s Session,https://finnhub.io/api/news?id=fb575e87af9b8cbb3b728c43f2d9c449c0c414b37b1810b534ad42f0fff78134,https://finnhub.io/api/news?id=fb575e87af9b8cbb3b728c43f2d9c449c0c414b37b1810b534ad42f0fff78134,Benzinga,2026-08-31T13:35:48Z,2026-08-31T19:21:14.405044Z,141356327,219,failed,timeout,,curl_cffi_trafilatura,2026-08-31T20:42:35.971390Z,explicit_enrichment_failure
std_486e70a6021c49d8a2b22e80fbfe8e89,MU,Micron Technology: The Center Of Gravity For The Memory Supercycle,https://finnhub.io/api/news?id=fd730bf8518f7b01b93c3c35f61ed2fefc7198400e8ce5a565138c469df4129a,https://finnhub.io/api/news?id=fd730bf8518f7b01b93c3c35f61ed2fefc7198400e8ce5a565138c469df4129a,SeekingAlpha,2026-08-31T14:17:40Z,2026-08-31T18:32:17.814287Z,141356000,152,failed,timeout,,curl_cffi_trafilatura,2026-08-31T20:42:35.970958Z,explicit_enrichment_failure
std_6de9ed64336a4d02b2f4877a9c636b4a,MU,Elon Musk Says 'Riptide Is Already Underway' as Cathie Wood Bets on Double-Digit US Growth Fueled by AI,https://finnhub.io/api/news?id=55903dd2639fee5f932018b5d7d13e7437cfc3733c3141e38309f038a71d4b33,https://www.benzinga.com/markets/tech/26/08/61514347/elon-musk-riptide-cathie-wood-ai-us-growth,Benzinga,2026-08-31T03:23:23Z,2026-08-31T15:42:46.154042Z,141355278,124,failed,http_403,403,jina_reader_markdown,2026-08-31T15:42:50.341367Z,explicit_enrichment_failure
std_0a8695aaa2c848f1874e0ba15164ae0c,MU,MU and SNDK are ‘Just Unbelievable’ Bargains as Mizuho Reiterates Bullish Stance on Memory Stocks,https://finnhub.io/api/news?id=ede8a9a770f7855e4670112b452815f947a4ffbd06c984e5db836d5829004bc9,https://www.benzinga.com/markets/equities/26/08/61519453/mu-and-sndk-are-just-unbelievable-bargains-as-mizuho-reiterates-bullish-stance-on-memory-stocks,Benzinga,2026-08-31T08:36:58Z,2026-08-31T15:42:46.116433Z,141355267,139,failed,http_403,403,jina_reader_markdown,2026-08-31T15:42:50.340943Z,explicit_enrichment_failure
std_f9401b12abbd48e186e0fe33dce7dafb,MU,"SK Hynix, Micron Lead A New ETF That Targets Memory, Photonics",https://finnhub.io/api/news?id=6dbf92df9be7c218c265890a1c26bce152f49d8c639cbfb54644ae389de76345,https://www.benzinga.com/etfs/new-etfs/26/08/61520022/sk-hynix-micron-new-etf-memory-photonics,Benzinga,2026-08-31T08:58:06Z,2026-08-31T15:42:46.089898Z,141355266,131,failed,http_403,403,jina_reader_markdown,2026-08-31T15:42:50.340484Z,explicit_enrichment_failure
std_76a4eddb845c498eb503467ec0479d4a,MU,Soaring AI Memory Demand Positions Micron for Massive Year-Over-Year Earnings Growth,https://finnhub.io/api/news?id=36862c0a89a081182b6ea5e31f45fa28062a5acb07243e7fad2e22b9b1fb7ea1,https://www.benzinga.com/markets/tech/26/08/61520705/soaring-ai-memory-demand-positions-micron-for-massive-year-over-year-earnings-growth,Benzinga,2026-08-31T09:18:57Z,2026-08-31T15:42:46.063465Z,141355272,143,failed,http_403,403,jina_reader_markdown,2026-08-31T15:42:50.339625Z,explicit_enrichment_failure
std_e598e831e70c4665a559e8bd2cb91ff4,META,Two Tech Stocks Take The Season,https://finnhub.io/api/news?id=d3e222c8d53d06eaa41a882f4a3c9974ce47502133ed8c290135535a9e377606,https://seekingalpha.com/article/4941417-two-tech-stocks-take-season,SeekingAlpha,2026-08-30T00:30:00Z,2026-08-30T04:50:29.189298Z,141346912,102,failed,incomplete_extract,200,jina_reader_markdown,2026-09-01T13:30:02.515308Z,explicit_enrichment_failure
std_82f054aa8de844dd971c19ea1f098b0c,MU,Broadcom Stock Faces Valuation Test as Fiscal Q3 Earnings Approach,https://finnhub.io/api/news?id=57465e6b570887927c69c198fa50b0fec911d3b237cc3b4a0007f20fa1eb78e1,https://www.benzinga.com/markets/equities/26/08/61511448/broadcom-stock-faces-valuation-test-as-fiscal-q3-earnings-approach,Benzinga,2026-08-29T18:15:09Z,2026-08-29T23:31:13.987377Z,141345947,135,failed,http_403,403,jina_reader_markdown,2026-08-31T15:42:50.341681Z,explicit_enrichment_failure
std_9bfbd07fb79a4daea92832a0575f5b71,META,Watch CNBC's full interview with California AG Rob Bonta,https://finnhub.io/api/news?id=2bcbee86e12c43f0fb72a0e3f1fc9a28f46edd1af5fbaa258e8500cdb7a69064,https://www.cnbc.com/video/2026/08/27/watch-cnbcs-full-interview-with-california-ag-rob-bonta.html,CNBC,2026-08-27T10:28:05Z,2026-08-27T17:33:57.704911Z,141331290,308,failed,unsupported_media,200,trafilatura,2026-08-28T15:23:09.061507Z,explicit_enrichment_failure
std_c22265a59e8947bdbe20423556dff10d,META,ETJ: Very High Tech Exposure Could Be A Risk,https://finnhub.io/api/news?id=c04386acd520e450ecbc6ba427b8cd3bb701cde71cd2850ba4460d9c584f7560,https://seekingalpha.com/article/4940933-etj-very-high-tech-exposure-could-be-risk,SeekingAlpha,2026-08-27T12:47:06Z,2026-08-27T17:13:58.758698Z,141331064,167,failed,incomplete_extract,200,jina_reader_markdown,2026-08-28T15:23:09.060027Z,explicit_enrichment_failure
std_47783023e571449b80de868e591cc20f,META,"""Meta Took Aim At Anthropic. It Is Also One Of Its Largest Customers; The Social Networking Giant Projected It Could Spend $10 Billion Annually On Anthropic’s Tools, Illustrating The Friend-foe Relationships Underlying The A.I. Race."" - NY Times Exclusive",https://finnhub.io/api/news?id=62443a01291992ee1aa02a33af11edb37dc82f84ddfb4c2f238f3b9a8cdb8177,https://www.benzinga.com/news/26/08/61465059/meta-took-aim-anthropic-it-also-one-its-largest-customers-social-networking-giant-projected-it-could,Benzinga,2026-08-27T10:08:12Z,2026-08-27T15:32:31.766292Z,141330550,75,failed,timeout,403,jina_reader_markdown,2026-08-27T17:00:37.466155Z,explicit_enrichment_failure
std_58f3c774ccc746db8cd993882d693acc,META,AI Bubble Alert: The Rubber Hits The Road In 2027,https://finnhub.io/api/news?id=f6018372a73257397902f83f94ec08db28d77e3e15820591182a0a76c1a5bcab,https://seekingalpha.com/article/4940467-ai-bubble-alert-rubber-hits-road-in-2027,SeekingAlpha,2026-08-26T13:56:01Z,2026-08-26T18:10:26.817958Z,141324141,151,failed,incomplete_extract,200,jina_reader_markdown,2026-08-27T17:00:37.468094Z,explicit_enrichment_failure
std_6bf79735d04741e6bc9fe2bd3e8ab314,META,"Q2 Earnings Season Confirmed The AI Infrastructure Thesis, And Revealed What May Come Next",https://finnhub.io/api/news?id=3043a64782e861938741cf46a220a3d6180567fd623cc1f61989a61fc51d4f93,https://seekingalpha.com/article/4940423-q2-earnings-season-confirmed-ai-infrastructure-thesis-revealed-what-may-come-next,SeekingAlpha,2026-08-26T11:20:00Z,2026-08-26T15:41:56.873078Z,141323290,186,failed,empty_extract,200,jina_reader_markdown,2026-08-26T15:53:04.420566Z,explicit_enrichment_failure
std_1b51fa9f40d9403097ee6f321930c4e3,MU,AI Semiconductor Chips Vs. Software Stocks: Understanding Cyclicality And Disruption,https://finnhub.io/api/news?id=be982ebc4a89a5a9360ce887cc0bb555e3d0c48ed10a27a2b0c301e97e2dc1a9,https://seekingalpha.com/article/4940102-ai-semiconductor-chips-vs-software-stocks-understanding-cyclicality-and-disruption,SeekingAlpha,2026-08-25T15:32:48Z,2026-08-25T19:51:47.111951Z,141317901,160,failed,empty_extract,200,jina_reader_markdown,2026-08-28T16:12:32.773330Z,explicit_enrichment_failure
std_c2fe281924d64139868ab30e14932a59,META,Seeking And Finding Data Center Clarity: The AI Trade And The Economy (Video),https://finnhub.io/api/news?id=83dd865c525020fe5df0907bb850f6f2493ba32e01162770b91820599548fa60,https://seekingalpha.com/article/4940104-seeking-and-finding-data-center-clarity-the-ai-trade-and-the-economy-video,SeekingAlpha,2026-08-25T15:36:48Z,2026-08-25T19:51:32.677971Z,141317899,154,failed,timeout,200,jina_reader_markdown,2026-08-25T19:51:55.146465Z,explicit_enrichment_failure
std_21863a9c0d7e4c7b878d89a39da0a62c,MU,S&P 500 Earnings Growth Overstated And Bifurcated,https://finnhub.io/api/news?id=42d9a7113f1655a274f2dec825fe848131dba114b7685b01a9c3cd5dfdd1fcb2,https://seekingalpha.com/article/4940054-sp500-earnings-growth-overstated-and-bifurcated,SeekingAlpha,2026-08-25T13:23:35Z,2026-08-25T17:41:04.119523Z,141317273,120,failed,incomplete_extract,200,jina_reader_markdown,2026-08-27T17:34:07.607503Z,explicit_enrichment_failure
std_ff7a0086df034a75ba2d9e0a9839ce62,MU,SanDisk Stock Climbs As NAND Optimism Lifts Memory Stocks,https://finnhub.io/api/news?id=fa4f67d64a87eb5a7b543d3e65b220cc7f6419b41df90d26591b264d4ef96a89,https://www.benzinga.com/markets/tech/26/08/61409215/sandisk-stock-climbs-as-nand-optimism-lifts-memory-stocks,Benzinga,2026-08-25T09:58:02Z,2026-08-25T17:33:33.320467Z,141317215,121,failed,timeout,403,jina_reader_markdown,2026-08-25T17:33:46.194078Z,explicit_enrichment_failure
std_84aa0e4ddc8c4ac99f309d9416233015,INTC,Smartkem shares are trading lower. The company announced a non-binding letter of intent to acquire all outstanding shares of Carbonium Core in exchange for shares of Smartkem Series B Convertible Preferred Stock.,https://finnhub.io/api/news?id=28a0b1d17e9f4125a0a962072507893cab5497146ee4fa9163f537a2140b0c0d,,Benzinga,2026-08-24T15:40:04Z,2026-08-24T20:52:04.293723Z,139960974,0,not_recorded,empty_body,,,,empty_body
std_571195c8f4bb45ddb80836b32963154d,INTC,"Nordson: AI Chip Tailwinds Drive Durable Growth, But This Is Priced For Perfection",https://finnhub.io/api/news?id=66adfcb169433da360f70489b5d6ca018e5fbe02d3d7cf33c37b252161cbff9b,https://seekingalpha.com/article/4939747-nordson-ai-chip-tailwinds-drive-durable-growth-but-this-is-priced-for-perfection,SeekingAlpha,2026-08-24T16:10:44Z,2026-08-24T20:31:19.225151Z,141310921,163,failed,incomplete_extract,200,jina_reader_markdown,2026-08-25T15:45:34.728171Z,explicit_enrichment_failure
std_f948ec9d6fe148a4b10880073b4353a8,INTC,Perplexity Deal Highlights a Pattern in Nvidia's AI Investments,https://finnhub.io/api/news?id=3193b80d04aa71d35afab754365cdc08b9a97d0cf059339394728e450ad75f24,https://www.benzinga.com/trading-ideas/long-ideas/26/08/61383040/nvidia-perplexity-investment-ai-strategy,Benzinga,2026-08-24T10:02:51Z,2026-08-24T18:52:10.355965Z,141310361,144,failed,timeout,403,jina_reader_markdown,2026-08-24T19:41:20.004195Z,explicit_enrichment_failure
std_341f2dfca9fb48279a9c826d38b2be13,INTC,10 Information Technology Stocks Whale Activity In Today’s Session,https://www.benzinga.com/markets/options/26/08/61391268/10-information-technology-stocks-whale-activity-today-s-session,https://www.benzinga.com/markets/options/26/08/61391268/10-information-technology-stocks-whale-activity-today-s-session,Benzinga,2026-08-24T13:35:24Z,2026-08-24T18:03:15.468323Z,141310013,6582,failed,incomplete_extract,200,jina_reader_markdown,2026-08-24T19:41:20.002326Z,explicit_enrichment_failure
std_b5586508c7f14c7689d1fa7fa6884c64,META,Jim Cramer Was Left Impressed By Microsoft Corporation (NASDAQ:MSFT)’s Conference Call,https://finnhub.io/api/news?id=7083951e64a9310414ff990033d6d12f00c34202766dfae9446f8868372a7a5b,https://finance.yahoo.com/markets/stocks/articles/jim-cramer-left-impressed-microsoft-235426446.html,Yahoo,2026-08-23T00:54:26Z,2026-08-23T18:34:09.817407Z,141302559,355,failed,empty_extract,200,jina_reader_markdown,2026-08-25T18:07:49.467535Z,explicit_enrichment_failure
std_1782d84258904e02979833cc39868d9d,INTC,What Moved Markets This Week,https://seekingalpha.com/article/4939346-what-moved-markets-this-week,https://seekingalpha.com/article/4939346-what-moved-markets-this-week,SeekingAlpha,2026-08-22T07:12:41Z,2026-08-22T11:30:52.090478Z,141277722,4292,failed,incomplete_extract,200,jina_reader_markdown,2026-08-24T18:03:24.272355Z,explicit_enrichment_failure
std_2f1105f2e7c24c3e952ee795479872fc,MU,Micron’s $50 billion buildout in its hometown of Boise is minting millionaires,https://finnhub.io/api/news?id=a2d333c7a07923285a29c54e70eec75cefbab922f98568bf955776f19ed19a12,https://www.cnbc.com/video/2026/08/20/microns-50-billion-ai-chip-buildout-in-boise-is-minting-millionaires.html,CNBC,2026-08-20T06:59:01Z,2026-08-21T13:25:00.686349Z,141262647,491,failed,unsupported_media,200,trafilatura,2026-08-21T16:21:45.045509Z,explicit_enrichment_failure
std_89a83233c1e24243887dfb7754880f66,MU,"Micron CEO: Memory is no longer a component in a system, it’s strategic infrastructure for AI",https://finnhub.io/api/news?id=52e802ad39f665973b27632c91a250563558d3a489ab2034702ffe5dbc5b813a,https://www.cnbc.com/video/2026/08/20/micron-ceo-memory-is-no-longer-a-component-in-a-system-its-strategic-infrastructure-for-ai.html,CNBC,2026-08-20T09:55:15Z,2026-08-21T13:25:00.621350Z,141262645,173,failed,unsupported_media,200,trafilatura,2026-08-21T16:21:45.044422Z,explicit_enrichment_failure
std_c41ee11dcbca4cb1bbc1f7b3598c8017,META,Meta Thinks Outside The Box With Memory,https://finnhub.io/api/news?id=ccc06d31b06b868713cb2b564c749ada8b94f4337f4f90ccfeb3ec5836ac2867,,SeekingAlpha,2026-08-21T02:27:24Z,2026-08-21T13:24:56.990533Z,141268345,0,not_recorded,empty_body,,,,empty_body
std_e5c90cc1e59147e2917ef8aa849eac2f,INTC,Amtech Systems shares are trading lower after the company reported worse-than-expected Q1 financial results.,https://finnhub.io/api/news?id=5fe19d8d82b011548d036955326e9eec94c792a8eb80183da6279cfc3441aa8f,,Benzinga,2026-08-19T15:23:44Z,2026-08-19T20:20:51.122791Z,139978089,0,not_recorded,empty_body,,,,empty_body
std_e2f04e17ab0c4cf1ae1f88bb529490aa,META,Deepwater’s Gene Munster: Meta could be set up for bigger lawsuits in the future,https://finnhub.io/api/news?id=6121bcebd31c676e384761f83c88ef7ad712f6a4404f4ba794cf693153f0757d,https://www.cnbc.com/video/2026/08/18/deepwateras-gene-munster-meta-could-be-set-up-for-bigger-lawsuits-in-the-future.html,CNBC,2026-08-18T15:52:34Z,2026-08-19T17:32:57.916184Z,141254547,164,failed,unsupported_media,200,trafilatura,2026-08-19T17:33:01.644827Z,explicit_enrichment_failure
std_bf68831d3b4c4e99b5d641d1e6b5412c,META,Meta's child safety trial kicks off,https://finnhub.io/api/news?id=5b5f46e844ec5ff3af0b074273334cb8e8499d9ab0099cd92d19437003966c6b,https://www.cnbc.com/video/2026/08/18/metas-child-safety-trial-kicks-off.html,CNBC,2026-08-18T17:40:59Z,2026-08-19T17:32:57.880808Z,141254546,112,failed,unsupported_media,200,trafilatura,2026-08-19T17:33:01.644336Z,explicit_enrichment_failure
std_34e5d3bf80f046fe8bb41780b2910f72,META,The business model of social media is at stake in Meta trial: Vanderbilt's Rebecca Haw Allensworth,https://finnhub.io/api/news?id=d8cee9a16c5f7c4549fe5b6eb1749be77671a6003810b4396a0c1804796221c6,https://www.cnbc.com/video/2026/08/19/the-business-model-of-social-media-is-at-stake-in-meta-trial-vanderbilts-rebecca-haw-allensworth.html,CNBC,2026-08-19T07:40:18Z,2026-08-19T17:32:57.808394Z,141254544,197,failed,unsupported_media,200,trafilatura,2026-08-19T17:33:01.642277Z,explicit_enrichment_failure
std_6509f5756a344514bf7cf281fd466b6e,INTC,Gov’t stakes in private companies mean a less dynamic U.S. economy in the long term: Scott Lincicome,https://finnhub.io/api/news?id=7d9239f3225b9c9ce71feeee64e348b5bd31d52d64ce9e2a2e4aa8d443a5d884,https://www.cnbc.com/video/2026/08/19/govat-stakes-in-private-companies-mean-a-less-dynamic-u-s-economy-in-the-long-term-scott-lincicome.html,CNBC,2026-08-19T08:16:51Z,2026-08-19T17:32:30.485714Z,141254561,220,failed,unsupported_media,200,trafilatura,2026-08-19T19:24:30.818056Z,explicit_enrichment_failure
std_c953b954852340c5aed0ad36695ad487,META,AI Utilization May Be The Next Driver Of Growth,https://finnhub.io/api/news?id=4d2d5bcd7f640b2e20b026df63f0801731062a4dd7031dc67029e970601b4e97,https://seekingalpha.com/article/4937942-ai-utilization-may-be-the-next-driver-of-growth,SeekingAlpha,2026-08-18T17:41:38Z,2026-08-18T22:01:07.368545Z,141249056,150,failed,empty_extract,200,jina_reader_markdown,2026-08-19T17:33:01.643888Z,explicit_enrichment_failure
std_0accc0852ae84fe390cc5b465cb7e656,META,XLC: Alphabet And Meta Just Keep Churning,https://finnhub.io/api/news?id=90836467a4e2ed96426dd09492f4bf24abf02bb02849dbc087d69bd04d2cfba1,https://seekingalpha.com/article/4937866-xlc-alphabet-and-meta-just-keep-churning,SeekingAlpha,2026-08-18T13:53:08Z,2026-08-18T18:11:31.734841Z,141247204,70,failed,incomplete_extract,200,jina_reader_markdown,2026-08-19T17:10:44.033495Z,explicit_enrichment_failure
std_920afe34cc73405eb255aa7ef7f100f1,META,Opening statements begin in landmark Meta trial,https://finnhub.io/api/news?id=e9369dc5b73c72314f5280f9ab40c4dc9b7c6faf57dbfbec0b1369c96dc56a99,https://www.cnbc.com/video/2026/08/18/opening-statements-begin-in-landmark-meta-trial.html,CNBC,2026-08-18T12:47:22Z,2026-08-18T17:31:59.014428Z,141246868,119,failed,unsupported_media,200,trafilatura,2026-08-19T17:10:44.033922Z,explicit_enrichment_failure
std_27a089c27cb44de8ae43e08efc78e65a,MU,"Opening Bell: August 18, 2026",https://finnhub.io/api/news?id=adb52033b8a560491cb1005ff926203b58fb1051e4f871fc646d35e8220d37c4,https://www.cnbc.com/video/2026/08/18/opening-bell-august-18-2026.html,CNBC,2026-08-18T09:44:02Z,2026-08-18T17:31:20.941686Z,141246886,97,failed,unsupported_media,200,trafilatura,2026-08-19T12:20:25.797096Z,explicit_enrichment_failure
std_b6685382ebed49769c6350d7b0774a78,INTC,"Connection Announces Partnership With Microsoft, Qualcomm, And OEM Partners To Launch Copilot+ PCs, A New Generation Of Windows-Based Devices For AI Workloads",https://finnhub.io/api/news?id=c085ce041287e2a5527a41b81085293c6acf02879a4a6f97b08300245dfb70f7,https://www.benzinga.com/quote/QCOM,Benzinga,2026-08-18T11:29:19Z,2026-08-18T16:02:02.032886Z,139931016,0,failed,timeout,403,jina_reader_markdown,2026-08-18T19:11:19.231621Z,explicit_enrichment_failure
std_5c5f89cb0b9848dd94dd60e44d10eee5,MU,Situational Awareness reveals public holdings as of Q2: Here's what to know,https://finnhub.io/api/news?id=f84bc59cd1970e4592a25f53c05c45d8d1ae0cd839bf72df7b9d01fcb4f566f4,https://www.cnbc.com/video/2026/08/17/situational-awareness-reveals-public-holdings-as-of-q2-heres-what-to-know.html,CNBC,2026-08-17T06:57:53Z,2026-08-17T17:34:11.287472Z,141238944,48,failed,unsupported_media,200,trafilatura,2026-08-19T12:20:25.797543Z,explicit_enrichment_failure
std_e8981c4b607d43d0a83436e6d6a2bba8,MU,'Fast Money' traders talk stock moves in Sandisk and Micron,https://finnhub.io/api/news?id=c7d48e750594639465cb413968f5685d90056751cf253e5c5b862d9df545968f,https://www.cnbc.com/video/2026/08/14/fast-money-traders-talk-stock-moves-in-sandisk-and-micron.html,CNBC,2026-08-14T17:38:05Z,2026-08-15T17:31:17.120052Z,141225604,91,failed,unsupported_media,200,trafilatura,2026-08-17T17:57:02.327227Z,explicit_enrichment_failure
std_a1d98de9896c443597e43e7dac74b88a,META,"Ex-Gemini, GPT-4o Researcher Jiahui Yu Leaves Meta To Found AI Startup; Said ""I’m leaving Meta to start a new company. Building the TBD Lab alongside Mark @finkd and Alex @alexandr_wang has been deeply inspiring and fulfilling. I’m proud of what our multimodal team accomplished across Muse Spark, Voice Mode, Muse Image, and Muse Video, and even prouder of the team that made it possible.""",https://www.benzinga.com/news/26/08/61215197/ex-gemini-gpt-4o-researcher-jiahui-yu-leaves-meta-found-ai-startup-said-i-m-leaving-meta-start-new-c,https://www.benzinga.com/news/26/08/61215197/ex-gemini-gpt-4o-researcher-jiahui-yu-leaves-meta-found-ai-startup-said-i-m-leaving-meta-start-new-c,Benzinga,2026-08-14T11:31:02Z,2026-08-14T18:02:11.889041Z,141217884,5663,failed,incomplete_extract,200,jina_reader_markdown,2026-08-17T17:38:34.747720Z,explicit_enrichment_failure
std_b91ff65d69574f41b9cb453b39da6923,META,Why Is Everyone Building Compute?,https://finnhub.io/api/news?id=77e05a309ee61562a9d28594361c0174ebd009902b7773f832693a2d7006cdc6,https://seekingalpha.com/article/4936886-why-is-everyone-building-compute,SeekingAlpha,2026-08-14T13:45:00Z,2026-08-14T18:02:11.766848Z,141217853,188,failed,empty_extract,200,jina_reader_markdown,2026-08-17T17:38:34.747144Z,explicit_enrichment_failure
std_58f92922d75f4a7b811249a7dfcd42da,MU,Trivariate Research’s Adam Parker: Micron will probably double over the next few years,https://finnhub.io/api/news?id=ef521f79b5f68e0f087a220b3224cb51008b146f77373350a02fa37c7151d9ac,https://www.cnbc.com/video/2026/08/14/trivariate-researchs-adam-parker-micron-will-probably-double-over-the-next-few-years.html,CNBC,2026-08-14T10:38:16Z,2026-08-14T17:32:33.531060Z,141217538,174,failed,unsupported_media,200,trafilatura,2026-08-17T17:57:02.327699Z,explicit_enrichment_failure
std_7ac8507eaea64707994ed668ecde43e0,META,Reddit (RDDT) Joins The S&P 500 In A Big Index Milestone,https://finnhub.io/api/news?id=c950ab288670e1c36c38dce0c3fc718d8bb30b2aa18ab0f5e576a9eaa9c5cbaf,https://finance.yahoo.com/markets/stocks/articles/reddit-rddt-joins-p-500-081308487.html,Yahoo,2026-08-14T08:13:08Z,2026-08-14T10:12:56.283040Z,141215494,499,failed,source_summary_only,200,jina_reader_markdown,2026-08-14T17:24:12.938989Z,explicit_enrichment_failure
std_b6c2b04d02184177b0ad9d24de9e0c66,META,The Bulls and Bears Are at Each Other’s Throats. Why the Bulls Have an Advantage.,https://finnhub.io/api/news?id=b5f2b15c59e2c6a5b9aa1eae02aa9871787026f1330c3c8a325c26b5ffacca68,https://finance.yahoo.com/m/3bbbfb41-645d-3db5-8487-e63337f6bd1b/the-bulls-and-bears-are-at.html,Yahoo,2026-08-14T05:30:00Z,2026-08-14T08:13:05.193378Z,141214989,127,failed,timeout,429,jina_reader_markdown,2026-08-14T16:10:39.689087Z,explicit_enrichment_failure
std_dce010be0c004921bb8211573b6925ab,META,Meta (META) Stock Could Be 37% Undervalued On Teen Safety Ruling,https://finnhub.io/api/news?id=1ad12866ea888cef137383f9f04ed89e6b672d6fc4edc08e1e883c4e8cec87d3,https://finance.yahoo.com/markets/stocks/articles/meta-meta-stock-could-37-071223724.html,Yahoo,2026-08-14T07:12:23Z,2026-08-14T08:13:05.149442Z,141215018,497,failed,source_summary_only,200,jina_reader_markdown,2026-08-14T16:10:39.688607Z,explicit_enrichment_failure
std_e7275632f5c34963b8f101702bb7f031,MU,Alphabet and Amazon Are Spending $420 Billion on Infrastructure. These 2 Stocks Are Primed to Cash in on It.,https://finnhub.io/api/news?id=a9294718beb21c0f1df13faa453c3a2ce27e75fecb005673b45478f2253ac813,https://www.fool.com/investing/2026/08/14/alphabet-and-amazon-are-spending-420-billion-on-in/,Yahoo,2026-08-14T07:20:00Z,2026-08-14T08:12:14.699107Z,141214981,66,failed,timeout,429,jina_reader_markdown,2026-08-14T18:42:15.262098Z,explicit_enrichment_failure
std_82cfec62e1dc4fd7b11da3d8e2fec813,INTC,The Bull Market Is Almost Back for Chip Stocks,https://finnhub.io/api/news?id=440c3cea64045e87ceffe228cbf5e06d724e0a50a10de76f99a741252b5169eb,https://www.investopedia.com/the-bull-market-is-almost-back-for-chip-stocks-12059583,Yahoo,2026-08-13T20:55:54Z,2026-08-14T00:16:56.631827Z,141210932,181,failed,http_403,403,curl_cffi_trafilatura,2026-08-14T20:47:17.672221Z,explicit_enrichment_failure
std_7844e556566c4e02b4efccd93ccbb96c,INTC,Why Intel Is Wise to Issue $20 Billion in Stock Right Now,https://finnhub.io/api/news?id=9edfaa9c1eaaa99e96821e6bd32aedf1072d72d880224161c576d68d4a72b407,https://www.fool.com/investing/2026/08/13/why-intel-wise-issue-20-billion-stock-rig/,Yahoo,2026-08-13T20:35:00Z,2026-08-13T22:15:23.066165Z,141210856,93,failed,incomplete_extract,200,jina_reader_markdown,2026-08-14T20:47:17.672650Z,explicit_enrichment_failure
std_1e7e7e69dc034bcba878c8f91680be3b,INTC,SK Hynix Is Surging. Here’s How ETF Traders Are Playing the AI Memory Boom,https://finnhub.io/api/news?id=fc247e13eab858b6a2d3b01ca97792e18964750acd254bbbf33f21c4883d97d2,https://www.benzinga.com/etfs/specialty-etfs/26/08/61193424/sk-hynix-is-surging-heres-how-etf-traders-are-playing-the-ai-memory-boom,Benzinga,2026-08-13T16:16:12Z,2026-08-13T20:41:34.855912Z,141209898,135,failed,timeout,403,jina_reader_markdown,2026-08-13T20:41:57.209952Z,explicit_enrichment_failure
std_070cc007ccf8484e843f346ccaeeb7f1,META,Nvidia Rallies 7% as Goldman Warns Earnings Bar Is High,https://finnhub.io/api/news?id=4136a4be5d63d394bd302f15c4b40dd2f32ea15387a6bf1fd6f93ecba1b90f8e,https://finance.yahoo.com/markets/stocks/articles/nvidia-rallies-7-goldman-warns-191738175.html,Yahoo,2026-08-13T19:17:38Z,2026-08-13T20:14:45.595190Z,141209283,42,failed,source_summary_only,200,jina_reader_markdown,2026-08-13T20:14:50.198086Z,explicit_enrichment_failure
std_ff9cb88244eb49a292efec029d34e515,META,"Meta Removes 756,000 Teen Accounts in Australia",https://finnhub.io/api/news?id=666f9d2d7a5e16e1dc1048b3fb79fc9186a2ae4adfdab8310aaeaa21e158371d,https://finance.yahoo.com/technology/articles/meta-removes-756-000-teen-191828030.html,Yahoo,2026-08-13T19:18:28Z,2026-08-13T20:14:45.562534Z,141209347,65,failed,source_summary_only,200,jina_reader_markdown,2026-08-13T20:14:50.197717Z,explicit_enrichment_failure
std_fd8162a0f51e4048a5004b741979d62b,META,"Meta Stock Rises While 756,000 Teen Accounts Come Down",https://finnhub.io/api/news?id=4837f5b2e921c216109d372102300dbf71b826c7fcebd50061abca83af0fb3b4,https://finance.yahoo.com/markets/stocks/articles/meta-stock-rises-while-756-192051221.html,Yahoo,2026-08-13T19:20:51Z,2026-08-13T20:14:45.539189Z,141209346,155,failed,source_summary_only,200,jina_reader_markdown,2026-08-13T20:14:50.196857Z,explicit_enrichment_failure
std_34a5e84af2804e238186b4a7fb73b6ce,INTC,Intel Stock Jumps as Bank of America Sees Bigger CPU Market,https://finnhub.io/api/news?id=956eaff712938785b1bf441f8d4a23fd997ec4649ae35ca48ae3658aff488df6,https://finance.yahoo.com/markets/stocks/articles/intel-stock-jumps-bank-america-181723676.html,Yahoo,2026-08-13T18:17:23Z,2026-08-13T20:13:43.530568Z,141209410,69,failed,timeout,429,jina_reader_markdown,2026-08-13T20:41:57.207762Z,explicit_enrichment_failure
std_cace777c0c434c6dbaae6ac134653a3b,MU,Why the Dow Is Dropping but the S&P 500 Is at a Record High,https://finnhub.io/api/news?id=13ed8f14430de42ed388ddcf31e2978dd8ba8517a2617003076b8687e3239585,https://finance.yahoo.com/m/3d97d735-3e79-33c9-8955-254e11bb6604/why-the-dow-is-dropping-but.html,Yahoo,2026-08-13T16:27:00Z,2026-08-13T18:16:09.668923Z,141207919,263,failed,source_summary_only,200,trafilatura,2026-08-13T20:01:21.799068Z,explicit_enrichment_failure
std_30c5a17228eb4aafa8be68262e8a60f1,MU,"Sandisk Stock Jumps On Bullish Outlook, Leads Memory Names Higher",https://finnhub.io/api/news?id=b25d9cfbffa31545a78b0b39515c6d944b5fb2f7322761e0ff8c073a94eadd23,https://finance.yahoo.com/m/d66ff9b4-c61c-3ac0-a79e-d3ff45f10fec/sandisk-stock-jumps-on.html,Yahoo,2026-08-13T16:43:13Z,2026-08-13T18:16:09.637582Z,141207918,116,failed,source_summary_only,200,trafilatura,2026-08-13T20:01:21.798662Z,explicit_enrichment_failure
std_9ed16601654a4052ad120bd4e4727903,MU,Micron Faces a New Burry Bet as China Memory Pressure Builds,https://finnhub.io/api/news?id=510946f7fea8802a08dddd0f708a398b45e5c72121abe1a60748d00b745381cc,https://finance.yahoo.com/markets/stocks/articles/micron-faces-burry-bet-china-165751045.html,Yahoo,2026-08-13T16:57:51Z,2026-08-13T18:16:09.564796Z,141207915,47,failed,empty_extract,200,jina_reader_markdown,2026-08-13T20:01:21.797704Z,explicit_enrichment_failure
std_be49059099ef4ed193bc695db0ceb397,MU,Stock Market Today: Nasdaq 100 Leads Upside; Sellers Yank Coach Bag Firm Lower (Live Coverage),https://finnhub.io/api/news?id=41b748014f7fc8ec34477f50d9e761891b9d42dc250f401312b1a50426ca1857,https://finance.yahoo.com/m/a86837ac-df8a-3747-8923-5f2f47063c11/stock-market-today:-nasdaq.html,Yahoo,2026-08-13T17:56:26Z,2026-08-13T18:16:09.529657Z,141207913,137,failed,empty_extract,200,jina_reader_markdown,2026-08-13T20:01:21.796813Z,explicit_enrichment_failure
std_30923661cf2b403199eb966fe49dc36c,INTC,Intel's $20 billion stock sale has surprising upside,https://finnhub.io/api/news?id=a281a6ccee3bdec1428af68329cd533e65b347e0291c1df7f07ad7c7d04cae52,https://www.thestreet.com/investing/stocks/intel-intc-stock-offering-bofa-analysis,Yahoo,2026-08-13T16:33:00Z,2026-08-13T18:14:53.819099Z,141207964,296,failed,empty_extract,200,jina_reader_markdown,2026-08-13T20:41:57.209530Z,explicit_enrichment_failure
std_9eae88b9fefc46419227e34df7a42c9d,INTC,The Numbers Get Larger and Larger: Inside the AI Financing Scramble,https://finnhub.io/api/news?id=2057776cf3bec3ce61e438d1ba9189777df50c4adb70a427ea9af0a97f84130b,https://finance.yahoo.com/m/e6273129-b1c4-3c91-b8de-df13d5a8aa2e/the-numbers-get-larger-and.html,Yahoo,2026-08-13T16:51:00Z,2026-08-13T18:14:53.784155Z,141207880,114,failed,source_summary_only,200,trafilatura,2026-08-13T20:41:57.209078Z,explicit_enrichment_failure
std_55baae7461e9450da1f84ce25c748c1a,INTC,BofA Reveals Its AI Stocks To Buy List,https://finnhub.io/api/news?id=f0ab7cc8a184275199ec78fcaeb8b01909d5b43b5fecf585f4a98a3c27e3e611,https://finance.yahoo.com/technology/ai/articles/bofa-reveals-ai-stocks-buy-170300116.html,Yahoo,2026-08-13T17:03:00Z,2026-08-13T18:14:53.762327Z,141207938,62,failed,source_summary_only,200,jina_reader_markdown,2026-08-13T20:41:57.208591Z,explicit_enrichment_failure
std_194129c0249c417385a09a71640e2c00,MU,Micron Technology (MU): A Clear Beneficiary of the AI Infrastructure Buildout?,https://finnhub.io/api/news?id=7235d125f68f31868ed920ea0e9a8d0cbff99a276c5cda896fc9313507999974,https://finance.yahoo.com/technology/ai/articles/micron-technology-mu-clear-beneficiary-134458056.html,Yahoo,2026-08-13T13:44:58Z,2026-08-13T16:16:05.742232Z,141206470,372,failed,source_summary_only,200,jina_reader_markdown,2026-08-13T17:06:42.563781Z,explicit_enrichment_failure
std_2c30be4cbcbe4e9ba86dfbaaeecffa40,MU,Can Micron's AI Memory Focus Help It Outpace SK Hynix and Sandisk?,https://finnhub.io/api/news?id=86ff0baab85dff886e30fdf3f5e15865ce74614812c0ae0c4444fd7306ea1e9d,https://finance.yahoo.com/technology/ai/articles/microns-ai-memory-focus-help-142800449.html,Yahoo,2026-08-13T14:28:00Z,2026-08-13T16:16:05.686923Z,141206473,135,failed,empty_extract,200,jina_reader_markdown,2026-08-13T17:06:42.562835Z,explicit_enrichment_failure
std_3e3a1afa0b0f428bb07ee26f83c619a0,MU,Micron Stock Keeps Rallying. Watch Out for This New Memory-Chip Rival.,https://finnhub.io/api/news?id=31c6d9b88cb9b092ce144d37d6790e0180c490ea744d0c31b6d4e807dafa7ac8,https://finance.yahoo.com/m/c762d1cb-0ef2-378c-b69a-2766d2b14cf8/micron-stock-keeps-rallying..html,Yahoo,2026-08-13T15:28:00Z,2026-08-13T16:16:05.650648Z,141206469,109,failed,source_summary_only,200,jina_reader_markdown,2026-08-13T17:06:42.561899Z,explicit_enrichment_failure
std_63185c71b1d347d0ab42903b52c4b795,INTC,Insulet Corporation’s (PODD) Wearable Pod Tech Finds New Frontier,https://finnhub.io/api/news?id=40bf4bc8c22deb9a803efc0303d5d977c77797ed8e1884fd4dd72a44fde49e52,https://finance.yahoo.com/healthcare/articles/insulet-corporation-podd-wearable-pod-130437669.html,Yahoo,2026-08-13T13:04:37Z,2026-08-13T16:14:50.718113Z,141205473,309,failed,source_summary_only,200,jina_reader_markdown,2026-08-13T17:41:24.500525Z,explicit_enrichment_failure
std_648c016d32e84527ba1e01afa07cd8bf,INTC,Déjà Vu. Why Intel Is Eyeing a Return to Memory.,https://finnhub.io/api/news?id=7b71d391f2052c959b783af31c92dcd45b1c14bef6331dcb199e64b6cf87fc02,https://finance.yahoo.com/m/6a6dcc95-7d0d-3a2a-adb1-952d7b8c9d94/déjà-vu.-why-intel-is-eyeing.html,Yahoo,2026-08-13T15:27:00Z,2026-08-13T16:14:50.655226Z,141206472,138,failed,source_summary_only,200,jina_reader_markdown,2026-08-13T20:14:08.729595Z,explicit_enrichment_failure
std_831ff67d50204313a75f65800783d2ff,MU,Micron Stock Falls—This Memory-Chip Rival Is Crushing It,https://finnhub.io/api/news?id=dbb6c41928c8f08e4bbb71ef91288278f89c526e5f3be10f7a84ab11278564b6,https://finance.yahoo.com/m/c762d1cb-0ef2-378c-b69a-2766d2b14cf8/micron-stock-falls—this.html,Yahoo,2026-08-13T12:23:00Z,2026-08-13T14:16:00.647269Z,141205462,409,failed,empty_extract,200,jina_reader_markdown,2026-08-13T17:06:42.564209Z,explicit_enrichment_failure
std_0621d35c56e341b49fae66b2735e5461,META,"The Redesign Group Named No. 758 on the 2026 Inc. 5000 List, the Most Prestigious Ranking of America’s Fastest-Growing Private Companies",https://finnhub.io/api/news?id=fecca5319c0d884629ad2f88cdbcdd2e502dcb23dc3db3db2c1cedf0687000e9,https://finance.yahoo.com/small-business/articles/redesign-group-named-no-758-124500324.html,Yahoo,2026-08-13T12:45:00Z,2026-08-13T14:15:40.723477Z,141205429,499,failed,http_403,403,jina_reader_markdown,2026-08-13T15:37:05.877767Z,explicit_enrichment_failure
std_1ad0c159f49e453b8e60ab0575e93a10,META,Priori Expands Client Advisory Board with New Members from Fortune 500 Corporate Legal Departments,https://finnhub.io/api/news?id=51f516f429febf28f6c5e79007b051ac660b6822ab9a1b7d2ae3528af49000f7,https://finance.yahoo.com/technology/articles/priori-expands-client-advisory-board-130000660.html,Yahoo,2026-08-13T13:00:00Z,2026-08-13T14:15:40.699168Z,141205451,500,failed,http_403,403,jina_reader_markdown,2026-08-13T15:37:05.876740Z,explicit_enrichment_failure
std_ff491dcfd6d248229b31a2a073c7bd0e,META,New Engen Announces Wave of New Client Wins Including Arena Club and More as Brands Shift to Creative-Led Growth,https://finnhub.io/api/news?id=11e9d34ed1c8de45ed6fe6446c9c4b0fd480588a37a37669da7b34d763234805,https://finance.yahoo.com/media-advertising/articles/engen-announces-wave-client-wins-130000727.html,Yahoo,2026-08-13T13:00:00Z,2026-08-13T14:15:40.673766Z,141205453,500,failed,http_403,403,jina_reader_markdown,2026-08-13T15:37:05.877292Z,explicit_enrichment_failure
std_b8220991a64f43c888090f91f3c69859,META,"Google, Meta, Reddit, Snap, and TikTok for Business Workspaces Expand StationOne™ by Kochava Ecosystem Momentum",https://finnhub.io/api/news?id=b9a76a6ba7b18d632b4e8e48876af38edcdaee1e3e3fe9bacbef5b7df9982dd7,https://finance.yahoo.com/media-advertising/articles/google-meta-reddit-snap-tiktok-133000489.html,Yahoo,2026-08-13T13:30:00Z,2026-08-13T14:15:40.647114Z,141205448,500,failed,http_403,403,jina_reader_markdown,2026-08-13T15:37:05.876043Z,explicit_enrichment_failure
std_319d9c9eb5af41f49833675d7bda4199,META,"Strategus Celebrates Ninth Consecutive Year on the Inc. 5000 List, the Most Prestigious Ranking of America’s Fastest-Growing Private Companies for 2026",https://finnhub.io/api/news?id=be6378c4ebd6950d7cd1064ba66c3486f97a9547c4e178d10ca7f4513513d618,https://finance.yahoo.com/media-advertising/articles/strategus-celebrates-ninth-consecutive-inc-133500513.html,Yahoo,2026-08-13T13:35:00Z,2026-08-13T14:15:40.609260Z,141205425,500,failed,http_403,403,jina_reader_markdown,2026-08-13T15:37:05.875092Z,explicit_enrichment_failure
std_365a1e8c38f247f687fe2f06276920be,INTC,BofA Issues Urgent Message for Intel Stock After $20 Billion Offering,https://finnhub.io/api/news?id=78f4f3007dba7015f5c57d9e8c6673fe6efac76f8ef7b986596507c09478dab1,https://finance.yahoo.com/markets/stocks/articles/bofa-issues-urgent-message-intel-122314246.html,Yahoo,2026-08-13T12:23:14Z,2026-08-13T14:15:03.367841Z,141205492,67,failed,http_403,403,jina_reader_markdown,2026-08-13T15:28:54.941565Z,explicit_enrichment_failure
std_5c77a85920f14a999b8b6264b241fa79,INTC,1 S&P 500 Stock on Our Buy List and 2 Facing Challenges,https://finnhub.io/api/news?id=e21c889aaf8ddc2e259f96e6863cdb44ab1e86d3684bc9a15c37096a62054670,https://finance.yahoo.com/markets/stocks/articles/1-p-500-stock-buy-123700156.html,Yahoo,2026-08-13T12:37:00Z,2026-08-13T14:15:03.340102Z,141205495,205,failed,http_403,403,jina_reader_markdown,2026-08-13T15:28:54.941031Z,explicit_enrichment_failure
std_7e171e629ee346ceaaf9efe560f0f75a,INTC,The Fund Mounts Against Alphabet’s (GOOG) Aggressive AI Spending,https://finnhub.io/api/news?id=4ed36a1fd6380750e4665acdeb01463a161c7431b80587adcd298e2d256644a1,https://finance.yahoo.com/markets/stocks/articles/fund-mounts-against-alphabet-goog-130143350.html,Yahoo,2026-08-13T13:01:43Z,2026-08-13T14:15:03.316565Z,141205450,309,failed,timeout,429,jina_reader_markdown,2026-08-13T17:41:24.500992Z,explicit_enrichment_failure
std_1158005dfa5140278332c9d68304b490,META,"Meta Removes 756,000 Australian Teen Accounts as Regulatory Scrutiny Intensifies",https://finnhub.io/api/news?id=2e6815e5b43b1de28b044a62e02106a7767f4a17650524e81833856912f4945d,https://investorshub.advfn.com/market-news/article/34201/meta-removes-756000-australian-teen-accounts-as-regulatory-scrutiny-intensifies,Yahoo,2026-08-13T10:07:26Z,2026-08-13T12:14:41.217289Z,141204711,500,failed,http_403,403,curl_cffi_trafilatura,2026-08-13T12:50:15.261080Z,explicit_enrichment_failure
std_2f3efa34300b4d65a6f91bbdbdd05bb9,META,Big Tech Drives Up Credit Risk for Safe Firms With No AI Links,https://finnhub.io/api/news?id=5f35a8e928c173b4d434b23783d187705ad341bc96dc0f8f39d88fc628c2ae7f,https://finance.yahoo.com/markets/stocks/articles/big-tech-drives-credit-risk-103014617.html,Yahoo,2026-08-13T10:30:14Z,2026-08-13T12:14:41.192550Z,141204679,180,failed,source_summary_only,200,jina_reader_markdown,2026-08-13T12:50:15.260593Z,explicit_enrichment_failure
std_f4b0f7ab23444d59a3867443af080d19,META,Tracking Christopher Davis' Davis Selected Advisers 13F Portfolio: Q2 2026 Update,https://finnhub.io/api/news?id=0ad00594b320b2b62379bd020b3f4d60a6b2410c1cb6d0ad82ea849220b24214,,SeekingAlpha,2026-08-12T19:47:31Z,2026-08-13T00:13:20.642880Z,141197531,0,not_recorded,empty_body,,,,empty_body
std_62b949aba4754c019814f0f5c4dc0b53,INTC,"CNBC TechCheck Evening Edition: August 11, 2026",https://finnhub.io/api/news?id=8ba02121330dd1788c12b0f4f7c74ac93d4e139ac208774905662c846de2ca3b,https://www.cnbc.com/video/2026/08/11/cnbc-techcheck-evening-edition-august-11th-2026.html,CNBC,2026-08-11T14:11:26Z,2026-08-12T17:32:54.267760Z,141194089,103,failed,unsupported_media,200,trafilatura,2026-08-12T17:33:05.237288Z,explicit_enrichment_failure
std_641184b4cc8f416fabf5b2a226075709,META,10 Communication Services Stocks With Whale Alerts In Today’s Session,https://www.benzinga.com/markets/options/26/08/61120387/10-communication-services-stocks-whale-alerts-today-s-session,https://www.benzinga.com/markets/options/26/08/61120387/10-communication-services-stocks-whale-alerts-today-s-session,Benzinga,2026-08-11T13:35:13Z,2026-08-11T20:02:12.482712Z,141187042,6590,failed,incomplete_extract,200,jina_reader_markdown,2026-08-12T20:22:09.503952Z,explicit_enrichment_failure
std_9074828a82fd4e6dae5e0eb14faa2f20,INTC,10 Information Technology Stocks Whale Activity In Today’s Session,https://www.benzinga.com/markets/options/26/08/61120384/10-information-technology-stocks-whale-activity-today-s-session,https://www.benzinga.com/markets/options/26/08/61120384/10-information-technology-stocks-whale-activity-today-s-session,Benzinga,2026-08-11T13:35:13Z,2026-08-11T18:22:25.913523Z,141186289,6716,failed,incomplete_extract,200,jina_reader_markdown,2026-08-12T17:33:05.238042Z,explicit_enrichment_failure
std_1df68806bfc04072945146883e70b061,INTC,Cramer’s Mad Dash: Intel,https://finnhub.io/api/news?id=89cd995075d137bee1653c0c6791c50967893dd8cfe2c3d4bfd5a9f16f9917a6,https://www.cnbc.com/video/2026/08/11/crameras-mad-dash-intel.html,CNBC,2026-08-11T09:29:22Z,2026-08-11T17:32:12.727755Z,141185820,46,failed,unsupported_media,200,trafilatura,2026-08-12T17:33:05.239002Z,explicit_enrichment_failure
std_c24be8099071464588021eb261b0e147,META,AI’s biggest buildout is here. These stocks offer a way to invest in the data center boom,https://finnhub.io/api/news?id=98de8d77052dfb76d7d0a47caa21dc7cf8a16f713bba76fa091baca915a70d43,https://finance.yahoo.com/technology/ai/articles/ai-biggest-buildout-stocks-offer-065900313.html,Yahoo,2026-08-11T06:59:00Z,2026-08-11T10:13:22.032314Z,141183654,140,failed,timeout,429,jina_reader_markdown,2026-08-12T20:22:09.504831Z,explicit_enrichment_failure
std_1aa23abae8304e1c8a5ee5c4dc688939,INTC,Why Intel Is Increasing Its  Stock Offering to $20 Billion,https://finnhub.io/api/news?id=cc3e9a957ec2390155fa739eefbc9e828aa31b53ed3f2e4c76dca4ccfd216c26,https://finance.yahoo.com/m/e62806fd-a00d-3aab-8add-7a66bf40ad2a/why-intel-is-increasing-its-.html,Yahoo,2026-08-11T08:41:00Z,2026-08-11T10:12:09.083059Z,141183676,100,failed,http_403,403,jina_reader_markdown,2026-08-12T17:33:05.239464Z,explicit_enrichment_failure
std_4cc5954b420a41e598d810f292c3ec26,META,"As Trump Media scraps some businesses, it's doubling down on Truth Social and the president",https://finnhub.io/api/news?id=b96fd1a3edaa98841f4d69f3cf9f18a83be64c30aedf4ebcf702c7c2637d9303,https://finance.yahoo.com/media-advertising/articles/trump-media-scraps-businesses-doubling-000353511.html,Yahoo,2026-08-11T00:03:53Z,2026-08-11T06:13:36.856931Z,141182429,603,failed,timeout,429,jina_reader_markdown,2026-08-12T20:22:09.505512Z,explicit_enrichment_failure
std_1ced3f7695a64a5880879e1bd979ad38,MU,Micron Stock Rises Despite Reported Apple Supplier Threat,https://finnhub.io/api/news?id=51fea410f251d2efb829da27462a179e0ef0fcf273b56fb0a616fd68fe522364,https://finance.yahoo.com/markets/stocks/articles/micron-stock-rises-despite-reported-200751352.html,Yahoo,2026-08-10T20:07:51Z,2026-08-10T22:15:25.845545Z,141178797,134,failed,timeout,429,jina_reader_markdown,2026-08-11T19:04:19.230887Z,explicit_enrichment_failure
std_ad2c70b892f24c32ab3e7d8480e45e24,MU,"Micron Technology's Earnings Outlook Strengthens on Higher Memory Pricing, UBS Says",https://finnhub.io/api/news?id=1e50c6e6eb0ccc9e554104ef1a83c0cc7ef86ec9222d8ca6486b5fb8f0f8a5c2,https://finance.yahoo.com/markets/stocks/articles/micron-technology-apos-earnings-outlook-174222515.html,Yahoo,2026-08-10T17:42:22Z,2026-08-10T18:15:20.427918Z,141176500,99,failed,empty_extract,200,jina_reader_markdown,2026-08-11T19:04:19.233132Z,explicit_enrichment_failure
std_ad4df08c0f4f4731a8b887e4589c0081,META,Meta (META) Unveils Muse Glimmer as Open-Source AI Spending Debate Intensifies,https://finnhub.io/api/news?id=f57c5bc2f989beea953ffba5a269c0e38da1b82aeeea4a3e3d82e6fae35a1b93,https://finance.yahoo.com/technology/ai/articles/meta-meta-unveils-muse-glimmer-160609898.html,Yahoo,2026-08-10T16:06:09Z,2026-08-10T18:14:07.789517Z,141176576,330,failed,timeout,429,jina_reader_markdown,2026-08-10T19:56:19.418642Z,explicit_enrichment_failure
std_f229b54a223a44aa803dea674fa2f879,META,"Tech stocks still have plenty of believers on Wall Street, inflow data shows",https://finnhub.io/api/news?id=a2b524fcd3e744651892eb540606a53fdb958eaa3d4a35fb9bda1292c1043b36,https://finance.yahoo.com/technology/article/tech-stocks-still-have-plenty-of-believers-on-wall-street-inflow-data-shows-163544665.html,Yahoo,2026-08-10T16:35:44Z,2026-08-10T18:14:07.732086Z,141176549,44,failed,timeout,429,jina_reader_markdown,2026-08-10T19:56:19.417859Z,explicit_enrichment_failure
std_f70baf6bdafd4b2b9008df22a5a17446,INTC,Intel Plans $15 Billion Stock Offering as AI Demand Requires Higher Capital Spending,https://finnhub.io/api/news?id=663cb01e575e69a4fef90fad0b1c6c07b61764e2f7e1e26f97ddd24154c6a9fb,https://finance.yahoo.com/technology/ai/articles/intel-plans-15-billion-stock-165728370.html,Yahoo,2026-08-10T16:57:28Z,2026-08-10T18:13:46.854185Z,141176546,100,failed,source_summary_only,200,trafilatura,2026-08-10T18:13:49.719171Z,explicit_enrichment_failure
std_de0a0a0fa1aa43cbb11816bd8cbaa5a5,INTC,Sector Update: Tech Stocks Decline Monday Afternoon,https://finnhub.io/api/news?id=94f80c0bfac132841c8a93b2054dee2c11d9ed9c5211a57c1207a09b66cda794,https://finance.yahoo.com/markets/stocks/articles/sector-tech-stocks-decline-monday-173154803.html,Yahoo,2026-08-10T17:31:54Z,2026-08-10T18:13:46.832334Z,141176501,100,failed,source_summary_only,200,trafilatura,2026-08-10T18:13:49.718697Z,explicit_enrichment_failure
std_1c6f3dd47ee2478286e183beca5251e0,META,"Memory chip crunch could last 2 more years, JPMorgan says",https://finnhub.io/api/news?id=60e80a3422931a02e8b8c642a968d5f4571becd13efae605837f153f31993d8b,https://finance.yahoo.com/video/memory-chip-crunch-could-last-143400576.html,Yahoo,2026-08-10T14:34:00Z,2026-08-10T16:15:09.618071Z,141175174,293,failed,unsupported_media,200,trafilatura,2026-08-10T17:31:25.437748Z,explicit_enrichment_failure
std_98db2eb3e18b42ee861dc8560736b16a,META,Jeff Bezos Nears Major Liverpool Move,https://finnhub.io/api/news?id=e9bd36adaf492d382d06f8039305eaf89451581dc2d9bde91655ba8f405fd68a,https://finance.yahoo.com/markets/stocks/articles/jeff-bezos-nears-major-liverpool-153619605.html,Yahoo,2026-08-10T15:36:19Z,2026-08-10T16:15:09.516514Z,141175184,65,failed,timeout,429,jina_reader_markdown,2026-08-10T19:56:19.419911Z,explicit_enrichment_failure
std_f26737189dbd4ce986de1a449ae4da48,META,Meta's Latest AI Move Turns Heads,https://finnhub.io/api/news?id=db2cafcb7c5919a7a0cf0134f2176750609fa8fe00fc5abefa8a5358de6963ba,https://finance.yahoo.com/technology/ai/articles/metas-latest-ai-move-turns-153721852.html,Yahoo,2026-08-10T15:37:21Z,2026-08-10T16:15:09.493000Z,141175211,69,failed,timeout,429,jina_reader_markdown,2026-08-10T19:56:19.419254Z,explicit_enrichment_failure
std_ff7809153701479091239ee295cdc237,INTC,RocketLab Rises on Space Interest; Moderna Moves on Flu Shot | Stock Movers,https://finnhub.io/api/news?id=d748c649d767517901cdba8efff57aa3b14812c64bab4e2a312033b7876c68b9,https://finance.yahoo.com/video/rocketlab-rises-space-interest-moderna-151617251.html,Yahoo,2026-08-10T15:16:17Z,2026-08-10T16:14:11.755792Z,141175274,485,failed,unsupported_media,200,jina_reader_markdown,2026-08-10T17:41:02.829907Z,explicit_enrichment_failure
std_0200242b0a2e4b7a91191bf0d870f32c,INTC,Top Midday Stories: Intel Offers $15 Billion of Common Stock; Microsoft to Ramp Up Production of Homegrown AI Chip,https://finnhub.io/api/news?id=298be5b714949774eeb6b507baa2127b879ff22481f6837345dd980b5af1c57b,https://finance.yahoo.com/markets/stocks/articles/top-midday-stories-intel-offers-153156518.html,Yahoo,2026-08-10T15:31:56Z,2026-08-10T16:14:11.729971Z,141175170,100,failed,empty_extract,200,jina_reader_markdown,2026-08-10T17:41:02.829437Z,explicit_enrichment_failure
std_72f697769ad44aecb3202e92d795e9a9,MU,Schwab: Retail investors want AI stocks on the cheap,https://finnhub.io/api/news?id=986ca2849db60d62d21ebc15192d06893c6d860675d974d42068263c8dd55c5e,https://www.axios.com/2026/08/10/schwab-retail-investors-want-ai-stocks-on-the-cheap#utm_source=yahoo_finance&utm_medium=partner&utm_campaign=subs-partner-yahoo-finance-AI,Yahoo,2026-08-10T11:31:05Z,2026-08-10T14:15:44.769468Z,141173709,174,failed,http_403,403,curl_cffi_trafilatura,2026-08-10T16:04:33.786050Z,explicit_enrichment_failure
std_1e69fc69bdcd4b07b38b868f7e305255,MU,Micron Stock Rises Despite Apple China Chip Threat,https://finnhub.io/api/news?id=78b363ab0e7bbc6e856f6eb1fb21fb3a1657510e4c26621fffe43612651b12eb,https://finance.yahoo.com/m/14ff16a9-1887-316e-aed1-5f3c0161aae3/micron-stock-rises-despite.html,Yahoo,2026-08-10T12:13:00Z,2026-08-10T14:15:44.740585Z,141174212,114,failed,empty_extract,200,jina_reader_markdown,2026-08-10T16:04:33.785259Z,explicit_enrichment_failure
std_68651ef6cfb74925bd9a71f62d2b50c2,META,Meta's New AI Model Takes Aim at China,https://finnhub.io/api/news?id=cb6161e0e91e8a6f925ffbdc933b4fb81a2eab341a9d4b96ac032938dab74e17,https://finance.yahoo.com/technology/ai/articles/metas-ai-model-takes-aim-120737210.html,Yahoo,2026-08-10T12:07:37Z,2026-08-10T14:15:09.732796Z,141174247,109,failed,timeout,429,jina_reader_markdown,2026-08-10T16:13:02.799368Z,explicit_enrichment_failure
std_5350aa1b73404794ac28b0f2fbfbbaa5,META,Another Bad News For Meta Stock Fans,https://finnhub.io/api/news?id=3edeb1e06dc1da9f2b981e2fd38d5010b4bc5b7591694e51584d6911a526b7b6,https://finance.yahoo.com/markets/stocks/articles/another-bad-news-meta-stock-121502573.html,Yahoo,2026-08-10T12:15:02Z,2026-08-10T14:15:09.706939Z,141174254,72,failed,timeout,429,jina_reader_markdown,2026-08-10T16:13:02.798945Z,explicit_enrichment_failure
std_9d69703350ea4a6fab6b3dc51a9dbf01,META,Meta shares rise on Muse Glimmer launch and a radical AI vision,https://finnhub.io/api/news?id=237d496bea6bff611d38c5b172c48f1466348288c62b5b6a7583ebe3f0ab6e89,https://finance.yahoo.com/technology/ai/articles/meta-shares-rise-muse-glimmer-121926544.html,Yahoo,2026-08-10T12:19:26Z,2026-08-10T14:15:09.678999Z,141174229,500,failed,source_summary_only,200,jina_reader_markdown,2026-08-10T16:13:02.798399Z,explicit_enrichment_failure
std_e3bcc018e6944281b5d6a82f88517615,META,Meta Stock Climbs On Open-Source Model Launch; Zuckerberg Criticizes AI Rivals,https://finnhub.io/api/news?id=48862e6363dbe6559bb92d3f5650e91ac9f6227d66a45b221d7fac57e199603f,https://finance.yahoo.com/m/71790c33-bcb2-34f3-bc58-7619b20f9e05/meta-stock-climbs-on.html,Yahoo,2026-08-10T12:45:30Z,2026-08-10T14:15:09.624034Z,141174252,114,failed,source_summary_only,200,jina_reader_markdown,2026-08-10T16:13:02.797576Z,explicit_enrichment_failure
std_d72a42b8796c458d919183c58f84a3a8,INTC,Update: US Equity Futures Mostly Flat Pre-Bell Amid Lack of Progress in Middle East Peace Negotiations,https://finnhub.io/api/news?id=b950f610ea074d023b82bc1d83aa8798c41fb0f9996810bc80b700e4ca926fd1,https://finance.yahoo.com/markets/stocks/articles/us-equity-futures-mostly-flat-125721912.html,Yahoo,2026-08-10T12:57:21Z,2026-08-10T14:13:04.138278Z,141174284,99,failed,source_summary_only,200,trafilatura,2026-08-10T14:13:06.664629Z,explicit_enrichment_failure
std_6795e8e32c8c469f81da88e3e1e48fd1,INTC,Why Micron is Decisively Better Positioned Than Intel Now,https://finnhub.io/api/news?id=b6318475563807bafd10a9550bb2bc2ce56b02d90f06053f7e96f4a7a959af6d,https://247wallst.com/investing/2026/08/10/why-micron-is-decisively-better-positioned-than-intel-now/,Yahoo,2026-08-10T04:32:13Z,2026-08-10T06:11:47.042700Z,141172171,231,failed,http_404,404,curl_cffi_trafilatura,2026-08-10T12:13:12.961219Z,explicit_enrichment_failure
std_2b090debcd514f7f9a57844134e3089f,INTC,Intel Foundry Lands a Major New Client Worth Watching,https://finnhub.io/api/news?id=d0d661e2986f7307738c5f1bbfd29de0a7f934070f636c19c9eaf3eed6735395,https://www.fool.com/investing/2026/08/09/intel-foundry-lands-a-major-new-client-worth-watch/,Yahoo,2026-08-09T06:30:00Z,2026-08-09T08:11:21.211556Z,141165160,76,failed,http_403,403,jina_reader_markdown,2026-08-10T12:13:12.962202Z,explicit_enrichment_failure
std_5f08f659811b44dfb21897dce8891f79,MU,China opens formal probe into Palo Alto just as stock hits highs,https://finnhub.io/api/news?id=9ce0f589e438d5e60bad356f3c1d98e4ca93768b19c0ece95df3bf21bb8e7b64,https://www.thestreet.com/technology/china-probe-palo-alto-networks,Yahoo,2026-08-07T18:47:00Z,2026-08-07T20:15:29.888867Z,141150976,298,failed,empty_extract,200,jina_reader_markdown,2026-08-07T20:40:55.190614Z,explicit_enrichment_failure
std_0f4241c4b0bb4e5fb5f9412a8742661c,MU,Micron Stock Slips as Citi Cuts Target by $250,https://finnhub.io/api/news?id=9c51827c360aa8a71ff029e977aef636c2dc32091b745b25174994d33357725e,https://finance.yahoo.com/markets/stocks/articles/micron-stock-slips-citi-cuts-193230636.html,Yahoo,2026-08-07T19:32:30Z,2026-08-07T20:15:29.844496Z,141150974,99,failed,source_summary_only,200,jina_reader_markdown,2026-08-07T20:40:55.189695Z,explicit_enrichment_failure
std_9a9ed1bb024043408a0a674ced8a85d0,MU,Michael Burry issues blunt warning as he bets against 2 AI favorites,https://finnhub.io/api/news?id=e74856535b7cfd6f0b870513e35bd5268cf03f567140e369c0a6c8e079ab0f31,https://www.thestreet.com/investing/stocks/orcl-oracle-nbis-nebius-michael-burry-shorts,Yahoo,2026-08-07T19:37:00Z,2026-08-07T20:15:29.817183Z,141150973,299,failed,empty_extract,200,jina_reader_markdown,2026-08-07T20:40:55.189213Z,explicit_enrichment_failure
std_e58db2ede1224996b6a2a4a53b3aba82,MU,Micron Stock Falls After Citi Slashes Price Target on Memory Risks,https://finnhub.io/api/news?id=6762210a53d75dd98a6ce7ddc2238e427e68f8315b4df33e045918ea56b7a91d,https://finance.yahoo.com/markets/stocks/articles/micron-stock-falls-citi-slashes-195133579.html,Yahoo,2026-08-07T19:51:33Z,2026-08-07T20:15:29.789256Z,141150972,62,failed,source_summary_only,200,jina_reader_markdown,2026-08-07T20:40:55.188330Z,explicit_enrichment_failure
std_a9b657d522e24ef4a5b02f70a40626f5,MU,Tech Stocks Shake Off Another Memory Stock Slide,https://finnhub.io/api/news?id=794c85e8ce3333c7b039df597c6b9907d053f8d95020607b484612b75c4a7cf2,https://finance.yahoo.com/m/f939c532-ba5d-3e0d-96e7-cb850ab7ab89/tech-stocks-shake-off-another.html,Yahoo,2026-08-07T15:47:30Z,2026-08-07T18:16:49.720246Z,141149415,404,failed,source_summary_only,200,jina_reader_markdown,2026-08-07T18:50:17.071422Z,explicit_enrichment_failure
std_4f68117504e44be39be3d668f8d8bca0,MU,"SK Hynix, SpaceX, Doximity, Trade Desk, Rigetti, Coherent, and More Stocks That Explain Today’s Market",https://finnhub.io/api/news?id=a478337d299b83ea63deec14850af884717743b5ce970b3734b1c25c1ee19ce8,"https://finance.yahoo.com/m/8118379d-0173-3caf-bae7-b24c96670077/sk-hynix,-spacex,-doximity,.html",Yahoo,2026-08-07T16:23:00Z,2026-08-07T18:16:49.690274Z,141149414,227,failed,timeout,429,jina_reader_markdown,2026-08-07T18:50:17.071031Z,explicit_enrichment_failure
std_98d63724c5054678a38f394d26837111,META,Meta Ruling Could Become a Blueprint for More Child-Safety Suits,https://finnhub.io/api/news?id=3b81c07395fc7752dd4edc1ab2efcb683421516a9af739dd10ff3a3fc899da43,https://finance.yahoo.com/media-advertising/articles/meta-ruling-could-become-blueprint-162559317.html,Yahoo,2026-08-07T16:25:59Z,2026-08-07T18:16:30.166050Z,141149405,90,failed,timeout,429,jina_reader_markdown,2026-08-07T19:00:48.182038Z,explicit_enrichment_failure
std_757984a1e50043d58f6c96aa0a6997e8,META,Meta's Legal Bill Just Climbed to $942 Million,https://finnhub.io/api/news?id=1926a2801c647b54591d07a9fe1a7b05e26b4b022d330b3a33017cb3bee9604a,https://finance.yahoo.com/markets/stocks/articles/metas-legal-bill-just-climbed-164702556.html,Yahoo,2026-08-07T16:47:02Z,2026-08-07T18:16:30.108083Z,141149403,91,failed,source_summary_only,200,jina_reader_markdown,2026-08-07T19:00:48.181064Z,explicit_enrichment_failure
std_acf18b9b4c10426db9b82aae788c5a43,META,OpenAI Pauses Some Work on New Astra Model Over Cyber Concerns,https://finnhub.io/api/news?id=8a04b188f365233da442517ab5957903f315805ccb9c5708dc0b6fc567677663,https://finance.yahoo.com/technology/ai/articles/openai-pauses-astra-model-over-171504206.html,Yahoo,2026-08-07T17:15:04Z,2026-08-07T18:16:30.058905Z,141149401,500,failed,source_summary_only,200,jina_reader_markdown,2026-08-07T19:00:48.180564Z,explicit_enrichment_failure
std_620330cd01f5441bb2264ee9c3048727,META,Meta was just slapped with a $942-million bill for harming kids — it makes that back in roughly five days,https://finnhub.io/api/news?id=58dcb86bc7b5685028396d7e11008dc9fda1f7f29b813f75edbe48fd009de0fd,https://finance.yahoo.com/media-advertising/articles/meta-just-slapped-942-million-173500875.html,Yahoo,2026-08-07T17:35:00Z,2026-08-07T18:16:30.031608Z,141149400,91,failed,source_summary_only,200,jina_reader_markdown,2026-08-07T19:00:48.179703Z,explicit_enrichment_failure
std_9db64b65d1084cc48b9ca148426a7a20,INTC,Should You Buy NVIDIA Stock After Its 11% Rally in a Month?,https://finnhub.io/api/news?id=9d7cc0b88372b8e284ed2c9167c4e67590963f00803e02580b643007bb21d922,https://finance.yahoo.com/markets/stocks/articles/buy-nvidia-stock-11-rally-153800151.html,Yahoo,2026-08-07T15:38:00Z,2026-08-07T18:15:56.448140Z,141149437,123,failed,source_summary_only,200,jina_reader_markdown,2026-08-07T18:30:33.722904Z,explicit_enrichment_failure
std_1f7c924f59fe47b5ad855c6175a1cdc8,META,Chamath Palihapitiya Says Meta Is Playing 'Scorched Earth' With AI Pricing— Its $0.69 Model Just Proved It Works,https://finnhub.io/api/news?id=ee81c7fe1695d9eaa273874e279a2f55b819b3d41b725f07be84204b7438b3ce,https://finance.yahoo.com/technology/ai/articles/chamath-palihapitiya-says-meta-playing-120023384.html,Yahoo,2026-08-07T12:00:23Z,2026-08-07T14:15:15.787199Z,141147068,276,failed,timeout,429,jina_reader_markdown,2026-08-07T15:23:00.685136Z,explicit_enrichment_failure
std_33bccaf55f8249b1a18d4bb57fc7a8fd,META,5 Things to Know Before the Stock Market Opens on Friday,https://finnhub.io/api/news?id=d0a059539a3554b98e4037943eeadb7e2911ae3d1efcfcc7d9bd926cc89f5d6e,https://www.investopedia.com/5-things-to-know-before-the-stock-market-opens-on-friday-august-7-2026-12036349,Yahoo,2026-08-07T12:09:09Z,2026-08-07T14:15:15.762035Z,141147067,32,failed,http_403,403,curl_cffi_trafilatura,2026-08-07T15:23:00.684706Z,explicit_enrichment_failure
std_d26d5240119b4a93bdda7a90c830c922,META,Meta Stock in Focus -- Judge Orders $567 Million Child Safety Payment,https://finnhub.io/api/news?id=deaa7e2ebc11d89132cc1602c732b9ff90562baf68e86187f1f9dafdcc22b430,https://finance.yahoo.com/markets/stocks/articles/meta-stock-focus-judge-orders-122626372.html,Yahoo,2026-08-07T12:26:26Z,2026-08-07T14:15:15.733450Z,141147066,71,failed,source_summary_only,200,jina_reader_markdown,2026-08-07T15:23:00.684089Z,explicit_enrichment_failure
std_48df7d2e40c54a1c958e86ddfb78c408,META,Meta ordered to pay $942M: Why the judge compared the company to 'noxious pollution',https://finnhub.io/api/news?id=a0f17a50fed70e384689e1a766a7ec1188d84de58686e450ad27a312c9efd382,https://finance.yahoo.com/video/meta-ordered-pay-942m-why-135234668.html,Yahoo,2026-08-07T13:52:34Z,2026-08-07T14:15:15.680574Z,141147064,242,failed,unsupported_media,200,jina_reader_markdown,2026-08-07T15:23:00.683269Z,explicit_enrichment_failure
std_1f7e60e7f25c449bb926130bb08e49cc,INTC,"Nvidia dominates AI chips, but BofA sees AMD closing in",https://finnhub.io/api/news?id=e7682473df258ccd46df4cf66a3a1bf90ec0b1b17556f50669717dda624feb80,https://www.thestreet.com/investing/stocks/nvidia-vs-amd-ai-chips-bofa-analysis,Yahoo,2026-08-06T22:33:00Z,2026-08-07T00:15:53.645133Z,141142270,301,failed,empty_extract,200,jina_reader_markdown,2026-08-07T14:32:57.439366Z,explicit_enrichment_failure
std_221a333103b54dccb246352e7c588055,MU,BofA downplays China’s threat to Micron’s AI business,https://finnhub.io/api/news?id=1f65ae7c7811e49936568b5da8675753a37b1223cfa6114afbe257915a0417e9,https://www.thestreet.com/investing/stocks/bofa-micron-china-ai-threat,Yahoo,2026-08-06T16:17:00Z,2026-08-06T18:15:22.758100Z,141137136,295,failed,empty_extract,200,jina_reader_markdown,2026-08-06T21:41:05.445763Z,explicit_enrichment_failure
std_aad54df831ca45ffaa34c09abc0c58ce,MU,Micron's Selloff Exposes a New Risk in the Memory Boom,https://finnhub.io/api/news?id=3d786925bfdfe2389669de43aecb1c7c1ef3880bbfa32433590c045c6edf153b,https://finance.yahoo.com/markets/stocks/articles/microns-selloff-exposes-risk-memory-162559813.html,Yahoo,2026-08-06T16:25:59Z,2026-08-06T18:15:22.719209Z,141137135,65,failed,source_summary_only,200,jina_reader_markdown,2026-08-06T21:41:05.445326Z,explicit_enrichment_failure
std_dfd25d0e0e8a416aaf103635e20c94c8,MU,Sandisk's Outlook Just Shook the Entire AI Memory Trade,https://finnhub.io/api/news?id=7473829520c1ef9efcf8d8e73ea193e4e9ebc8d77815084ad17763826ead2dd3,https://finance.yahoo.com/technology/ai/articles/sandisks-outlook-just-shook-entire-170146630.html,Yahoo,2026-08-06T17:01:46Z,2026-08-06T18:15:22.645491Z,141137132,63,failed,source_summary_only,200,jina_reader_markdown,2026-08-06T21:41:05.444362Z,explicit_enrichment_failure
std_2af13c3d037c4082a4dc96bc0ed45589,MU,Sandisk Is Giving Up Some Margin for a Bigger Reward,https://finnhub.io/api/news?id=dd250d34ad1e9d3aea01731c254ec4171cb31cae82f2448de85676f22702a5c1,https://finance.yahoo.com/m/21cba041-3db3-3b9f-90da-b068e1e7409f/sandisk-is-giving-up-some.html,Yahoo,2026-08-06T17:05:00Z,2026-08-06T18:15:22.605165Z,141137131,167,failed,source_summary_only,200,jina_reader_markdown,2026-08-06T21:41:05.443391Z,explicit_enrichment_failure
std_dce4fb870a7e4da3ae98e9d024b23fda,META,Meta’s AI Can Hack Things Too. It’s the Mark of a Winner.,https://finnhub.io/api/news?id=52cdb28895476e2e61a0dc759c885844dfb3c58a35c74f71212e7ec8acb3de4a,https://finance.yahoo.com/m/ea17cdf7-95ff-36f5-aaa2-9e6f70ae203e/meta’s-ai-can-hack-things.html,Yahoo,2026-08-06T14:42:00Z,2026-08-06T16:15:15.995244Z,141135414,126,failed,source_summary_only,200,jina_reader_markdown,2026-08-06T17:12:29.578763Z,explicit_enrichment_failure
std_4444b70efd9a41f8926a764515359d07,META,Alphabet Heads to Bond Market After Boosting AI Spending Forecast,https://finnhub.io/api/news?id=b6f7d409334a34bcfcae6524c9faa6f2fab4ebfe5485618be44da6e0c59506cd,https://finance.yahoo.com/m/469fa8c1-0411-3099-9283-5b6de7225491/alphabet-heads-to-bond-market.html,Yahoo,2026-08-06T15:08:00Z,2026-08-06T16:15:15.936308Z,141135373,143,failed,source_summary_only,200,trafilatura,2026-08-06T20:22:19.727382Z,explicit_enrichment_failure
std_3237e6f2c65243a781706e62518c1e13,MU,Citi says buy the pullback in memory stocks as upcycle is still in early innings,https://finnhub.io/api/news?id=360c8bf97a97a15152903aab19b43a5b0c9da23bf97d7a17c0ac5900a7c6ae94,https://finance.yahoo.com/markets/stocks/articles/citi-says-buy-pullback-memory-124904139.html,Yahoo,2026-08-06T12:49:04Z,2026-08-06T14:15:29.623275Z,141134032,200,failed,source_summary_only,200,jina_reader_markdown,2026-08-06T18:03:40.700032Z,explicit_enrichment_failure
std_b140a7cb5c964c479afbc1bd72837d11,META,"Alphabet seeks up to $25 billion from its latest bond sale, Bloomberg News reports",https://finnhub.io/api/news?id=b6d375355b6b2e41703e51c82f2c1ae8ca839ca643e574f5997eaa0dbb2917bc,https://finance.yahoo.com/technology/articles/alphabet-seeks-25-billion-latest-124938063.html,Yahoo,2026-08-06T12:49:38Z,2026-08-06T14:14:17.906519Z,141133967,397,failed,timeout,429,jina_reader_markdown,2026-08-06T17:12:29.580199Z,explicit_enrichment_failure
std_06c9d1b422a340a4aed350a340dc412f,META,Nuclear Utility Constellation Leads Nasdaq 100 After Earnings,https://finnhub.io/api/news?id=77587da899f06222b87dc311a6e86de7f0e1290e1ab95b89c5bfa143d66bbb04,https://finance.yahoo.com/m/ec4850f5-0ad6-3e29-aad9-7de77db335df/nuclear-utility-constellation.html,Yahoo,2026-08-06T13:27:32Z,2026-08-06T14:14:17.814152Z,141133934,119,failed,source_summary_only,200,jina_reader_markdown,2026-08-06T17:12:29.579746Z,explicit_enrichment_failure
std_11d1e3aa09ab4e9fb6c65e1dd16a1576,META,Optical networking firm Lumilens valued at $5.5 billion in latest funding round,https://finnhub.io/api/news?id=4ee240f2d33a3b669511eb1103c79dec7614b76068fff2c2528c440dd19e88ce,https://finance.yahoo.com/technology/ai/articles/optical-networking-firm-lumilens-valued-134155297.html,Yahoo,2026-08-06T13:41:55Z,2026-08-06T14:14:17.726435Z,141133951,593,failed,timeout,429,jina_reader_markdown,2026-08-06T17:12:29.579240Z,explicit_enrichment_failure
std_0c2a36cf44e84eb5a231f8adc11825ac,INTC,Supermicro's Seventh Annual Open Storage Summit Brings Together 21 Ecosystem Partners to Share Practical Guidance on Deploying Enterprise AI at Scale,https://finnhub.io/api/news?id=45ba98cbd446a738e72b241c3a1a94d8b28ded3792baf297f61efc5ef21839a1,https://finance.yahoo.com/technology/ai/articles/supermicros-seventh-annual-open-storage-130500097.html,Yahoo,2026-08-06T13:05:00Z,2026-08-06T14:13:40.447887Z,141134041,499,failed,source_summary_only,200,jina_reader_markdown,2026-08-06T17:35:06.206759Z,explicit_enrichment_failure
std_4a0418401a5f40b1a745d1810c690ecf,INTC,Qualcomm’s (QCOM) BMW Deal Adds To A Bigger Diversification Push,https://finnhub.io/api/news?id=58260b94a197da7687acca00e9780366db549017fa3fdb4257e8b899a50f3f54,https://finance.yahoo.com/technology/articles/qualcomm-qcom-bmw-deal-adds-131949875.html,Yahoo,2026-08-06T13:19:49Z,2026-08-06T14:13:40.408143Z,141133936,371,failed,source_summary_only,200,jina_reader_markdown,2026-08-06T18:38:45.203324Z,explicit_enrichment_failure
std_8601c21767854b928af663207b14da8b,MU,"Sandisk, AppLovin, Moderna, and More Stocks That Explain Today’s Market",https://finnhub.io/api/news?id=2a06843db7e338a41ee0c8ff68629f74c4a4442c3d3be25a55a67acd049203bf,"https://finance.yahoo.com/m/5568b857-6a34-35d8-b75b-382bd81ef107/sandisk,-applovin,-moderna,.html",Yahoo,2026-08-06T10:42:00Z,2026-08-06T12:14:49.851103Z,141133200,118,failed,source_summary_only,200,trafilatura,2026-08-06T13:01:52.229791Z,explicit_enrichment_failure
std_16a9290a2a7748ceb39a2614e3d097bd,MU,Why Micron and Other Memory Stocks Are Taking Another Hit,https://finnhub.io/api/news?id=0e8bd672ae65e3aa3ce79811dcd1558e6e936faef6709d5320c1a47e56467326,https://finance.yahoo.com/m/cc4bce1f-18fb-31cf-84fe-ebe8d5450eb5/why-micron-and-other-memory.html,Yahoo,2026-08-06T11:44:00Z,2026-08-06T12:14:49.750681Z,141133197,113,failed,timeout,429,jina_reader_markdown,2026-08-06T18:03:40.700715Z,explicit_enrichment_failure
std_18f3d8ca00c24df2b19fe1665d6c8dd2,META,Why Sandisk Stock Is Falling Sharply After Blowout Earnings,https://finnhub.io/api/news?id=e10258c40418641237b3f166df6caf9723aff9c63117ad2b37e81bcccafb441e,https://finance.yahoo.com/m/1b53b2c0-2a97-33a2-9ad0-71d1341b42cf/why-sandisk-stock-is-falling.html,Yahoo,2026-08-06T10:00:00Z,2026-08-06T12:14:12.109230Z,141133161,144,failed,source_summary_only,200,jina_reader_markdown,2026-08-06T12:14:16.256077Z,explicit_enrichment_failure
std_a67af01cc4dd4f05917bf841d981f9a8,MU,Can Microchip's Micron Alliance Help it Challenge AVGO & ALAB?,https://finnhub.io/api/news?id=80b4c2671013d5e2811996b738004315f71a8cdf10ebe104c9fbec0c96aefb3e,https://finance.yahoo.com/technology/articles/microchips-micron-alliance-help-challenge-181500152.html,Yahoo,2026-08-05T18:15:00Z,2026-08-05T20:15:02.055619Z,141125666,130,failed,source_summary_only,200,jina_reader_markdown,2026-08-05T21:11:58.719895Z,explicit_enrichment_failure
std_04880d27654148ca97ac436673410ca6,MU,This Jacked-Up Tech ETF Demands a Strong Stomach,https://finnhub.io/api/news?id=2f932d252e0d181c0750d13c2762bda682d9b50693735cc81f68fec1e76351b8,https://finance.yahoo.com/m/9030f354-1f6e-3fa3-a195-21f4081a9ba9/this-jacked-up-tech-etf.html,Yahoo,2026-08-05T19:07:00Z,2026-08-05T20:15:02.008810Z,141125685,103,failed,source_summary_only,200,jina_reader_markdown,2026-08-05T21:11:58.718890Z,explicit_enrichment_failure
std_f155f1b426b74aeaaafd7feb6687b9ac,MU,Michael Burry Sends Stark Warning on S&P 500 Crash,https://finnhub.io/api/news?id=27931fe397dd7c39524c9e70136efb6e3a7a82720013e6051455ba3a6485778e,https://finance.yahoo.com/markets/stocks/articles/michael-burry-sends-stark-warning-171931417.html,Yahoo,2026-08-05T17:19:31Z,2026-08-05T18:16:01.734906Z,141124034,81,failed,source_summary_only,200,jina_reader_markdown,2026-08-05T21:11:58.721373Z,explicit_enrichment_failure
std_46ddce20ddf841e2b89766c9026adff2,MU,Micron's Supply Crunch Is Turning Into a Pricing Story,https://finnhub.io/api/news?id=719e3da3ef894d9628297db40d35de2a0734d702969cf04671c4fcb117c0b619,https://finance.yahoo.com/markets/stocks/articles/microns-supply-crunch-turning-pricing-174506815.html,Yahoo,2026-08-05T17:45:06Z,2026-08-05T18:16:01.701816Z,141124027,97,failed,empty_extract,200,jina_reader_markdown,2026-08-05T21:11:58.720950Z,explicit_enrichment_failure
std_7d5ac11413304e829b9de9f8760c0224,MU,Wall Street Isn't Worried About SpaceX Price Declines,https://finnhub.io/api/news?id=1625a6853d032cb8951b4fdab67de5fca475d43099fb377d770f91efada020f0,https://finance.yahoo.com/m/3a172a5a-deef-34c9-adad-ed20a824d306/wall-street-isn't-worried.html,Yahoo,2026-08-05T17:51:02Z,2026-08-05T18:16:01.675111Z,141124026,276,failed,source_summary_only,200,jina_reader_markdown,2026-08-05T21:11:58.720338Z,explicit_enrichment_failure
std_03dc43b1536144c09628e5b8bef7f842,META,"Market Chatter: Alphabet, Meta Could Face Stricter Social Media Regulation After Senate Passes Kids Online Safety Bills",https://finnhub.io/api/news?id=2bfd0ff0c548c6c69d0437e874b5e89def5a75cbb5fd08e28baebd1de76a62da,https://finance.yahoo.com/media-advertising/articles/market-chatter-alphabet-meta-could-163007068.html,Yahoo,2026-08-05T16:30:07Z,2026-08-05T18:15:40.124997Z,141124092,99,failed,source_summary_only,200,jina_reader_markdown,2026-08-05T19:47:33.144461Z,explicit_enrichment_failure
std_e8c15cfad27e4e1ca84dbf7b1503a191,META,Beyond Capex: Big Tech Quietly Locks In $2.7 Trillion in Long-Term Commitments,https://finnhub.io/api/news?id=18e0ad7d6f841bffdad7efd2946282f8b5a757a86d30a42f7d131b550513d880,https://finance.yahoo.com/m/2e0c54b6-b4ac-3e1f-803a-ce721bfb389d/beyond-capex:-big-tech.html,Yahoo,2026-08-05T17:31:00Z,2026-08-05T18:15:40.071163Z,141124052,101,failed,source_summary_only,200,jina_reader_markdown,2026-08-05T19:47:33.143479Z,explicit_enrichment_failure
std_1bcbca6aa46c4306bd775eb03029f9be,INTC,"SpaceX, Nvidia, Micron, AMD, Uber, CVS, Lilly, and More Stocks That Explain Today’s Market",https://finnhub.io/api/news?id=66feb67d01e4d70e0094ed3a397369ee81fb7e771b1a676824a3bc9007bf3596,"https://finance.yahoo.com/m/a7670b0f-ed38-324c-8ef1-46c9a987c3cd/spacex,-nvidia,-micron,-amd,.html",Yahoo,2026-08-05T16:02:00Z,2026-08-05T18:14:43.645174Z,141122822,125,failed,source_summary_only,200,jina_reader_markdown,2026-08-05T19:20:25.196870Z,explicit_enrichment_failure
std_d0dbced9850749328cae574352379260,META,"Amazon CEO Andy Jassy's AI Spending Pitch Won Wall Street Over, Jim Cramer Says— While Meta and Alphabet Are Still Struggling to Explain Theirs: 'The Same Numbers...'",https://finnhub.io/api/news?id=6118a340ba5ac55dac2762653e6658cf701b8d266a5bdf9ba896e39029bd516f,https://finance.yahoo.com/technology/ai/articles/amazon-ceo-andy-jassys-ai-143113370.html,Yahoo,2026-08-05T14:31:13Z,2026-08-05T16:15:52.428840Z,141122289,288,failed,source_summary_only,200,jina_reader_markdown,2026-08-05T17:18:06.676280Z,explicit_enrichment_failure
std_acb3b5a65adf41fa989419d29a4f4c1d,META,"Meta, Google Online Child Safety Rules Advance in US Senate",https://finnhub.io/api/news?id=8aff1939f8ae5a011244152b2e0adc8656933288690c4d0c9a5c135edf33e658,https://finance.yahoo.com/technology/ai/articles/meta-google-online-child-safety-144556082.html,Yahoo,2026-08-05T14:45:56Z,2026-08-05T16:15:52.397033Z,141122301,500,failed,timeout,429,jina_reader_markdown,2026-08-05T17:18:06.675070Z,explicit_enrichment_failure
std_ac2677871ead42d3af7197023f1d872a,META,Meta's India Problem Is Getting Harder to Contain,https://finnhub.io/api/news?id=c9f40a8de8bac0cbe54f02571ca201b3c4e62f6e8520a13a77e3e3a83d5704e3,https://finance.yahoo.com/technology/articles/metas-india-problem-getting-harder-151649935.html,Yahoo,2026-08-05T15:16:49Z,2026-08-05T16:15:52.324461Z,141122332,84,failed,empty_extract,200,jina_reader_markdown,2026-08-05T17:18:06.673243Z,explicit_enrichment_failure
std_350f5912bd664830b3903e2288dfc31c,INTC,The companies defying macro uncertainty and raising guidance: AlphaCheck,https://finnhub.io/api/news?id=fa6da8c7216714237df7ad2060c3a28e7dc5cec383d3d2fe089ac3c85ce9e88b,https://finance.yahoo.com/markets/article/the-companies-defying-macro-uncertainty-and-raising-guidance-alphacheck-140605238.html,Yahoo,2026-08-05T14:06:05Z,2026-08-05T16:15:31.917948Z,141121498,169,failed,timeout,429,jina_reader_markdown,2026-08-05T19:20:25.198377Z,explicit_enrichment_failure
std_d9902ecedb3a415cb421c2253ddd2846,META,Walt Disney Earnings Could Jolt These ETFs,https://finnhub.io/api/news?id=5d617fa483751a427ff2df1bbc6e1101db712b4bd663ea5cbca8ac9c67b92891,,Benzinga,2026-08-05T06:06:41Z,2026-08-05T14:43:47.762914Z,139951930,0,not_recorded,empty_body,,,,empty_body
std_89fb21be8c7949c4b53bb9fec9e42a18,META,SHOPLINE Partners with Papermap to Give Merchants Plain-English Answers from Their Business Data,https://finnhub.io/api/news?id=7b2c08c1de086bea8c77e4c58fb82ea6ea10a8ca1452ef921245e7687f8f797a,https://finance.yahoo.com/small-business/articles/shopline-partners-papermap-merchants-plain-124300656.html,Yahoo,2026-08-05T12:43:00Z,2026-08-05T14:16:05.702026Z,141121131,369,failed,source_summary_only,200,jina_reader_markdown,2026-08-05T14:44:02.599785Z,explicit_enrichment_failure
std_c95859419b1e44609886e917263792e9,INTC,AI and Chip Stocks Drop After Musk's Nvidia Bombshell,https://finnhub.io/api/news?id=82635f0d91736305d6fcd556b15d37c7184555c95dfe368a3821f944baa4e3fd,https://finance.yahoo.com/m/7d273947-122c-347f-9baa-ad635bda1b6d/ai-and-chip-stocks-drop-after.html,Yahoo,2026-08-05T10:41:57Z,2026-08-05T14:14:04.437112Z,141121162,368,failed,source_summary_only,200,trafilatura,2026-08-05T15:29:23.068766Z,explicit_enrichment_failure
std_f8760d11f82444eca3d826a28d8a079e,INTC,"SpaceX, Nvidia, AMD, Eli Lilly, Uber, CVS, Disney, and More Stocks That Explain Today’s Market",https://finnhub.io/api/news?id=9b551f8bb877a85423f6fceb03498cc8388b0eab31bdd64dfd15d0287c125d25,"https://finance.yahoo.com/m/a7670b0f-ed38-324c-8ef1-46c9a987c3cd/spacex,-nvidia,-amd,-eli.html",Yahoo,2026-08-05T12:18:00Z,2026-08-05T14:14:04.379584Z,141121159,309,failed,http_403,403,jina_reader_markdown,2026-08-05T16:15:35.275750Z,explicit_enrichment_failure
std_0219f468bc924b8bb667a7333bff4b85,META,AI CapEx fears: Is big tech overspending?,https://finnhub.io/api/news?id=556c5435f5153b363b2978492f5615c6e080325ac75ed0a4e38c397bd3ba1afc,https://finance.yahoo.com/video/ai-capex-fears-big-tech-100000522.html,Yahoo,2026-08-05T10:00:00Z,2026-08-05T12:14:16.277972Z,141120228,237,failed,http_403,403,jina_reader_markdown,2026-08-05T13:19:00.503664Z,explicit_enrichment_failure
std_9a6da98d48c94f33a0302da07e69e744,META,Aramark Declares Quarterly Dividend,https://finnhub.io/api/news?id=9ece0ed3662dd88594540489ba961fe5901c9867aa4deda6296a1af2355b7946,https://finance.yahoo.com/markets/stocks/articles/aramark-declares-quarterly-dividend-113000224.html,Yahoo,2026-08-05T11:30:00Z,2026-08-05T12:14:16.186511Z,141120250,237,failed,source_summary_only,200,jina_reader_markdown,2026-08-05T14:44:02.601929Z,explicit_enrichment_failure
std_fe863ab5e517483993bc3c4ec2830dcd,META,New report warns China transceiver ban would hurt U.S. AI giants,https://finnhub.io/api/news?id=ef87f8c949a040bbd9355d84774e49ed2224d97065c348148000a227ddc5db13,https://finance.yahoo.com/technology/ai/articles/report-warns-china-transceiver-ban-093946021.html,Yahoo,2026-08-05T09:39:46Z,2026-08-05T10:13:37.517665Z,141119685,370,failed,http_403,403,jina_reader_markdown,2026-08-05T13:19:00.504181Z,explicit_enrichment_failure
std_1e74ebbd7f834b22907a50bba47bcc6d,MU,Can Strong Data Center & Edge Boost SNDK's Top Line in Q4 Earnings?,https://finnhub.io/api/news?id=ae5f098256226d951f3a24980877e10f19a40f980838a6d01fac5f5a65895c07,https://finance.yahoo.com/markets/stocks/articles/strong-data-center-edge-boost-172700928.html,Yahoo,2026-08-04T17:27:00Z,2026-08-04T20:13:25.023115Z,141113164,133,failed,source_summary_only,200,jina_reader_markdown,2026-08-04T20:13:40.618419Z,explicit_enrichment_failure
std_d9063cfb6bd349b9900e6573f8fb5012,MU,"SpaceX, Palantir, AMD, Marvell,  Caterpillar, Pfizer, and More Stocks That Explain Today’s Market",https://finnhub.io/api/news?id=e334cbba8a641314746c6d3ccd68f4f4da127e2d3f52d9f41939db06ef5336e2,"https://finance.yahoo.com/m/f980eaa4-35b7-39d3-a22e-1529b3162dbb/spacex,-palantir,-amd,.html",Yahoo,2026-08-04T18:25:00Z,2026-08-04T20:13:24.989542Z,141113163,150,failed,source_summary_only,200,jina_reader_markdown,2026-08-04T20:13:40.617992Z,explicit_enrichment_failure
std_60893674d77e447ebb841c15a95d2067,MU,Samsung Retakes Lead as Micron Closes In,https://finnhub.io/api/news?id=649e13ae7d9efe90c789d58405952402c7e39ec30f2c454d30276a4a586f260f,https://finance.yahoo.com/markets/stocks/articles/samsung-retakes-lead-micron-closes-195810393.html,Yahoo,2026-08-04T19:58:10Z,2026-08-04T20:13:24.962428Z,141113162,48,failed,source_summary_only,200,jina_reader_markdown,2026-08-04T20:13:40.617105Z,explicit_enrichment_failure
std_ce0fec5da5bc46798de524af42cf331a,INTC,Intel's Packaging Progress Points to Google,https://finnhub.io/api/news?id=632c0dd72bd819358be34b6eee49c7e4113c44b331aed16891600c479a7b0e00,https://finance.yahoo.com/technology/ai/articles/intels-packaging-progress-points-google-195322309.html,Yahoo,2026-08-04T19:53:22Z,2026-08-04T20:13:18.176477Z,141113146,70,failed,source_summary_only,200,jina_reader_markdown,2026-08-04T21:31:23.107469Z,explicit_enrichment_failure
std_ae8fb3c990ed420fb2bdfe424efb8134,META,Pinterest Earnings Should be Strong. Just Look at Reddit and Snap Results.,https://finnhub.io/api/news?id=cc49ef376bf70f63e657efe08dd3d9efffd1270955d251f8ddde1cbfd1485e8e,https://finance.yahoo.com/m/e9f798b4-1bcb-36d8-a24e-bfb0dc88a9e8/pinterest-earnings-should-be.html,Yahoo,2026-08-04T16:27:00Z,2026-08-04T18:15:03.019236Z,141111584,107,failed,source_summary_only,200,jina_reader_markdown,2026-08-04T20:37:01.598761Z,explicit_enrichment_failure
std_3303b7702fbe43619a2db77f31c0a357,META,Meta Platforms (META) Q2 Growth Puts AI Spending And Valuation Back In Focus,https://finnhub.io/api/news?id=74e386f1f59663eec42096c5de54e477231ab62681e31dc855df625eaba1b1ab,https://finance.yahoo.com/markets/stocks/articles/meta-platforms-meta-q2-growth-171132506.html,Yahoo,2026-08-04T17:11:32Z,2026-08-04T18:15:02.953723Z,141111624,490,failed,source_summary_only,200,jina_reader_markdown,2026-08-04T20:37:01.597991Z,explicit_enrichment_failure
std_b3a46cabad1a473e8db69918ad216fc0,META,AI data-centre race builds $1 trillion lease burden for Big Tech,https://finnhub.io/api/news?id=de265b3b19a125630750971b3ca9ef6d23cfdd2be62fd13122c12190acf8abdd,https://finance.yahoo.com/technology/ai/articles/ai-data-centre-race-builds-171955454.html,Yahoo,2026-08-04T17:19:55Z,2026-08-04T18:15:02.920594Z,141111556,605,failed,timeout,429,jina_reader_markdown,2026-08-04T20:37:01.597125Z,explicit_enrichment_failure
std_e9b162cca85a4e048bcc0706a7e15788,INTC,"Marvell, Sandisk, SK Hynix lead semiconductor stock rally as S&P 500 trades at record highs",https://finnhub.io/api/news?id=6db627bf4f0b4f816199202a6aa613db87005896d575a448f8cc23ccfd379d94,https://finance.yahoo.com/markets/article/marvell-sandisk-sk-hynix-lead-semiconductor-stock-rally-as-sp-500-trades-at-record-highs-172216048.html,Yahoo,2026-08-04T17:22:16Z,2026-08-04T18:14:46.004279Z,141111539,66,failed,source_summary_only,200,jina_reader_markdown,2026-08-04T21:31:23.108603Z,explicit_enrichment_failure
std_2750eabf1a7e4c4c911bf6cd1aa10d9f,MU,Micron Stock Rises as It Gains Memory-Chip Share. It’s Not All Good News.,https://finnhub.io/api/news?id=b9afbc2637cdad4283ad377d8c21267cb4a633173f38fe9c9f785b4f9a2e29b5,https://finance.yahoo.com/m/34913b5a-edda-3fb1-a191-87f12f110ef4/micron-stock-rises-as-it.html,Yahoo,2026-08-04T14:17:00Z,2026-08-04T16:16:16.875779Z,141109930,103,failed,source_summary_only,200,jina_reader_markdown,2026-08-04T17:44:01.585841Z,explicit_enrichment_failure
std_b53ce1b8576c4be1a4677cfd0e0144c5,MU,Liqid Launches the Industry’s Most Advanced CXL Memory Pooling Platform for AI and Scientific Discovery,https://finnhub.io/api/news?id=ef29727b26586d54217beeba8130efd9d3ebbb1581609172783d26eb33eb9f5a,https://finance.yahoo.com/technology/ai/articles/liqid-launches-industry-most-advanced-150000886.html,Yahoo,2026-08-04T15:00:00Z,2026-08-04T16:16:16.757632Z,141109926,500,failed,timeout,429,jina_reader_markdown,2026-08-04T17:44:01.582196Z,explicit_enrichment_failure
std_e739a6a2e88145fc9350e580803ecc8e,MU,Micron Stock Pops. It Gains Memory-Chip Share—but So Does Hot Chinese Rival.,https://finnhub.io/api/news?id=173c03ea317073f10af642470e62cca23029ba42846e34ce5ef45beabe3cb0ca,https://finance.yahoo.com/m/34913b5a-edda-3fb1-a191-87f12f110ef4/micron-stock-pops.-it-gains.html,Yahoo,2026-08-04T12:21:00Z,2026-08-04T14:16:37.540403Z,141108529,103,failed,http_403,403,jina_reader_markdown,2026-08-04T14:32:41.990630Z,explicit_enrichment_failure
std_7494c2d14cfe40459d3cbda1e9c925ca,MU,SK Hynix Stock Gets a Flurry of Buy Ratings. Why Analysts Love the Memory-Chip Maker.,https://finnhub.io/api/news?id=60d85bb72c80e123eae4993819cc2ec4eda25d9421b393a3a749eb1bf5f461c5,https://finance.yahoo.com/m/1ed3ba36-b372-35a2-8e15-868c032c0a34/sk-hynix-stock-gets-a-flurry.html,Yahoo,2026-08-04T12:31:00Z,2026-08-04T14:16:37.515015Z,141108528,106,failed,http_403,403,jina_reader_markdown,2026-08-04T14:32:41.990211Z,explicit_enrichment_failure
std_371a8c2e51194211b3e36677c8b1855e,MU,"Update: Palantir Earnings Beat, Tech Stock Rally Lift US Equity Futures Pre-Bell",https://finnhub.io/api/news?id=56dfb1c9256da0d203bb28f2c0329b3eacdccdd24c42dea1a8d819378812968c,https://finance.yahoo.com/markets/stocks/articles/palantir-earnings-beat-tech-stock-125626524.html,Yahoo,2026-08-04T12:56:26Z,2026-08-04T14:16:37.467783Z,141108503,99,failed,http_403,403,jina_reader_markdown,2026-08-04T14:32:41.989176Z,explicit_enrichment_failure
std_e07a20e8f32f45c5b0cdc5ab4a8c0814,MU,"BofA sees an ""enhanced buying opportunity"" in this memory stock",https://finnhub.io/api/news?id=e910916675f2b65712bc82e96e5590efef6f07a04dc85ef835537066e8a451d7,https://finance.yahoo.com/markets/stocks/articles/bofa-sees-enhanced-buying-opportunity-134200950.html,Yahoo,2026-08-04T13:42:00Z,2026-08-04T14:16:37.440799Z,141108525,232,failed,http_403,403,jina_reader_markdown,2026-08-04T14:32:41.988267Z,explicit_enrichment_failure
std_b6cc245d5d1c4e2999ae8254f5929e65,INTC,Why Nvidia Stock Still Trades at a Heavy Discount to Chip Rivals,https://finnhub.io/api/news?id=1cd0121d8b0365cf3f81173efccca60b332c501943cd65d0653fb1e5a77dc3b2,https://finance.yahoo.com/m/f3ff39ea-18e1-38df-9674-60ba27148fb2/why-nvidia-stock-still-trades.html,Yahoo,2026-08-04T12:17:00Z,2026-08-04T14:14:51.519366Z,141108558,117,failed,empty_extract,200,jina_reader_markdown,2026-08-04T17:08:42.632154Z,explicit_enrichment_failure
std_53c5a27ca57d4a98b84c29abbee9ee75,MU,Why SK Hynix Stock Can Surge 80% as Memory-Chip Maker and Sandisk Team Up,https://finnhub.io/api/news?id=c3f9e091d808f844c1c22bb8c857613bda5ba3f7189120b7e61e206df4f09ac3,https://finance.yahoo.com/m/1ed3ba36-b372-35a2-8e15-868c032c0a34/why-sk-hynix-stock-can-surge.html,Yahoo,2026-08-04T10:15:00Z,2026-08-04T12:15:04.339683Z,141107706,106,failed,http_403,403,jina_reader_markdown,2026-08-04T13:00:49.856135Z,explicit_enrichment_failure
std_acd09400bfd34ef981ed3614f0a09fc2,MU,"Palantir, Coherent, Lumentum, ON Semi, and More Stocks That Explain Today’s Market",https://finnhub.io/api/news?id=07776d0236f3946f2c170f8fda0cd3fbb105c2327497b0db323a5cb8d02913cd,"https://finance.yahoo.com/m/f980eaa4-35b7-39d3-a22e-1529b3162dbb/palantir,-coherent,-lumentum,.html",Yahoo,2026-08-04T11:12:00Z,2026-08-04T12:15:04.285399Z,141107704,395,failed,http_403,403,jina_reader_markdown,2026-08-04T13:00:49.855212Z,explicit_enrichment_failure
std_108fd44b00d3461ebb8bc36d7949d3c0,MU,"Microchip Technology, in Collaboration With Micron Technology, Demonstrates High-Performance PCIe® Gen 6 Storage Architecture for AI and Data Center Infrastructure",https://finnhub.io/api/news?id=0efa7dda41e91ba5f8516f0877bd2e1336ec0cae974e9abd924c730a4f03e705,https://finance.yahoo.com/technology/ai/articles/microchip-technology-collaboration-micron-technology-111600573.html,Yahoo,2026-08-04T11:16:00Z,2026-08-04T12:15:04.259469Z,141107703,499,failed,http_403,403,jina_reader_markdown,2026-08-04T13:00:49.854696Z,explicit_enrichment_failure
std_b39c91b7600347c8aae299882f0877e4,INTC,RAD Intel Strengthens Leadership Team to Scale Its AI-Powered Portfolio of Operating Companies,https://finnhub.io/api/news?id=432d53338503f935a871315762e12a427a0c77eccc4309dc49f7289ad58adc8c,https://finance.yahoo.com/technology/ai/articles/rad-intel-strengthens-leadership-team-100000739.html,Yahoo,2026-08-04T10:00:00Z,2026-08-04T12:14:27.026707Z,141107760,323,failed,timeout,429,jina_reader_markdown,2026-08-04T14:52:19.538063Z,explicit_enrichment_failure
std_c0b2b48dbf1e4411a83dbf8fd6ab17e5,INTC,Aeluma Names Jason Taylor Senior Director of Program and Project Management,https://finnhub.io/api/news?id=5d548926bc5b14d3d8b90c41ab861fec36188c5f61a7807b1bfd760026dd4cf5,https://finance.yahoo.com/technology/articles/aeluma-names-jason-taylor-senior-110000694.html,Yahoo,2026-08-04T11:00:00Z,2026-08-04T12:14:26.997755Z,141107759,500,failed,timeout,429,jina_reader_markdown,2026-08-04T17:08:42.633563Z,explicit_enrichment_failure
std_cf74309ccc1e4a489290556d810741d1,INTC,INTC Q2 Deep Dive: Data Center and AI Strength Offset Market Concerns Amid Supply Constraints,https://finnhub.io/api/news?id=1b4b9e3e8d94eebd00f68bb084a7c3a843598d2d67971dd8070045a204865420,https://finance.yahoo.com/markets/stocks/articles/intc-q2-deep-dive-data-083722483.html,Yahoo,2026-08-04T08:37:22Z,2026-08-04T10:12:43.273170Z,141107140,382,failed,source_summary_only,200,jina_reader_markdown,2026-08-04T14:52:19.538754Z,explicit_enrichment_failure
std_e0b15fbe43c34292807a5642200d88fb,INTC,Intel (INTC) Faces New AI And Packaging Pressure From China And TSMC,https://finnhub.io/api/news?id=184d2f5e58b8fa0daf985f81301a65f99053b56be5ec99b3366c4ff599d4e0a7,https://finance.yahoo.com/technology/ai/articles/intel-intc-faces-ai-packaging-001514674.html,Yahoo,2026-08-04T00:15:14Z,2026-08-04T02:12:56.287388Z,141104940,498,failed,source_summary_only,200,jina_reader_markdown,2026-08-04T14:52:19.539425Z,explicit_enrichment_failure
std_3069b5810f534eee8be57cd2537d00dc,MU,Buy Sandisk Stock Before Q4 Earnings? Here's What to Know,https://finnhub.io/api/news?id=7f134f95f0536c26acc34ba6040c80112263b41e2ed7a97379682790d7102949,https://finance.yahoo.com/markets/stocks/articles/buy-sandisk-stock-q4-earnings-163400602.html,Yahoo,2026-08-03T16:34:00Z,2026-08-03T18:17:04.150182Z,141100705,113,failed,source_summary_only,200,jina_reader_markdown,2026-08-03T18:42:35.291567Z,explicit_enrichment_failure
std_d6aafcebf5d445fda8c119da1c98521e,MU,CXMT’s 466% IPO Pop Gives Apple (AAPL) Leverage. Why Micron (MU) Investors Should Stay Patient,https://finnhub.io/api/news?id=25477d732e0b693b3fede59d1df3d10e6b23d72f4d4c41d012593fc676c62780,https://finance.yahoo.com/markets/stocks/articles/cxmt-466-ipo-pop-gives-164611524.html,Yahoo,2026-08-03T16:46:11Z,2026-08-03T18:17:04.093954Z,141100563,323,failed,source_summary_only,200,jina_reader_markdown,2026-08-03T18:42:35.290530Z,explicit_enrichment_failure
std_41a77e2a1b9547c6af3f40800dbd9600,MU,Analyst Drops Jaw-Dropping Micron Target Hike With a Catch,https://finnhub.io/api/news?id=b08f1d086c9c3a734389439beed2ae4c093e19bb808446e4c0620edb06ee5b78,https://finance.yahoo.com/markets/stocks/articles/analyst-drops-jaw-dropping-micron-175037789.html,Yahoo,2026-08-03T17:50:37Z,2026-08-03T18:17:04.043639Z,141100701,58,failed,source_summary_only,200,jina_reader_markdown,2026-08-03T18:42:35.289163Z,explicit_enrichment_failure
std_b2b426c0991447fd8c686d70ea2a6faf,META,Connection Awarded Microsoft Advanced Specialization; Earns Windows Server and SQL Server Migration to Microsoft Azure Advanced Specialization,https://finnhub.io/api/news?id=ddc8b5171cca2b1bbcfe98108a5a0361499b489fce43c391965c1ba25e2898da,,Benzinga,2026-08-03T12:04:41Z,2026-08-03T17:53:14.629972Z,139931023,0,not_recorded,empty_body,,,,empty_body
std_cf094699026e4b03905f72ed19cb9228,MU,This Week In AI Chips - Palomino's Strategic Acquisition Boosts AI Interconnect Market Expansion,https://finnhub.io/api/news?id=918359f5df81514a2b6b3477b2237555d3dcedd4c4a270f7e2f525fef7590b31,https://finance.yahoo.com/technology/ai/articles/week-ai-chips-palominos-strategic-113741943.html,Yahoo,2026-08-03T11:37:41Z,2026-08-03T14:16:52.764393Z,141098826,493,failed,http_403,403,jina_reader_markdown,2026-08-03T18:00:36.124925Z,explicit_enrichment_failure
std_0dbb720aa2574f4d81a3a37e668cb113,MU,Micron Stock Drops as Chinese Memory Threat Intensifies,https://finnhub.io/api/news?id=bee5fbb45c46c8594cb65c3b0867dbb05c72827bf716b157968d6cde246bc44d,https://finance.yahoo.com/m/4f413e20-c742-389c-93ac-e0b6349f0c66/micron-stock-drops-as-chinese.html,Yahoo,2026-08-03T12:33:00Z,2026-08-03T14:16:52.739434Z,141098859,392,failed,http_403,403,jina_reader_markdown,2026-08-03T18:00:36.124532Z,explicit_enrichment_failure
std_e123617bb8ec4d8eb68f6617981c02f2,MU,Stock Market Today: Dow Rallies 600 Points On Trump Reversal; Oil Prices Plunge (Live Coverage),https://finnhub.io/api/news?id=b2c13b953d4d7bfeaa2130272eee63d9a2fc19688379cbe39763eaeb10aded52,https://finance.yahoo.com/m/cdc87a38-f6bc-3590-b126-efc5dcd8debd/stock-market-today:-dow.html,Yahoo,2026-08-03T12:45:49Z,2026-08-03T14:16:52.704926Z,141098858,134,failed,http_403,403,jina_reader_markdown,2026-08-03T18:00:36.123536Z,explicit_enrichment_failure
std_c4fb1a7ea2d742f2b4cb3e13e0e5fc29,META,Tech stock investors have a $1 trillion problem that won't improve until at least 2028,https://finnhub.io/api/news?id=9092d263ed8ee40107f467d5a9171ba6b85d14d5bf999382d0ce0fedbea3220d,https://finance.yahoo.com/markets/article/tech-stock-investors-have-a-1-trillion-problem-that-wont-improve-until-at-least-2028-120918848.html,Yahoo,2026-08-03T12:09:18Z,2026-08-03T14:14:32.901300Z,141098849,131,failed,source_summary_only,200,jina_reader_markdown,2026-08-03T17:14:01.695144Z,explicit_enrichment_failure
std_efecf8d58f484c85b367281eda9a8dca,META,Rowan Street Capital: Meta Platforms’ (META) Fundamentals Outpace Its Stock Rally,https://finnhub.io/api/news?id=dd3c6809cab4a1e330c9fbb60a82600f95c5e81d9e1020e030fe40784dd5d770,https://finance.yahoo.com/markets/stocks/articles/rowan-street-capital-meta-platforms-125528842.html,Yahoo,2026-08-03T12:55:28Z,2026-08-03T14:14:32.848418Z,141098847,341,failed,source_summary_only,200,jina_reader_markdown,2026-08-03T17:14:01.694002Z,explicit_enrichment_failure
std_5fa49778b5144bfb979c728ab15cd60d,INTC,AMD to report Q2 earnings as chip stocks continue to waver,https://finnhub.io/api/news?id=467c343225360885a09b574c58b89903aad0fc22e44e99ac50535b941e2155ac,https://finance.yahoo.com/technology/article/amd-to-report-q2-earnings-as-chip-stocks-continue-to-waver-110000620.html,Yahoo,2026-08-03T11:00:00Z,2026-08-03T14:14:29.949199Z,141098785,40,failed,source_summary_only,200,jina_reader_markdown,2026-08-03T16:30:28.502293Z,explicit_enrichment_failure
std_170ebcc357634fe78b50d0cbcefbe17f,INTC,TSMC Is Reportedly Developing Advanced Chip Packaging Tech to Challenge Intel's Dominance,https://finnhub.io/api/news?id=bbcffad250950b0d88b01ab065fe85a7572f55c688c20f83a6625576de3ace49,https://finance.yahoo.com/technology/articles/tsmc-reportedly-developing-advanced-chip-220022568.html,Yahoo,2026-08-01T22:00:22Z,2026-08-02T00:12:06.072524Z,141090048,296,failed,source_summary_only,200,jina_reader_markdown,2026-08-03T13:31:03.091136Z,explicit_enrichment_failure
std_5c6ef6ba347c485e813f612599abebab,INTC,The 5 Most Interesting Analyst Questions From Intel’s Q2 Earnings Call,https://finnhub.io/api/news?id=e7c1204f060ec02c596c6ed6b03efda6182956b3052f67039a6a24f4d7be0165,https://finance.yahoo.com/markets/stocks/articles/5-most-interesting-analyst-questions-155557123.html,Yahoo,2026-08-01T15:55:57Z,2026-08-01T18:12:34.915216Z,141088389,499,failed,source_summary_only,200,jina_reader_markdown,2026-08-03T13:31:03.091693Z,explicit_enrichment_failure
std_35b4bd76989742b9b5bf4305f9c8ec7a,MU,Micron Stock Drops 4.2% Despite Amazon's $220 Billion AI Bet,https://finnhub.io/api/news?id=d7af7cdadc7d9ee1b0332e3caa54bc07e3aea8331576614f350f420fb7b95c73,https://finance.yahoo.com/markets/stocks/articles/micron-stock-drops-4-2-193736166.html,Yahoo,2026-07-31T19:37:36Z,2026-07-31T20:14:40.953169Z,141081388,135,failed,source_summary_only,200,jina_reader_markdown,2026-07-31T20:42:43.104483Z,explicit_enrichment_failure
std_4efa65be7b3b44aa8a8efac4961c922f,MU,Micron's Rebound Still Faces Resistance,https://finnhub.io/api/news?id=da7035d509e15a1ce02c105766bf231c2a4e28e6719f70044337862939f480ec,https://finance.yahoo.com/markets/stocks/articles/microns-rebound-still-faces-resistance-195501442.html,Yahoo,2026-07-31T19:55:01Z,2026-07-31T20:14:40.902217Z,141081505,50,failed,source_summary_only,200,jina_reader_markdown,2026-07-31T20:42:43.103078Z,explicit_enrichment_failure
std_6a118db1f1f84c49916cc69a80bbd6a8,INTC,"Activist Investors Shift Back to Basics: ICR Global Head of Governance Gabriel Hasson, Live at NYSE",https://finnhub.io/api/news?id=435095702cfeb95c19122ca847c40e7c70175e91b3f4dc1530f348d33198b494,https://finance.yahoo.com/markets/stocks/articles/activist-investors-shift-back-basics-174817022.html,Yahoo,2026-07-31T17:48:17Z,2026-07-31T20:13:31.059081Z,141081536,500,failed,timeout,429,jina_reader_markdown,2026-07-31T21:51:50.451203Z,explicit_enrichment_failure
std_0d1f0d62663b489ebaf1260bb0b9e4bb,INTC,Intel Stock Rises as Analyst Sees Apple Supply Opportunity,https://finnhub.io/api/news?id=258af3c7948b607db2a09d4d87bd2d5f66f067f31dcbdb41e67ae88e29728f15,https://finance.yahoo.com/markets/stocks/articles/intel-stock-rises-analyst-sees-191634969.html,Yahoo,2026-07-31T19:16:34Z,2026-07-31T20:13:31.017275Z,141081535,113,failed,source_summary_only,200,jina_reader_markdown,2026-07-31T21:51:50.450370Z,explicit_enrichment_failure
std_0d548ce6442a4351a61e08a092406148,META,Cathie Wood Makes $14.3 Million Mega-Cap Tech Stock,https://finnhub.io/api/news?id=af1e4033f087c7c432ab0ba0b5e50012cfbcade916578e335fe03cfa2932d9aa,https://finance.yahoo.com/markets/stocks/articles/cathie-wood-makes-14-3-163234667.html,Yahoo,2026-07-31T16:32:34Z,2026-07-31T18:15:12.512774Z,141080272,61,failed,source_summary_only,200,jina_reader_markdown,2026-07-31T19:43:49.102046Z,explicit_enrichment_failure
std_892258b1368e4e4e80a664e3da01930a,META,"Stock Market Rises Amid Apple, Amazon, Meta, Microsoft Earnings, Soaring Yields: Weekly Review",https://finnhub.io/api/news?id=a1cd654a3b77edfba3c84879196ac8b59a48f0d10152253f5068bd81fc7b0d5c,https://finance.yahoo.com/m/db52ca39-3f05-39e6-be83-8f8d83dbd9af/stock-market-rises-amid.html,Yahoo,2026-07-31T16:38:30Z,2026-07-31T18:15:12.446772Z,141080182,136,failed,timeout,429,jina_reader_markdown,2026-07-31T19:43:49.101406Z,explicit_enrichment_failure
std_1fa42eecf59542dea73a327347e88285,META,Why Wall Street Likes Apple's AI Strategy Despite Friday's Stock Tumble,https://finnhub.io/api/news?id=a6d08be3ba56bf52d6d20f493406334dfd41bdb7d92ce6fb1bf2e9d179f071d6,https://finance.yahoo.com/m/8264b825-64d2-3c4d-9b06-146b5a56f81e/why-wall-street-likes-apple's.html,Yahoo,2026-07-31T17:02:45Z,2026-07-31T18:15:12.416587Z,141080179,102,failed,source_summary_only,200,jina_reader_markdown,2026-07-31T19:43:49.100680Z,explicit_enrichment_failure
std_c2658590d383413bb6ec2bbf47356997,META,Meta Faces India Legal Scrutiny,https://finnhub.io/api/news?id=17fb172d685a525668eb02a1f5b0dea4f57475e8c19e1cd12e37586179b514cd,https://finance.yahoo.com/technology/articles/meta-faces-india-legal-scrutiny-171355742.html,Yahoo,2026-07-31T17:13:55Z,2026-07-31T18:15:12.376649Z,141080267,51,failed,source_summary_only,200,jina_reader_markdown,2026-07-31T19:43:49.099509Z,explicit_enrichment_failure
std_0607cd39e4f641448a4852368de39bd0,INTC,Should You Buy AMD Stock Ahead of Q2 Earnings? Here's What to Know,https://finnhub.io/api/news?id=dbad5bd9f86ac687ebc66c441840dd79bd21cf50a70bc77a425da18c1f9aa165,https://finance.yahoo.com/markets/stocks/articles/buy-amd-stock-ahead-q2-152100876.html,Yahoo,2026-07-31T15:21:00Z,2026-07-31T18:13:40.040014Z,141080257,146,failed,source_summary_only,200,jina_reader_markdown,2026-07-31T21:51:50.452172Z,explicit_enrichment_failure
std_eade7757f1384f408305d2337350e2e2,META,"Meta Dropped, Amazon and Microsoft Rallied: Don’t Panic, Accumulate",https://finnhub.io/api/news?id=bb6cdf106e2b0292b6cb281088ee26c31808a48eb2f62929da9db6f50d470520,https://finance.yahoo.com/markets/stocks/articles/meta-dropped-amazon-microsoft-rallied-150037870.html,Yahoo,2026-07-31T15:00:37Z,2026-07-31T16:21:29.937499Z,141078849,339,failed,source_summary_only,200,jina_reader_markdown,2026-07-31T18:13:37.307244Z,explicit_enrichment_failure
std_789cf343bf8d47d08e20619db9aa69c5,META,Why Amazon stock isn't getting bogged down by its negative free cash flow,https://finnhub.io/api/news?id=30c7b01f67af1e3fcf512190de2b6c8ec102f860478450aef8a18b90113c13e1,https://finance.yahoo.com/video/why-amazon-stock-isnt-getting-154500690.html,Yahoo,2026-07-31T15:45:00Z,2026-07-31T16:21:29.877143Z,141078864,274,failed,unsupported_media,200,jina_reader_markdown,2026-07-31T18:13:37.305730Z,explicit_enrichment_failure
std_a3ead813ac9046f5ada239ee0c2b9bf8,MU,Micron Stock Is Rising on What Apple’s Tim Cook Didn’t Say,https://finnhub.io/api/news?id=cbd3cf9e3f60156de7e13f376d1897ee4ec746a82a81958bb67d896b31c7dcb0,https://finance.yahoo.com/m/7fa3af56-c624-3e1b-95e7-d0de14ed1384/micron-stock-is-rising-on.html,Yahoo,2026-07-31T12:17:00Z,2026-07-31T14:14:34.491885Z,141077872,144,failed,empty_extract,200,jina_reader_markdown,2026-07-31T18:02:34.540678Z,explicit_enrichment_failure
std_ceebd9e46bbc42e1b689288474be9d14,MU,Buy 5 AI Infrastructure Stocks as Big Techs Assure Lasting AI Frenzy,https://finnhub.io/api/news?id=67258d979813ab6000ca1fd592bc2ab697b7a5e838e3629b80629cca2db6f43d,https://finance.yahoo.com/technology/ai/articles/buy-5-ai-infrastructure-stocks-123100433.html,Yahoo,2026-07-31T12:31:00Z,2026-07-31T14:14:34.452525Z,141077972,161,failed,source_summary_only,200,jina_reader_markdown,2026-07-31T18:02:34.540244Z,explicit_enrichment_failure
std_0adfad799e284afd8854fe35a72ac838,MU,Update: Amazon Overperformance Lifts US Equity Futures Pre-Bell Amid Potential Expansion of Middle East Conflict to Egypt,https://finnhub.io/api/news?id=84f0275a275618ec204a5a85015de38502cbd34f3bc57cbee2dc1cd924dd6bc9,https://finance.yahoo.com/markets/stocks/articles/amazon-overperformance-lifts-us-equity-124708009.html,Yahoo,2026-07-31T12:47:08Z,2026-07-31T14:14:34.420833Z,141077867,99,failed,timeout,429,jina_reader_markdown,2026-07-31T18:02:34.539811Z,explicit_enrichment_failure
std_2b2c7a633c2d4df3967c045edf2a7a65,META,'All Bark and No Bite': Peter Schiff Says Kevin Warsh Chose Inflation,https://finnhub.io/api/news?id=0affcc45c3c943ed36ea05f4da9f322457024aabebda6f9065a343ff3b9aafb7,https://finance.yahoo.com/economy/policy/articles/bark-no-bite-peter-schiff-120042663.html,Yahoo,2026-07-31T12:00:42Z,2026-07-31T14:14:11.802195Z,141077954,256,failed,source_summary_only,200,jina_reader_markdown,2026-07-31T15:02:56.952160Z,explicit_enrichment_failure
std_c52a8d40cc4f4d468a2a70497d0816fe,META,OKLO vs. Bloom Energy: Only One Clean Energy Stock Is a Buy,https://finnhub.io/api/news?id=95efed5cde6e21eb7e73665d24d4ca1f8255d8674a42ffb0333105a590c91db7,https://finance.yahoo.com/energy/articles/oklo-vs-bloom-energy-only-120700868.html,Yahoo,2026-07-31T12:07:00Z,2026-07-31T14:14:11.777144Z,141077953,143,failed,source_summary_only,200,jina_reader_markdown,2026-07-31T15:02:56.951787Z,explicit_enrichment_failure
std_407338bde30b46eaa3126e118d82242c,META,Apple CEO Tim Cook says this '100-year flood' won't be receding anytime soon,https://finnhub.io/api/news?id=aa574354dee69759a4c7dc87e92415edcfe6775871c11d8e88a2748ce69f678a,https://finance.yahoo.com/technology/article/apple-ceo-tim-cook-says-this-100-year-flood-wont-be-receding-anytime-soon-121832016.html,Yahoo,2026-07-31T12:18:32Z,2026-07-31T14:14:11.746341Z,141077871,58,failed,source_summary_only,200,jina_reader_markdown,2026-07-31T15:02:56.951310Z,explicit_enrichment_failure
std_7aff31672203428e9b81a6a1abef3f3b,INTC,Why Apple Needs Intel to Overcome Supply Worries,https://finnhub.io/api/news?id=ad5331501cd5dc8d9e21079d3c2246e185759b198384155490f738a879d9582d,https://finance.yahoo.com/m/32588060-6365-376c-9f7d-fd9110328510/why-apple-needs-intel-to.html,Yahoo,2026-07-31T11:42:00Z,2026-07-31T14:13:50.183583Z,141077999,304,failed,source_summary_only,200,jina_reader_markdown,2026-07-31T21:51:50.452611Z,explicit_enrichment_failure
std_078825d23e0f447eba52a5aa977f28f6,MU,Why Micron Stock Is Rising on What Apple’s Tim Cook Didn’t Say,https://finnhub.io/api/news?id=d918253ff5288672ba35b5610b6173c399e175a0c364544c776047a9e3ce189b,https://finance.yahoo.com/m/7fa3af56-c624-3e1b-95e7-d0de14ed1384/why-micron-stock-is-rising-on.html,Yahoo,2026-07-31T09:48:00Z,2026-07-31T12:15:38.593543Z,141077120,144,failed,empty_extract,200,jina_reader_markdown,2026-07-31T13:38:45.688805Z,explicit_enrichment_failure
std_6e5af15c8cae4419a7a9fb1a005f0c29,MU,Tesla Snaps Losing Streak. Can It Start To Rebuild Momentum?,https://finnhub.io/api/news?id=70346a2fdac18a3ad9bf065bcee76508c0949c8f9e3231dcc870124337d34b0f,https://finance.yahoo.com/m/ceb61199-39c6-338d-b832-a3c8629e660c/tesla-snaps-losing-streak..html,Yahoo,2026-07-31T11:42:56Z,2026-07-31T12:15:38.510373Z,141077219,134,failed,timeout,429,jina_reader_markdown,2026-07-31T15:32:35.418494Z,explicit_enrichment_failure
std_8688f7611c1045b4be562b482dbf8160,META,Mark Zuckerberg Says AI Will Create An 'Infinite' Instagram,https://finnhub.io/api/news?id=16c1e99bfc6090b29f847f55400ddf2cb157725f6168d49d43ec6ecd5a22c9ec,https://finance.yahoo.com/technology/ai/articles/mark-zuckerberg-says-ai-create-104521815.html,Yahoo,2026-07-31T10:45:21Z,2026-07-31T12:14:44.374243Z,141077200,286,failed,source_summary_only,200,jina_reader_markdown,2026-07-31T13:51:53.963273Z,explicit_enrichment_failure
std_0af1830b9b414a0cabdc4488cb54340b,META,Tim Cook's final earnings call: Apple's on-device AI strategy,https://finnhub.io/api/news?id=173b5a61be5e27cca4a971e0db99cbe02233c3533170cfe424ba27ae172816de,https://qz.com/tim-cook-apple-on-device-ai-competitive-weapon-final-earnings-call-073126,Yahoo,2026-07-31T11:09:12Z,2026-07-31T12:14:44.321525Z,141077112,134,failed,incomplete_extract,200,jina_reader_markdown,2026-07-31T13:51:53.962875Z,explicit_enrichment_failure
std_705e8cc02a734cf8bd4b5114d40bf471,META,Amazon Shares Surge on Cloud-Driven Quarterly Beat; CapEx Outlook Raised,https://finnhub.io/api/news?id=e8310ab351527a6f2d5f273736380e5ac360f1290f9b16d40bb3c8b304fac09c,https://finance.yahoo.com/markets/stocks/articles/amazon-shares-surge-cloud-driven-114010190.html,Yahoo,2026-07-31T11:40:10Z,2026-07-31T12:14:44.296213Z,141077149,100,failed,empty_extract,200,jina_reader_markdown,2026-07-31T13:51:53.962406Z,explicit_enrichment_failure
std_97323dfb531a487681d93ef718cc9373,META,Stocks Rise Pre-Bell as Amazon Results Lift AI Trade Sentiment,https://finnhub.io/api/news?id=f16d5a2dc9b6a4824034e9a6c0d771a4a457d491209a6f45740cd61bdbd2cfc4,https://finance.yahoo.com/markets/stocks/articles/stocks-rise-pre-bell-amazon-114629624.html,Yahoo,2026-07-31T11:46:29Z,2026-07-31T12:14:44.271390Z,141077109,100,failed,empty_extract,200,jina_reader_markdown,2026-07-31T15:02:56.952541Z,explicit_enrichment_failure
std_273a9d5272b045b3b94e0a2991312ae5,MU,This Chinese computer chip maker burned through $5 billion in a decade — then made it all back in a single quarter,https://finnhub.io/api/news?id=35ea5406521ab8c3fa4e3d466f03894f1a9ac41243f1241fd3db5541c3894f94,https://finance.yahoo.com/technology/articles/chinese-computer-chip-maker-burned-093000866.html,Yahoo,2026-07-31T09:30:00Z,2026-07-31T10:14:04.504199Z,141076560,156,failed,source_summary_only,200,jina_reader_markdown,2026-07-31T13:38:45.689247Z,explicit_enrichment_failure
std_8c26638774324e0ba0fc5ab9a466b075,INTC,"Amazon, Microsoft Results Show AI Spending Spree Remains Solid",https://finnhub.io/api/news?id=851f489df4dcecd1b98561fe22b584f8118504d976a3ec94a53497deb82bddbd,https://finance.yahoo.com/technology/ai/articles/amazon-microsoft-results-show-ai-002937632.html,Yahoo,2026-07-31T00:29:37Z,2026-07-31T10:13:24.688693Z,141076591,500,failed,source_summary_only,200,jina_reader_markdown,2026-07-31T15:32:08.240092Z,explicit_enrichment_failure
std_a92e47b1617f4b719632d354597749cc,MU,"Zacks.com featured highlights include Micron, NVIDIA and TD SYNNEX",https://finnhub.io/api/news?id=32f4c27f8d3c89d26bbffaca58e9d6784abcf1fff632e9e00d2e59173f5469e9,https://finance.yahoo.com/markets/stocks/articles/zacks-com-featured-highlights-micron-063000584.html,Yahoo,2026-07-31T06:30:00Z,2026-07-31T08:13:08.539929Z,141076106,142,failed,source_summary_only,200,jina_reader_markdown,2026-07-31T12:59:47.898991Z,explicit_enrichment_failure
std_8ec0b25f51e947b39e32c27c15a76ee1,INTC,Intel (INTC) Just Expanded Its Foundry Tool Kit For AI Chip Customers,https://finnhub.io/api/news?id=4a26fbd5c40295fceb6ae5e3347d62aa6a878907df7b68d39ad2a165f1743380,https://finance.yahoo.com/technology/ai/articles/intel-intc-just-expanded-foundry-221101344.html,Yahoo,2026-07-30T22:11:01Z,2026-07-31T00:17:07.929860Z,141072922,498,failed,source_summary_only,200,jina_reader_markdown,2026-07-31T15:32:08.240599Z,explicit_enrichment_failure
std_c3a23dc97df64970b74262ff3e6989ec,MU,Memory Stocks Surge. Sandisk Tops S&P 500 Gainers.,https://finnhub.io/api/news?id=6c6f5e94c206c599ca081dc99d082635c17691d5d37214090ed1d4e6ea33fcf3,https://finance.yahoo.com/m/db5a2b16-9dba-33bd-b3d3-e6a4d82f21ae/memory-stocks-surge.-sandisk.html,Yahoo,2026-07-30T16:29:16Z,2026-07-30T18:16:38.043737Z,141068279,248,failed,source_summary_only,200,jina_reader_markdown,2026-07-30T19:35:53.295330Z,explicit_enrichment_failure
std_0b43935f438444da915c747c6aa957e5,MU,Sandisk Stock Is Having Its Best Day Since January. It Has Had a Tough Month.,https://finnhub.io/api/news?id=c14a1a45c9bb750752284da56d4b315452b8050eaddac2959ebbe2955af0a500,https://finance.yahoo.com/m/ae656ca1-8ae1-391d-8f12-22230841adc0/sandisk-stock-is-having-its.html,Yahoo,2026-07-30T16:33:00Z,2026-07-30T18:16:38.012873Z,141068278,103,failed,source_summary_only,200,jina_reader_markdown,2026-07-30T19:35:53.294940Z,explicit_enrichment_failure
std_1fcfb3a9cda74c44a3fac594746542a5,META,"Stock Market Today: Nasdaq Rebounds, Chips Jump; These Techs Face Key Resistance Level (Live Coverage)",https://finnhub.io/api/news?id=7c9ba77e586a3d0c69b4d92238e928b645acd5a8ba7a3229c082a850e2ada0f3,https://finance.yahoo.com/m/826969c6-014c-37f9-9ed7-da1bab782e05/stock-market-today:-nasdaq.html,Yahoo,2026-07-30T17:22:52Z,2026-07-30T18:15:58.769578Z,141068152,133,failed,source_summary_only,200,trafilatura,2026-07-30T19:50:13.501307Z,explicit_enrichment_failure
std_c6194a4188374eee8c7dec6e7eb5c9ac,META,"CoreWeave Q2 Revenue Expected at 'High End' of Guidance, Oppenheimer Says",https://finnhub.io/api/news?id=52ddcae652fe2637cbcc6c3e9f799e72e7b222a7bdfbf63dd0542911edca2865,https://finance.yahoo.com/technology/articles/coreweave-q2-revenue-expected-apos-172343574.html,Yahoo,2026-07-30T17:23:43Z,2026-07-30T18:15:58.742530Z,141068246,100,failed,source_summary_only,200,trafilatura,2026-07-30T19:50:13.500918Z,explicit_enrichment_failure
std_4435b08ec3de4f1b8e9c514c70ffaf10,META,Meta's & Microsoft's massive AI spending: Why only one is getting rewarded,https://finnhub.io/api/news?id=9a37287a4748e2b185dbffb2fec2982d9be705dfc63d985338aae1fe4ff65004,https://finance.yahoo.com/video/metas-microsofts-massive-ai-spending-173000471.html,Yahoo,2026-07-30T17:30:00Z,2026-07-30T18:15:58.716605Z,141068186,320,failed,unsupported_media,200,trafilatura,2026-07-30T19:50:13.500579Z,explicit_enrichment_failure
std_c88b7f75cf104b60b1f5c8d12e122baf,META,Update: US Equity Indexes Surge as Rebound in Chipmakers Boosts Technology,https://finnhub.io/api/news?id=e110d0dea6c8a69343446a2f4b7136abbeee79aca3d9af682d9032f1625b6064,https://finance.yahoo.com/markets/stocks/articles/us-equity-indexes-surge-rebound-173515845.html,Yahoo,2026-07-30T17:35:15Z,2026-07-30T18:15:58.686875Z,141068184,100,failed,source_summary_only,200,trafilatura,2026-07-30T19:50:13.500145Z,explicit_enrichment_failure
std_31ec48bdf57443248d6a2cc4b4d166fa,INTC,Intel Is Opening a Door It Usually Keeps Closed,https://finnhub.io/api/news?id=00105214ed756cb17544c48aa035b4bd1246c76710194b92917a03d3740a9748,https://finance.yahoo.com/technology/articles/intel-opening-door-usually-keeps-163124205.html,Yahoo,2026-07-30T16:31:24Z,2026-07-30T18:15:29.963365Z,141068320,105,failed,source_summary_only,200,jina_reader_markdown,2026-07-30T18:15:47.181072Z,explicit_enrichment_failure
std_c8c9187e2b2747b5a8f8a9df3bdef8e3,INTC,Brookfield Infrastructure Partners L.P. Q2 2026 Earnings Call Summary,https://finnhub.io/api/news?id=89b1331264b58d272ddfc389e0e590f1ad8d7cb9b923c07d5ba40bcb5f8a6b26,https://app.moby.co/home/research/tools/earningsCalendar/earnings-brookfield-infrastructure-partners-lp-q2-2026-earnings-call-summary?utm_source=yahoo_finance&utm_medium=rss&.tsrc=rss,Yahoo,2026-07-30T16:46:16Z,2026-07-30T18:15:29.927391Z,141068319,79,failed,empty_extract,200,empty_extract,2026-07-30T18:15:47.180589Z,explicit_enrichment_failure
std_c4c8669b1f4146fd9415f4314474c70f,MU,"Stock Market News for July 30, 2026",https://finnhub.io/api/news?id=082720fae0300269ebd625b178ba87b38e0edcc909f9e5b0a2bd8cc1f682500a,https://finance.yahoo.com/markets/stocks/articles/stock-market-news-july-30-133400329.html,Yahoo,2026-07-30T13:34:00Z,2026-07-30T16:16:08.013426Z,141066567,195,failed,timeout,429,jina_reader_markdown,2026-07-30T17:02:35.917020Z,explicit_enrichment_failure
std_92b0a2262a7542c7b8cb11f378885f37,MU,Chip Stocks Boost Tech-Led Rebound Rally at Software’s Expense,https://finnhub.io/api/news?id=942cf3d331c13fcd3fee7c10b497e9e5fa25cc605c746373996bafbbe6dd4f2e,https://finance.yahoo.com/m/1d2fbf3d-9f8b-3d13-a285-1747fc3ccd90/chip-stocks-boost-tech-led.html,Yahoo,2026-07-30T14:15:12Z,2026-07-30T16:16:07.950943Z,141066605,301,failed,source_summary_only,200,jina_reader_markdown,2026-07-30T17:02:35.915996Z,explicit_enrichment_failure
std_d48c7cdf5f2d412bb03a9d382f4e0b5d,MU,Micron Stock Is Surging. Why a  Samsung Warning Is Sparking a Memory Rebound.,https://finnhub.io/api/news?id=df97c6cbff50ce2a8554829ee17562cce279771fb5c41faeaf1036006eef2b8d,https://finance.yahoo.com/m/21ea1496-a18b-390c-80bc-050748905146/micron-stock-is-surging.-why.html,Yahoo,2026-07-30T15:29:00Z,2026-07-30T16:16:07.820213Z,141066678,162,failed,source_summary_only,200,jina_reader_markdown,2026-07-30T17:02:35.915330Z,explicit_enrichment_failure
std_17de5645398648a3a040502ff1d9c1fe,MU,Micron vs SanDisk: Which Chipmaker Stands Out After the Pullback,https://finnhub.io/api/news?id=89dbaa449bd4723de421bb89d0238a3d5b63c933fed91de5adf2859b927b8236,https://finance.yahoo.com/markets/stocks/articles/micron-vs-sandisk-chipmaker-stands-154114021.html,Yahoo,2026-07-30T15:41:14Z,2026-07-30T16:16:07.790846Z,141066677,394,failed,source_summary_only,200,jina_reader_markdown,2026-07-30T19:35:53.295717Z,explicit_enrichment_failure
std_cb778e6b5fdd46eaa5c5011721eaa5ce,META,Top Midday Stories: Microsoft Shares Rise After Strong Fiscal Q4 Earnings; Meta Shares Fall Following Q2 Earnings Miss,https://finnhub.io/api/news?id=4d6b1cc5f1c8c9321546e0ad9a18292a81d5e08eb8edd2597a8214fbe57c91a4,https://finance.yahoo.com/markets/stocks/articles/top-midday-stories-microsoft-shares-154633721.html,Yahoo,2026-07-30T15:46:33Z,2026-07-30T16:15:09.595002Z,141066589,100,failed,source_summary_only,200,trafilatura,2026-07-30T17:33:49.098259Z,explicit_enrichment_failure
std_9a09dc27ca634370a0aadf2928125d27,MU,Fund’s Missed Bet on Micron Technology (MU) Weighs on Performance,https://finnhub.io/api/news?id=8ecbab817b6e93c4737b844d5f1f418061cee1ad980766a8531766b1b48fb2cb,https://finance.yahoo.com/markets/stocks/articles/fund-missed-bet-micron-technology-130058286.html,Yahoo,2026-07-30T13:00:58Z,2026-07-30T14:15:40.814432Z,141065414,436,failed,source_summary_only,200,jina_reader_markdown,2026-07-30T14:38:17.777444Z,explicit_enrichment_failure
std_b5de76232bb8436b8898d4624ca2dc18,INTC,Nvidia Stock Is Showing Signs of Life. What’s Driving the Rebound.,https://finnhub.io/api/news?id=9d80ff95f384a69f79894879a0c99ea3143cfd738a7faa5674d8edf14ac487c2,https://finance.yahoo.com/m/fe1e2ac6-d4ba-3c64-85a4-806285ed89fb/nvidia-stock-is-showing-signs.html,Yahoo,2026-07-30T12:28:00Z,2026-07-30T14:14:02.558821Z,141065337,125,failed,source_summary_only,200,jina_reader_markdown,2026-07-30T18:15:47.182023Z,explicit_enrichment_failure
std_17c4f1133a8741b084926d8df7a1109a,MU,Samsung Warns of Memory Shortages Through 2028. Can Micron Bounce Back?,https://finnhub.io/api/news?id=934d953ffa5fab9b2a1d2492f3190c30de741fb99b470d97b2cd84e10bcb7259,https://finance.yahoo.com/m/21ea1496-a18b-390c-80bc-050748905146/samsung-warns-of-memory.html,Yahoo,2026-07-30T11:41:00Z,2026-07-30T12:15:10.407545Z,141064523,162,failed,source_summary_only,200,jina_reader_markdown,2026-07-30T14:38:17.781137Z,explicit_enrichment_failure
std_87fcb1944ae244c5a5efd59bc19488aa,INTC,Omdia: AI Demand Drives 94.1% Surge in Semiconductor Forecast for 2026,https://finnhub.io/api/news?id=0fc0ad63eeedd415f2b3d10a20b1190efc31586d74bf60eaa077849433b13b9c,https://finance.yahoo.com/technology/ai/articles/omdia-ai-demand-drives-94-115700420.html,Yahoo,2026-07-30T11:57:00Z,2026-07-30T12:14:32.350408Z,141064441,500,failed,timeout,429,jina_reader_markdown,2026-07-30T17:43:13.976690Z,explicit_enrichment_failure
std_58953121ff0f4e2f9393061175a0b116,META,Stock Futures Rise as Investors Await Key Inflation Report Following Fed Hold,https://finnhub.io/api/news?id=e8b8330ecf6f04d32ce287d18df0fab9c7b99fe6f6a7be78c5a1b6f39d00171e,https://finance.yahoo.com/markets/stocks/articles/stock-futures-rise-investors-await-114844580.html,Yahoo,2026-07-30T11:48:44Z,2026-07-30T12:14:14.151799Z,141064426,100,failed,empty_extract,200,jina_reader_markdown,2026-07-30T13:20:47.673178Z,explicit_enrichment_failure
std_f20d1ea35e044ea1b5daba25a29d85bd,META,The Big Cash Flow Problem That Is Sinking Meta Stock After Earnings,https://finnhub.io/api/news?id=b52e796f7b395a11704ec7678399ed069659806513f9739468972c461c47c634,https://finance.yahoo.com/m/4667ac71-f180-3aa4-8830-cd7a701b7d07/the-big-cash-flow-problem.html,Yahoo,2026-07-30T11:55:00Z,2026-07-30T12:14:14.090612Z,141064461,120,failed,source_summary_only,200,jina_reader_markdown,2026-07-30T13:20:47.671913Z,explicit_enrichment_failure
std_1a8ff5d2498d46a49fb80621f3032ca8,INTC,"Intel: Buy The AI CPU Bottleneck, Treat Foundry As The Option",https://finnhub.io/api/news?id=360c061665ce017bcfd4fd798b4657d4272abb056abe1c2f1af5c0bc41e988bd,https://seekingalpha.com/article/4927489-intel-buy-the-ai-cpu-bottleneck-treat-foundry-as-the-option,SeekingAlpha,2026-07-30T05:03:30Z,2026-07-30T09:20:29.865367Z,141063751,137,failed,incomplete_extract,200,jina_reader_markdown,2026-07-30T13:24:34.424339Z,explicit_enrichment_failure
std_e0bef487498643cbb4de0eb72f0630c2,MU,Micron Technology CEO Dumps $37 Million Worth of Shares,https://finnhub.io/api/news?id=c92e4565b3fccacabddbf1d6c744a952304e21f538cc0af7ef6bcd6673fd8ba7,https://finance.yahoo.com/markets/stocks/articles/micron-technology-ceo-dumps-37-161324615.html,Yahoo,2026-07-29T16:13:24Z,2026-07-29T18:16:54.843864Z,141055682,71,failed,source_summary_only,200,jina_reader_markdown,2026-07-29T20:02:52.285578Z,explicit_enrichment_failure
std_d36426d453e0454b9d611bb4faacdc1a,MU,Micron Investors Get Another Reason to Be Nervous,https://finnhub.io/api/news?id=4cafd2908fc87cdeaff586cb62f4271bd91c05500420ca69c33c00d8f382e7ea,https://finance.yahoo.com/markets/stocks/articles/micron-investors-another-reason-nervous-170459444.html,Yahoo,2026-07-29T17:04:59Z,2026-07-29T18:16:54.808777Z,141055680,67,failed,source_summary_only,200,jina_reader_markdown,2026-07-29T20:02:52.285115Z,explicit_enrichment_failure
std_ec46aa4ef23a4d229781a529319eb257,INTC,"Trump’s $100,000 Truth API Faces SEC Investigation Demand: Two Precedents Show How it Ends",https://finnhub.io/api/news?id=b1db123fe9b7323cbce57592bb112b5d72d326ab0e5ac09497b37c6b7bc1073e,https://beincrypto.com/trump-truth-api-sec-investigation-demand/,Yahoo,2026-07-29T16:55:26Z,2026-07-29T18:15:32.483797Z,141055732,149,failed,http_403,403,curl_cffi_trafilatura,2026-07-29T18:15:36.354092Z,explicit_enrichment_failure
std_a6969b95d0754efcbdbe3bf25fdef2a3,INTC,"Intel's Data Center Revenue Soared 59% in the Second Quarter. So, Why Did Wall Street Sell the Stock?",https://finnhub.io/api/news?id=02fcdf958492fb67e5e20b2bb367a8169e80da123805633ab7dae556b1eea4cf,https://www.fool.com/investing/2026/07/29/intels-data-center-revenue-soared-59-in-the-second/,Yahoo,2026-07-29T17:35:00Z,2026-07-29T18:15:32.424640Z,141055611,122,failed,http_403,403,jina_reader_markdown,2026-07-29T18:15:36.352723Z,explicit_enrichment_failure
std_7b5ef37e57bd47be980f083770f12aef,MU,Semiconductor stocks are going up in smoke. But the S&P 500 is holding strong.,https://finnhub.io/api/news?id=c0bbae7863844cb5e7fe4e7006715edaac1d9c28bb2fdd2ce284041b6556a24a,https://finance.yahoo.com/markets/article/semiconductor-stocks-are-going-up-in-smoke-but-the-sp-500-is-holding-strong-143223884.html,Yahoo,2026-07-29T14:32:23Z,2026-07-29T16:16:38.386570Z,141054019,24,failed,timeout,429,jina_reader_markdown,2026-07-29T17:14:06.504289Z,explicit_enrichment_failure
std_9b170775470a40859c916dcef223a024,MU,Why Ericsson’s Worst Day in Three Years Wasn’t About This Quarter’s Numbers,https://finnhub.io/api/news?id=2c371c264c6594a56d8f69c3bffd167803ed2621dd457fef88f36e53aaa810db,https://finance.yahoo.com/markets/stocks/articles/why-ericsson-worst-day-three-144514841.html,Yahoo,2026-07-29T14:45:14Z,2026-07-29T16:16:38.336939Z,141054017,360,failed,timeout,429,jina_reader_markdown,2026-07-29T17:14:06.503180Z,explicit_enrichment_failure
std_8cc6022397aa4364a81f458022dbbd07,META,"Coca-Cola Has Is More Expensive Than Nvidia, Deservedly So",https://finnhub.io/api/news?id=6ca0ffc9737b9fa330fb33b1d375607bb02ed9b18980d2de4125f0ec616337f0,https://finance.yahoo.com/m/2a64dcfb-563e-346f-bfb5-03778e6fe251/coca-cola-has-is-more.html,Yahoo,2026-07-29T13:53:00Z,2026-07-29T16:15:52.487078Z,141053943,403,failed,empty_extract,200,jina_reader_markdown,2026-07-29T18:05:05.491149Z,explicit_enrichment_failure
std_158d2ef113d3479cacd3f6fd99d2f97e,META,Wall Street Picks AI Winners and Losers as Credit Swaps Surge,https://finnhub.io/api/news?id=a5d1d4bb9b376d08aa04a4d7960a8df4b23a951d914b598299f1998b6f5b8fd5,https://finance.yahoo.com/markets/stocks/articles/wall-street-picks-ai-winners-140735436.html,Yahoo,2026-07-29T14:07:35Z,2026-07-29T16:15:52.457711Z,141053978,500,failed,source_summary_only,200,jina_reader_markdown,2026-07-29T18:05:05.490272Z,explicit_enrichment_failure
std_b63f65a77da14559bb448edca18be5a5,META,"Dow Falls 700 Points Ahead of Fed Decision, Earnings",https://finnhub.io/api/news?id=150d4e7fc25ad14a0b7fca56e432c0640b0468a989f8da32a62bc6d9ecad336e,https://finance.yahoo.com/m/10ee9775-75e0-3e57-aaa3-710c14756caf/dow-falls-700-points-ahead-of.html,Yahoo,2026-07-29T14:14:07Z,2026-07-29T16:15:52.430412Z,141053976,215,failed,source_summary_only,200,jina_reader_markdown,2026-07-29T18:05:05.489484Z,explicit_enrichment_failure
std_d6284f06c9c44afcb20b5e6038a9501a,META,Meta's Mark Zuckerberg goes on the offensive selling AI optimism,https://finnhub.io/api/news?id=639d502a2c12f7a0b6be5d9ebaf85df112c2737a1d47c406ab8ef73e1fd5d484,https://finance.yahoo.com/video/metas-mark-zuckerberg-goes-offensive-150000958.html,Yahoo,2026-07-29T15:00:00Z,2026-07-29T16:15:52.347919Z,141054010,533,failed,unsupported_media,200,jina_reader_markdown,2026-07-29T18:05:05.488460Z,explicit_enrichment_failure
std_cfc4168dd6b9434084ad7825edbcbbb7,META,AI Fears Send Meta Stock To Record Losing Streak Ahead Of Earnings,https://finnhub.io/api/news?id=8e0b0705fd7f5f4001bb4678880bf6c8e539dfe6e8a92a3b9c1a9a7cd23bed9f,https://finance.yahoo.com/m/64659e39-617e-3b70-a220-947881e3e8fc/ai-fears-send-meta-stock-to.html,Yahoo,2026-07-29T15:13:24Z,2026-07-29T16:15:52.319461Z,141054009,105,failed,timeout,429,jina_reader_markdown,2026-07-29T18:05:05.487070Z,explicit_enrichment_failure
std_ae29466d40434fffbad52835b6e94528,INTC,Tech ETFs to Buy as Intel Shares Sink Despite Q2 Earnings Beat,https://finnhub.io/api/news?id=23fd0c9650b20c7d7e836035743bbae3b1237606e690a508d7483caa8becd3b3,https://finance.yahoo.com/markets/stocks/articles/tech-etfs-buy-intel-shares-132700158.html,Yahoo,2026-07-29T13:27:00Z,2026-07-29T16:14:36.554882Z,141054065,135,failed,source_summary_only,200,jina_reader_markdown,2026-07-29T18:04:23.641192Z,explicit_enrichment_failure
std_59cb73b4762840b8be56aee24ee1fb45,INTC,Vertiv Earnings Beat Estimates. Why the Stock Is Falling.,https://finnhub.io/api/news?id=5d59f7123cbe423167c2e32568814303a6f13460bb8570e01efd5c367f868487,https://finance.yahoo.com/m/71f57d54-53a3-39f1-aa09-0d2dea2d733e/vertiv-earnings-beat.html,Yahoo,2026-07-29T14:08:00Z,2026-07-29T16:14:36.522925Z,141053139,136,failed,source_summary_only,200,jina_reader_markdown,2026-07-29T18:04:23.640229Z,explicit_enrichment_failure
std_cf2531bcf49644cc87ec6248af486461,MU,SK Hynix Couldn’t Meet Wall Street’s Impossible Standards. Its Stock Is Paying the Price.,https://finnhub.io/api/news?id=0255c75e8b335b61ac85af44e2151bb83ec86c2934b2141da5ae3105c467d51a,https://finance.yahoo.com/m/1bcb0e32-6b8f-3e3e-a260-8c97f099a1c6/sk-hynix-couldn’t-meet-wall.html,Yahoo,2026-07-29T11:56:00Z,2026-07-29T14:14:29.069934Z,141052934,136,failed,http_403,403,jina_reader_markdown,2026-07-29T15:33:28.335966Z,explicit_enrichment_failure
std_2909a447f8cc44a48e93530fdf549d3d,MU,Micron Stock Is Making the Most of SK Hynix’s Fumbled Earnings Moment,https://finnhub.io/api/news?id=7a81380a7eb47d2eead8a959cedcb2cea8fc5f2b35c4fa9748f07cfb4405bcf7,https://finance.yahoo.com/m/0c9204e8-3b1d-37dc-b806-d8d8309931cd/micron-stock-is-making-the.html,Yahoo,2026-07-29T12:02:00Z,2026-07-29T14:14:29.013622Z,141052972,103,failed,http_403,403,jina_reader_markdown,2026-07-29T15:33:28.335001Z,explicit_enrichment_failure
std_b36152af0500465fa1d220f680309600,MU,Micron's CEO Just Made a $37 Million Move,https://finnhub.io/api/news?id=1e7367926b3c32465ef5d180f029672bee9b6e7e828745af87231c035385a7b7,https://finance.yahoo.com/markets/stocks/articles/microns-ceo-just-made-37-134219081.html,Yahoo,2026-07-29T13:42:19Z,2026-07-29T14:14:28.898758Z,141052968,68,failed,http_403,403,jina_reader_markdown,2026-07-29T15:33:28.334191Z,explicit_enrichment_failure
std_12bdef53e07a44dfacd25539a377879d,META,"U.S. Futures Hold Steady as Investors Await Federal Reserve Decision: Dow Jones, S&P, Nasdaq, Wall Street",https://finnhub.io/api/news?id=d34b83ee0eb6ceea0e21374a95eb30f5f36279b36622bd59a63d4b6d9150a774,https://investorshub.advfn.com/market-news/article/32963/u-s-futures-hold-steady-as-investors-await-federal-reserve-decision-dow-jones-sp-nasdaq-wall-street,Yahoo,2026-07-29T13:17:48Z,2026-07-29T14:13:54.207234Z,141052910,181,failed,http_403,403,curl_cffi_trafilatura,2026-07-29T14:14:08.695729Z,explicit_enrichment_failure
std_feebe3c54fd14fa5880d9afee32181ad,META,"Direxion unveils options income ETF suite tied to Nvidia, Tesla and other megacap",https://finnhub.io/api/news?id=16c457f9b69baba78acf8014feb308efe33e970716ad83a5d4993af7d1622872,https://finance.yahoo.com/markets/options/articles/direxion-unveils-options-income-etf-131914251.html,Yahoo,2026-07-29T13:19:14Z,2026-07-29T14:13:54.181116Z,141052886,245,failed,source_summary_only,200,jina_reader_markdown,2026-07-29T14:14:08.695394Z,explicit_enrichment_failure
std_257aca65c772493eaa8a6d674affa421,META,Meta's Nine-Day Slide Sets Up a High-Stakes Earnings Test,https://finnhub.io/api/news?id=d246475bb57418c4f539f8a27d25a83fb6e71ad9c6300cdea3b2fdb3863ed896,https://finance.yahoo.com/markets/stocks/articles/metas-nine-day-slide-sets-132704050.html,Yahoo,2026-07-29T13:27:04Z,2026-07-29T14:13:54.153070Z,141052950,51,failed,source_summary_only,200,jina_reader_markdown,2026-07-29T14:14:08.695012Z,explicit_enrichment_failure
std_bc44b11540e14159ad24fa84fcf0a0a7,MU,Elon Musk Thanked Micron Twice on Tesla's Earnings Call -- Here's Why That's Great News,https://finnhub.io/api/news?id=0f94e2c6c9feede6dc050859b38f86bad6a0a4a857c87b543a3c768866201971,https://finnhub.io/api/news?id=0f94e2c6c9feede6dc050859b38f86bad6a0a4a857c87b543a3c768866201971,Yahoo,2026-07-29T10:36:00Z,2026-07-29T12:14:20.570304Z,141052041,80,failed,http_502,,curl_cffi_trafilatura,2026-07-29T12:31:07.872261Z,explicit_enrichment_failure
std_290789cdc99f4475879d6c8683a82c3f,MU,"Social Buzz: Wallstreetbets Stocks Mostly Higher Pre-Bell Wednesday; Bloom Energy, Seagate Technology to Advance",https://finnhub.io/api/news?id=5a6b761ee2029b52b751357046b1fff353955b4e54ef7cc9e0ef097d604a1ab5,https://finnhub.io/api/news?id=5a6b761ee2029b52b751357046b1fff353955b4e54ef7cc9e0ef097d604a1ab5,Yahoo,2026-07-29T10:38:34Z,2026-07-29T12:14:20.537462Z,141052039,100,failed,http_502,,curl_cffi_trafilatura,2026-07-29T12:31:07.871893Z,explicit_enrichment_failure
std_da02d3ac9c34437eac18da88657bfea6,MU,"SKHY, MU, Samsung's Memory Technology Lead Over China’s CXMT Unlikely To Narrow Soon, Says Futurum Analyst",https://finnhub.io/api/news?id=061f4d47eb050cce3c0ff8a2f73ff45db8bec35b871fdb8d5423a694cee75dd8,https://finnhub.io/api/news?id=061f4d47eb050cce3c0ff8a2f73ff45db8bec35b871fdb8d5423a694cee75dd8,Yahoo,2026-07-29T10:51:02Z,2026-07-29T12:14:20.505639Z,141052055,140,failed,http_502,,curl_cffi_trafilatura,2026-07-29T12:31:07.871471Z,explicit_enrichment_failure
std_1218166ca9a54bffa4a86343de40697a,MU,Analysts Predict Sandisk And Micron Still Good For Huge Gains,https://finnhub.io/api/news?id=5f71ab55e985a7ebd93fdf9b2e326f9fe5798423e474ed10023b827ea014fa37,https://finance.yahoo.com/m/6dd80ccd-d9ba-3481-84ee-8379d3355bb9/analysts-predict-sandisk-and.html,Yahoo,2026-07-29T11:33:59Z,2026-07-29T12:14:20.480136Z,141052114,129,failed,http_403,403,jina_reader_markdown,2026-07-29T15:33:28.336374Z,explicit_enrichment_failure
std_650381b707fe4a22b2553a430c6742e1,INTC,Update: Dow Extends Advance Following Strong Earnings Reports,https://finnhub.io/api/news?id=9f3e83aa856c6145569fe6f503c9bc18b391fcdbda6367ec9ba6454a7e5b7205,https://finance.yahoo.com/markets/stocks/articles/dow-extends-advance-following-strong-203202788.html,Yahoo,2026-07-28T20:32:02Z,2026-07-28T22:14:06.079165Z,141047292,97,failed,empty_extract,200,jina_reader_markdown,2026-07-29T16:31:45.374919Z,explicit_enrichment_failure
std_6d2846ddd0be49a0ac770e3c0ff20661,INTC,"Visa Announced Layoffs Ahead of Earnings Beat, as AI and Restructuring Accelerate",https://finnhub.io/api/news?id=e6ebd39224f5d6f05a22559bb3414e8895de1582e83e91f87adaa98680fb1324,https://finance.yahoo.com/m/e050b06c-401c-3510-a760-dd9c4f08ccb7/visa-announced-layoffs-ahead.html,Yahoo,2026-07-28T21:12:00Z,2026-07-28T22:14:06.047470Z,141047288,163,failed,source_summary_only,200,jina_reader_markdown,2026-07-29T18:04:23.642899Z,explicit_enrichment_failure
std_7f6bbcb6da62409781ce287d7383a342,META,Koch said to explore sale of data center firm Edged for over $15B,https://finnhub.io/api/news?id=9195d09800bdd6268ffd7be4d4b6e7bf8618e560f42cd20175ec10715657b216,https://finance.yahoo.com/technology/articles/koch-said-explore-sale-data-175946496.html,Yahoo,2026-07-28T17:59:46Z,2026-07-28T20:14:30.600915Z,141046279,187,failed,source_summary_only,200,jina_reader_markdown,2026-07-28T20:32:43.069929Z,explicit_enrichment_failure
std_0a07edcedc9c40fb9594905a464faab1,META,AI glasses help propel EssilorLuxottica sales growth,https://finnhub.io/api/news?id=4cffd1ada36daf3ebc5ca690cf787e47b703b4f769ca4c1a2f4032059690894b,https://finance.yahoo.com/technology/ai/articles/ai-glasses-help-propel-essilorluxottica-182318946.html,Yahoo,2026-07-28T18:23:18Z,2026-07-28T20:14:30.578863Z,141046278,321,failed,source_summary_only,200,jina_reader_markdown,2026-07-28T20:32:43.069326Z,explicit_enrichment_failure
std_2b4ddb81aa6d472a801ade7a849d443b,META,Sector Update: Tech Stocks Fall Late Afternoon,https://finnhub.io/api/news?id=adda3e4d42dbd4356a46e7ef173ab83e356a02e4b483dbe84c26b00315afb341,https://finance.yahoo.com/markets/stocks/articles/sector-tech-stocks-fall-afternoon-193144961.html,Yahoo,2026-07-28T19:31:44Z,2026-07-28T20:14:30.417715Z,141046272,100,failed,source_summary_only,200,jina_reader_markdown,2026-07-28T20:32:43.066463Z,explicit_enrichment_failure
std_d93818dd85344d618454d3606d80aa99,MU,CLARITY Act hits summer roadblock,https://finnhub.io/api/news?id=ce8d61f8f2803fb313d5dfd7ca3e51e87c0a3a609196398055f4bad50fe8135a,https://finance.yahoo.com/video/clarity-act-hits-summer-roadblock-155743444.html,Yahoo,2026-07-28T15:57:43Z,2026-07-28T18:15:22.430708Z,141045121,395,failed,unsupported_media,200,jina_reader_markdown,2026-07-28T19:42:28.852807Z,explicit_enrichment_failure
std_b4093b80354545dd8588e87740cdfe39,MU,"CME launches 23-hour single-stock futures to trade stocks like SpaceX, Micron",https://finnhub.io/api/news?id=7763ad0fc93308225741437d48ced364217989ece74fb9fa1cd1ea3f8b0a0aa0,https://finance.yahoo.com/video/cme-launches-23-hour-single-163000931.html,Yahoo,2026-07-28T16:30:00Z,2026-07-28T18:15:22.369085Z,141045116,370,failed,unsupported_media,200,jina_reader_markdown,2026-07-28T19:42:28.852117Z,explicit_enrichment_failure
std_a8048989522a4511a9905b28beb96657,META,A Big Splash In The ESG Fixed Income Space,https://finnhub.io/api/news?id=389014958e77d3bad731a6dfd6cec2f3b0eeeb55665ed0fc92884aacb079e037,,Benzinga,2026-07-28T05:37:03Z,2026-07-28T18:15:14.953469Z,139930067,0,not_recorded,empty_body,,,,empty_body
std_eba04bd6632848bb9198bf51b16a04b8,META,Meta Platforms Bets Big on AI Data Centers: Is More Growth Ahead?,https://finnhub.io/api/news?id=a5e24724fb09c1c537ca22e8fcf54b480cabda1ac9dd2cc2bd40b7ff9a2ace64,https://finance.yahoo.com/technology/ai/articles/meta-platforms-bets-big-ai-164700984.html,Yahoo,2026-07-28T16:47:00Z,2026-07-28T18:15:14.005084Z,141045137,134,failed,timeout,429,jina_reader_markdown,2026-07-28T19:31:39.927845Z,explicit_enrichment_failure
std_74a0a6b87d2b4bbc9d347b7b1e2ac129,META,Meta's $14 Billion AI Move Comes With a Twist,https://finnhub.io/api/news?id=860190af42ea03e5181c5ea95d6b95828b11ff2ce65fa6fad4abeef8a5036920,https://finance.yahoo.com/technology/ai/articles/metas-14-billion-ai-move-172423686.html,Yahoo,2026-07-28T17:24:23Z,2026-07-28T18:15:13.976554Z,141045174,67,failed,source_summary_only,200,jina_reader_markdown,2026-07-28T19:31:39.927537Z,explicit_enrichment_failure
std_4446e351447442999a1f4a58f440430d,META,Sector Update: Tech Stocks Fall Tuesday Afternoon,https://finnhub.io/api/news?id=fd1f352b01c3cbc7c4466c871c7f713edc7ed02858e9114306cf1e0c28dd8c13,https://finance.yahoo.com/markets/stocks/articles/sector-tech-stocks-fall-tuesday-173428394.html,Yahoo,2026-07-28T17:34:28Z,2026-07-28T18:15:13.947306Z,141045124,100,failed,empty_extract,200,jina_reader_markdown,2026-07-28T19:31:39.927154Z,explicit_enrichment_failure
std_9f9a0b388f8147d49fda6ce0b8641526,META,MarketRank Names Ryze AI the Best AI Tool for Managing Google and Meta Ads in 2026,https://finnhub.io/api/news?id=6fd5635cf87cb0053cf3dfd8c22825e4872c85faeb437776bc75c71ef6fbbb48,https://finance.yahoo.com/media-advertising/articles/marketrank-names-ryze-ai-best-174400132.html,Yahoo,2026-07-28T17:44:00Z,2026-07-28T18:15:13.913286Z,141045146,500,failed,empty_extract,200,jina_reader_markdown,2026-07-28T19:31:39.926338Z,explicit_enrichment_failure
std_e4120ee7be7040d790951b6950241d87,INTC,Visa Announces Layoffs Ahead of Earnings as AI and Restructuring Accelerate,https://finnhub.io/api/news?id=ccc2a840b5daf10b7448e17a34e42d5022f6149a48a8866d9030e9c763529702,https://finance.yahoo.com/m/e050b06c-401c-3510-a760-dd9c4f08ccb7/visa-announces-layoffs-ahead.html,Yahoo,2026-07-28T16:08:00Z,2026-07-28T18:14:23.528285Z,141045180,163,failed,empty_extract,200,jina_reader_markdown,2026-07-28T18:14:36.114505Z,explicit_enrichment_failure
std_80816466045f4d40bed2f153c77f13de,INTC,Can Intel's Advanced Packaging Tie-Up With Lens Technology Aid Shares?,https://finnhub.io/api/news?id=776c111104cd6b9d32b2ae46c5330c143a2465657a435141f252603be8b5a03f,https://finance.yahoo.com/technology/articles/intels-advanced-packaging-tie-lens-163300722.html,Yahoo,2026-07-28T16:33:00Z,2026-07-28T18:14:23.497941Z,141045207,151,failed,source_summary_only,200,jina_reader_markdown,2026-07-28T18:14:36.114022Z,explicit_enrichment_failure
std_10d8bb0de9394519bf65243e202f8714,INTC,Intel (INTC) Stock Sees Fair Value Lift After Q2 Beat And AI Demand Strength￼,https://finnhub.io/api/news?id=5e6f3d62cd5ebc1190bb96a181ead959ef0d5977da3e0f31a87833f7804bec1c,https://finance.yahoo.com/markets/stocks/articles/intel-intc-stock-sees-fair-170818438.html,Yahoo,2026-07-28T17:08:18Z,2026-07-28T18:14:23.466153Z,141045227,499,failed,source_summary_only,200,jina_reader_markdown,2026-07-28T18:14:36.112854Z,explicit_enrichment_failure
std_8c89cb334c3443829faf7127970d698a,MU,What QUALCOMM (QCOM)'s Dividend Payout and Automotive AI Push Means For Shareholders,https://finnhub.io/api/news?id=79cbbb69581bcfcc04d90d1cf41fe724c9ce48f988bf5e668db7080ff130d671,https://finance.yahoo.com/markets/stocks/articles/qualcomm-qcom-dividend-payout-automotive-140915803.html,Yahoo,2026-07-28T14:09:15Z,2026-07-28T16:17:12.839130Z,141043560,498,failed,source_summary_only,200,jina_reader_markdown,2026-07-28T18:05:09.672674Z,explicit_enrichment_failure
std_6c3ee644da2c48f19e293867c769a130,MU,Micron Stock Dives As Semiconductor Sell-Off Gains Steam,https://finnhub.io/api/news?id=cd526da74c10eaaeaa1578a74754eda4ef1072fa255da084bbe17137b1df0ddb,https://finance.yahoo.com/m/1c5cce9f-dae9-3b6f-bb75-c8638c18164e/micron-stock-dives-as.html,Yahoo,2026-07-28T14:26:56Z,2026-07-28T16:17:12.798297Z,141043558,270,failed,source_summary_only,200,jina_reader_markdown,2026-07-28T18:05:09.672284Z,explicit_enrichment_failure
std_4879067c360746b7a8ee40714c053ec3,META,"Big Tech will fund more than a third of its AI investments with debt in 2027, Goldman Sachs predicts",https://finnhub.io/api/news?id=df6664fbeb261e0a5d8fe53e4a32f8f13f93542bbef53cf814d758f5e4b1d9e5,https://finance.yahoo.com/markets/article/big-tech-will-fund-more-than-a-third-of-its-ai-investments-with-debt-in-2027-goldman-sachs-predicts-145136150.html,Yahoo,2026-07-28T14:51:36Z,2026-07-28T16:16:54.271818Z,141043461,80,failed,source_summary_only,200,jina_reader_markdown,2026-07-28T17:08:07.761859Z,explicit_enrichment_failure
std_2d53021fe05f4443b767ea6cf93c9d80,META,She was a custodian at a data center. Now Mike Rowe and Meta are training her to become an advanced technician,https://finnhub.io/api/news?id=ee2b136d9f78dccc326bb11bf5698816bc8076d832d65ef36fcbf34d14b1368f,https://finance.yahoo.com/small-business/articles/she-custodian-data-center-now-152500445.html,Yahoo,2026-07-28T15:25:00Z,2026-07-28T16:16:54.219439Z,141043541,57,failed,source_summary_only,200,jina_reader_markdown,2026-07-28T17:08:07.760971Z,explicit_enrichment_failure
std_ce616d1619ef43c4abd0771a2a5f91fa,META,Meta Partners With BlackRock Over $14 Billion Data Center Project,https://finnhub.io/api/news?id=81479933e2578c97c0d9b7969a0bd6a61301d43c71db49edc6adc02de8e864e9,https://finance.yahoo.com/technology/ai/articles/meta-partners-blackrock-over-14-154012187.html,Yahoo,2026-07-28T15:40:12Z,2026-07-28T16:16:54.189188Z,141043456,100,failed,empty_extract,200,jina_reader_markdown,2026-07-28T17:08:07.760156Z,explicit_enrichment_failure
std_4dbc8f853a7742ae857daad70c759c83,INTC,"Micron, SK Hynix stocks sink as AI chip sell-off deepens",https://finnhub.io/api/news?id=027046537f4153209ad1fedec8c92219123bb609cc80efb974928b60ccf039fc,https://finance.yahoo.com/markets/article/micron-sk-hynix-stocks-sink-as-ai-chip-sell-off-deepens-125622548.html,Yahoo,2026-07-28T12:56:22Z,2026-07-28T16:14:49.953202Z,141043518,55,failed,source_summary_only,200,jina_reader_markdown,2026-07-28T18:14:36.115290Z,explicit_enrichment_failure
std_e26f130c1ad94519976ac4ea72a806ab,INTC,Nvidia Loses Crown To Apple With Magnificent Seven Earnings Ahead; Is Nvidia A Sell Now?,https://finnhub.io/api/news?id=01c343b0b9b3affde63e608c43b976891f1e2d08d624b0f0803c06e26a907eba,https://finance.yahoo.com/m/cd7f1b57-d40d-30de-902c-81f0338bcfaf/nvidia-loses-crown-to-apple.html,Yahoo,2026-07-28T14:06:30Z,2026-07-28T16:14:49.920172Z,141043468,136,failed,source_summary_only,200,jina_reader_markdown,2026-07-28T18:14:36.114853Z,explicit_enrichment_failure
std_c6aad284bc13453e88ce0e72f4b35d5d,MU,"Stock Market Today: Dow Rises, Nasdaq Sinks As Chipmakers Dive; Coca-Cola Surges (Live Coverage)",https://finnhub.io/api/news?id=81469ee7efba9bba6cc9d005d59ed41896f6572476319f6ebe5ca29581f3c4fc,https://finance.yahoo.com/m/34f57721-8495-3628-bd2a-4209897b008c/stock-market-today:-dow.html,Yahoo,2026-07-28T13:46:07Z,2026-07-28T14:15:14.582292Z,141042349,136,failed,empty_extract,200,jina_reader_markdown,2026-07-28T15:50:05.236774Z,explicit_enrichment_failure
std_eff041e1f1914d94b05adb68ade7cd8d,META,New to The Street's Esteemed Client Virtuix (NASDAQ: VTIX) Advances AI and Robotics Strategy with Initial Sale to Tesla's Optimus Division,https://finnhub.io/api/news?id=5aafaf7d82f5ad109269321354772c610c0b6bc6595830ae48b13e76cfd100e9,https://finance.yahoo.com/technology/ai/articles/streets-esteemed-client-virtuix-nasdaq-124000292.html,Yahoo,2026-07-28T12:40:00Z,2026-07-28T14:14:42.593913Z,141042453,256,failed,source_summary_only,200,jina_reader_markdown,2026-07-28T14:14:53.503761Z,explicit_enrichment_failure
std_ec60b36a9f8a4b54b6673eea8bdb5ddf,META,Meta and BlackRock Partner on $14 Billion Texas Data Centre Development,https://finnhub.io/api/news?id=57a91dd17a98b0e226a0ebbb937f2ae585f2ada22e1adc694dcf027d3944b991,https://investorshub.advfn.com/market-news/article/32838/meta-and-blackrock-partner-on-14-billion-texas-data-centre-development,Yahoo,2026-07-28T12:50:05Z,2026-07-28T14:14:42.562304Z,141042452,387,failed,http_403,403,curl_cffi_trafilatura,2026-07-28T14:14:53.503177Z,explicit_enrichment_failure
std_8d5f9f43dfc747b2ab060cbd7d08ab21,META,Newsmax and Meta Enter AI Content Partnership,https://finnhub.io/api/news?id=0485aceb1cdd320ae313a8e460339fc22adcee60b26986dfc9da26a7352c062e,https://finance.yahoo.com/technology/ai/articles/newsmax-meta-enter-ai-content-130000336.html,Yahoo,2026-07-28T13:00:00Z,2026-07-28T14:14:42.531072Z,141042451,256,failed,source_summary_only,200,jina_reader_markdown,2026-07-28T14:14:53.502610Z,explicit_enrichment_failure
std_551b53431ada4e448598fa2905b33e8b,INTC,"Update: US Equity Futures Mixed Pre-Bell as Halt in Middle East Hostilities Holds, Semiconductor Stocks Drop",https://finnhub.io/api/news?id=59060173665b3ce3bf4c99ca302085c1e7654dd8911dd0b30cfd94e86f271b4d,https://finance.yahoo.com/markets/stocks/articles/us-equity-futures-mixed-pre-124848890.html,Yahoo,2026-07-28T12:48:48Z,2026-07-28T14:14:39.886442Z,141042389,99,failed,empty_extract,200,jina_reader_markdown,2026-07-28T17:22:07.572488Z,explicit_enrichment_failure
std_c75835fc06204df488179e25d4027e16,INTC,"Micron, SK Hynix stocks fall as chip sell-off deepens",https://finnhub.io/api/news?id=a34d760167a60ffb6d98c310532612298cf15e88cbfffc75b5d9c705cc0eb84b,https://finance.yahoo.com/markets/article/micron-sk-hynix-stocks-fall-as-chip-sell-off-deepens-125622548.html,Yahoo,2026-07-28T12:56:22Z,2026-07-28T14:14:39.855962Z,141042431,55,failed,empty_extract,200,jina_reader_markdown,2026-07-28T18:01:56.442151Z,explicit_enrichment_failure
std_1e3b05da006144bb9e256ab6a88ac519,MU,AI Fears Just Raised the Stakes in a Critical Week for Stock Markets,https://finnhub.io/api/news?id=5528f1a9640bcdf64a2da8af9da439b54e4b4ac3e132ec52fc26bb28e88f0d7f,https://finance.yahoo.com/m/e158ff2d-a2cc-3d61-ae56-3eb7e1a30c59/ai-fears-just-raised-the.html,Yahoo,2026-07-28T10:37:00Z,2026-07-28T12:15:30.921595Z,141041692,148,failed,source_summary_only,200,jina_reader_markdown,2026-07-28T13:01:27.081708Z,explicit_enrichment_failure
std_4dbcd41a2bd44def823c2f74aa86b629,META,Will this be the quarter Big Tech breaks out?,https://finnhub.io/api/news?id=7453741c0382bc53b8ee111ef514c9ea5c0a9eb40ff970a91651e90c57cef946,https://finance.yahoo.com/technology/articles/quarter-big-tech-breaks-110400859.html,Yahoo,2026-07-28T11:04:00Z,2026-07-28T12:14:48.615694Z,141041632,285,failed,source_summary_only,200,jina_reader_markdown,2026-07-28T13:31:40.930329Z,explicit_enrichment_failure
std_509bbdfb2dc24907803635a67b6552ef,META,Earnings To Watch: Meta (META) Reports Q2 Results Tomorrow,https://finnhub.io/api/news?id=73ff5e5a64e520a1534a0d07a5d6f60b902f4da59af14eba9b0df8a0ffef28e7,https://finance.yahoo.com/markets/stocks/articles/earnings-watch-meta-meta-reports-113302203.html,Yahoo,2026-07-28T11:33:02Z,2026-07-28T12:14:48.530289Z,141041676,137,failed,source_summary_only,200,jina_reader_markdown,2026-07-28T13:31:40.928461Z,explicit_enrichment_failure
std_fe43107aa49448288a566cd02b1c62a7,MU,"Reuters Reported Samsung Electronics Said It Is Not Reviewing The Possibility Of Issuing American Depositary Receipts, Following Bloomberg Report That The Chipmaker Is Exploring Potential U.S. Share Sale",https://finnhub.io/api/news?id=ecb91433517b2af4cc0f3268e828c7073ea5b7f5f119f9bdf52bb7a3471b4424,,Benzinga,2026-07-27T12:10:06Z,2026-07-27T21:02:45.649801Z,140898813,0,not_recorded,empty_body,,,,empty_body
std_bbfb71a779414359a81a1157778c538f,MU,"Memory-Chip Stocks Micron, SK Hynix Drop After China Rival's IPO",https://finnhub.io/api/news?id=9163cf49d805111cef74a490a2d19e4eb5e016ef043963dbfc72f967f165cda5,"https://finance.yahoo.com/m/6419fb14-d24c-390d-8353-4909937d409b/memory-chip-stocks-micron,-sk.html",Yahoo,2026-07-27T18:12:04Z,2026-07-27T20:15:45.387111Z,141035979,127,failed,source_summary_only,200,jina_reader_markdown,2026-07-27T21:41:20.772432Z,explicit_enrichment_failure
std_abb1ba45cc1c4ead93efb83eb3c65b4e,MU,AMD Data Center Growth Seen Beating Expectations Through 2027,https://finnhub.io/api/news?id=a3f8461d22d59a1f98f948fd72158fef031222b685ac0099fb0755db5255ff6e,https://finance.yahoo.com/technology/articles/amd-data-center-growth-seen-191730921.html,Yahoo,2026-07-27T19:17:30Z,2026-07-27T20:15:45.342299Z,141035993,83,failed,source_summary_only,200,jina_reader_markdown,2026-07-27T21:41:20.771320Z,explicit_enrichment_failure
std_5259a8a95b1c4d12b319d8417c6222b3,MU,"Nvidia drops 4%, leading chip stocks lower amid renewed worries of circular financing",https://finnhub.io/api/news?id=2d7775c4b68436816545af031b7be209549d825bc32ca67ccac08ff694573927,https://finance.yahoo.com/markets/article/nvidia-drops-4-leading-chip-stocks-lower-amid-renewed-worries-of-circular-financing-193309793.html,Yahoo,2026-07-27T19:33:09Z,2026-07-27T20:15:45.310826Z,141035961,99,failed,empty_extract,200,jina_reader_markdown,2026-07-27T21:41:20.770888Z,explicit_enrichment_failure
std_fb7bc4fe7fe04b05820bb0647edefa54,INTC,5-star analyst aggressively resets Intel stock price target after earnings,https://finnhub.io/api/news?id=0c80f55af8f345bd4874be24afc365fe718e55ebfd7511815d0f7815db14de2d,https://www.thestreet.com/investing/stocks/intc-5-star-analyst-hikes-intel-stock-price-target,Yahoo,2026-07-27T18:32:00Z,2026-07-27T20:15:07.630663Z,141036059,301,failed,empty_extract,200,jina_reader_markdown,2026-07-27T21:02:12.596781Z,explicit_enrichment_failure
std_352f77400df4465cbc2756bc0791a45c,INTC,Sandisk and More Chip Stocks Hit China Roadblocks,https://finnhub.io/api/news?id=b8755ed7451675f7689245094d5986c24023f7415053628dda03ab0196c9261b,https://finance.yahoo.com/m/dab2cfa1-adf1-37d5-9895-b13410f9ae1c/sandisk-and-more-chip-stocks.html,Yahoo,2026-07-27T18:48:00Z,2026-07-27T20:15:07.600935Z,141036047,244,failed,source_summary_only,200,jina_reader_markdown,2026-07-27T21:02:12.596363Z,explicit_enrichment_failure
std_959f3ffe7139486f92b35205956c6056,META,"Incyte Appoints Suketu (Suky) Upadhyay As Executive Vice President And CFO Effective May 4, 2026",https://finnhub.io/api/news?id=044dc24162ea80adbeadbcfeb5a727025931ea7dcde67efa283f4b30078c67c5,,Benzinga,2026-07-27T13:00:50Z,2026-07-27T18:52:13.172239Z,139933841,0,not_recorded,empty_body,,,,empty_body
std_c5bbd88daaa942ccafe5c71fcfd49872,INTC,Sellers Hit Nvidia Amid OpenAI Data Center News; Is Nvidia A Sell Now?,https://finnhub.io/api/news?id=1f49ab46cec67a1af02b1de3ee127bd9b2a52c95ed5ec0060e7e90cd43d25b82,https://finance.yahoo.com/m/cd7f1b57-d40d-30de-902c-81f0338bcfaf/sellers-hit-nvidia-amid.html,Yahoo,2026-07-27T16:38:19Z,2026-07-27T18:13:48.430285Z,141035025,112,failed,source_summary_only,200,jina_reader_markdown,2026-07-27T21:02:12.597207Z,explicit_enrichment_failure
std_216151091db84e9598128770554d2b29,INTC,"Stock Market News for July 27, 2026",https://finnhub.io/api/news?id=7be8281dd8af096b2d8a17d671913637c158ef2784bee347e812ee23cb52fd8f,https://finance.yahoo.com/markets/stocks/articles/stock-market-news-july-27-132000679.html,Yahoo,2026-07-27T13:20:00Z,2026-07-27T16:13:22.145918Z,141033697,236,failed,source_summary_only,200,jina_reader_markdown,2026-07-27T16:13:38.915968Z,explicit_enrichment_failure
std_1bfc917f109a4a288c47a6e4c5f21cf4,INTC,Keysight Certifies Electromagnetic Design Software for Intel Foundry’s Latest Processes,https://finnhub.io/api/news?id=9ec40731e9aa7b6ddc001f296478f025a5aa88cb334b06093485a18545cd92e6,https://finance.yahoo.com/technology/articles/keysight-certifies-electromagnetic-design-software-150000528.html,Yahoo,2026-07-27T15:00:00Z,2026-07-27T16:13:22.101924Z,141033832,125,failed,source_summary_only,200,jina_reader_markdown,2026-07-27T16:13:38.914483Z,explicit_enrichment_failure
std_b234efea26a14dcb8d65a1293a892180,MU,"Michael Burry Goes Bigger on Nvidia, Micron, Palantir, and Tesla Shorts",https://finnhub.io/api/news?id=eeec4354a4d45b903b603ae8f411bc40db86ba1c592593f43427eaaf04685b19,https://finance.yahoo.com/markets/stocks/articles/michael-burry-goes-bigger-nvidia-122650155.html,Yahoo,2026-07-27T12:26:50Z,2026-07-27T14:14:03.490892Z,141032875,70,failed,source_summary_only,200,jina_reader_markdown,2026-07-27T15:19:55.641291Z,explicit_enrichment_failure
std_133548b27e08430dbdaa3711b39ca3d8,MU,China Memory Chipmaker CXMT Soars 500% in Debut,https://finnhub.io/api/news?id=bdcde29adcfa86db3e97816ff8d75ed6cb81b44fbae0135927f2ab3e6fb249d2,https://finance.yahoo.com/markets/stocks/articles/china-memory-chipmaker-cxmt-soars-122954840.html,Yahoo,2026-07-27T12:29:54Z,2026-07-27T14:14:03.463851Z,141032874,63,failed,source_summary_only,200,jina_reader_markdown,2026-07-27T15:19:55.640926Z,explicit_enrichment_failure
std_2e77a62c184749eab504f5c40711dfbc,MU,Michael Burry Expands Bets Against Major Chip Stocks,https://finnhub.io/api/news?id=1596e806d5b84f5c16a22d9e6abfe4237e3671e0c5e4189f3a6e6ee10e2e192d,https://finance.yahoo.com/markets/stocks/articles/michael-burry-expands-bets-against-124330196.html,Yahoo,2026-07-27T12:43:30Z,2026-07-27T14:14:03.424206Z,141032873,53,failed,source_summary_only,200,jina_reader_markdown,2026-07-27T15:19:55.640609Z,explicit_enrichment_failure
std_2d5eb3f023424ba2b8d5da1d53c5ea12,MU,3 Market-Beating Stocks to Research Further,https://finnhub.io/api/news?id=ef8e214c73ea532a056331119a48adde7a0f0d290cd773e6cf5b7fcf546dacdc,https://finance.yahoo.com/markets/stocks/articles/3-market-beating-stocks-research-125302599.html,Yahoo,2026-07-27T12:53:02Z,2026-07-27T14:14:03.384402Z,141032872,240,failed,source_summary_only,200,jina_reader_markdown,2026-07-27T15:19:55.640233Z,explicit_enrichment_failure
std_ebde5570674b4036950738c7400b0c5a,MU,Inside China’s Blockbuster $484 Billion Memory Chip Debut,https://finnhub.io/api/news?id=8df2720aa4aacfd4fe2f0729d566e1e4984eede955faba2c49e21ea82f2f281f,https://finance.yahoo.com/m/40d81832-850a-3fcb-84bd-f1a7a4c227f7/inside-china’s-blockbuster.html,Yahoo,2026-07-27T13:11:00Z,2026-07-27T14:14:03.356252Z,141032775,121,failed,source_summary_only,200,jina_reader_markdown,2026-07-27T15:19:55.639368Z,explicit_enrichment_failure
std_2d1ca5de098c4767be3efb2468c59c6e,INTC,"Nvidia in Talks to Finance OpenAI, Report Says. What It Means for the Stock.",https://finnhub.io/api/news?id=ba43c2a4fc3b9bdc81c92ebac27dd673d75b4b18d64ce9b89828f1e210b2720b,https://finance.yahoo.com/m/6ab3072e-eacd-31e2-b70d-4835b7ae70b2/nvidia-in-talks-to-finance.html,Yahoo,2026-07-27T13:28:00Z,2026-07-27T14:13:26.604647Z,141032756,450,failed,source_summary_only,200,jina_reader_markdown,2026-07-27T16:13:38.915619Z,explicit_enrichment_failure
std_bae9681c5e6d44ce95f28f632d4780e4,MU,"CXMT Can Rally More Than 1,200% on Market Share Win, Nomura Says",https://finnhub.io/api/news?id=e54c6e24908a7d747f7878a1be4db73e583f74817e1b5ad736b609a3d7638eac,https://finance.yahoo.com/markets/stocks/articles/cxmt-rally-more-1-200-041450630.html,Yahoo,2026-07-27T04:14:50Z,2026-07-27T10:13:39.822415Z,141031570,500,failed,source_summary_only,200,jina_reader_markdown,2026-07-27T13:09:25.935563Z,explicit_enrichment_failure
std_7f990792c71149ecbe9ef5a69fe4683b,MU,Micron Rival CXMT’s Stock Soars 466% After IPO as the Memory Boom Takes a Twist,https://finnhub.io/api/news?id=0c20973cd0c137a1bfda3d23b8abf268372574563da0eb25c3cb674f0d1f20ef,https://finance.yahoo.com/m/40d81832-850a-3fcb-84bd-f1a7a4c227f7/micron-rival-cxmt’s-stock.html,Yahoo,2026-07-27T09:54:00Z,2026-07-27T10:13:39.762232Z,141031520,121,failed,empty_extract,200,jina_reader_markdown,2026-07-27T13:09:25.933528Z,explicit_enrichment_failure
std_ab574eb27c784a0dacdf66db67948b3e,MU,China memory chipmaker CXMT's shares soar in a blockbuster share listing in Shanghai,https://finnhub.io/api/news?id=371639f10361223210abd7928bb26d5b4acc6c3114c5545bf0df19a39dabe425,https://finance.yahoo.com/technology/articles/china-memory-chipmaker-cxmt-shares-043327941.html,Yahoo,2026-07-27T04:33:27Z,2026-07-27T06:13:11.395914Z,141030680,409,failed,source_summary_only,200,jina_reader_markdown,2026-07-27T13:09:25.935081Z,explicit_enrichment_failure
std_ee41cc4a8b0141ccbc938535851744a4,META,How Oracle Can Make The Right Call On AI Demand And Still Lose,https://finnhub.io/api/news?id=171be27274fd9eb350023e29d4a45ebff2f900f47f427c3fbaf3382691ca7b0b,,SeekingAlpha,2026-07-23T10:46:03Z,2026-07-24T08:31:37.007602Z,140993992,0,not_recorded,empty_body,,,,empty_body
std_4fa8b4ae77594bdf80f495e2b90ba835,MU,SOX Index Mounts Massive Intraday Comeback,https://finnhub.io/api/news?id=c6daeb4285b1a0aec95efb47fd35bf2fb129f3f0b08657ca5067603b6109ad74,https://finance.yahoo.com/m/ddbdd9d5-0077-3232-b60f-8aa70554bad9/sox-index-mounts-massive.html,Yahoo,2026-07-17T17:58:23Z,2026-07-17T20:14:19.918949Z,140936288,324,failed,source_summary_only,200,jina_reader_markdown,2026-07-17T20:14:41.508136Z,explicit_enrichment_failure
std_2a1da4aac2b74e25ad94a707290de4c8,MU,Qualcomm (QCOM) Secures Long Term Auto Supply Deals To Back AI Vehicles,https://finnhub.io/api/news?id=61bb077ad91f2a968afe03f6bf03728d9e2068a3b6f74000786caf2fe6706a7b,https://finance.yahoo.com/technology/ai/articles/qualcomm-qcom-secures-long-term-190920546.html,Yahoo,2026-07-17T19:09:20Z,2026-07-17T20:14:19.875412Z,140936287,497,failed,source_summary_only,200,jina_reader_markdown,2026-07-17T20:14:41.506840Z,explicit_enrichment_failure
std_3b6e3c563b0c438188e1efa0f8216db3,META,"What Lucid, SpaceX, and Amazon All Have In Common. (Hint: Think Cash.)",https://finnhub.io/api/news?id=a5b8af11db97eb348e5ee29faa451aa51adf0eaafa58fabaa66bb962ba34a6df,"https://finance.yahoo.com/m/434b9034-ffb1-3067-bf3c-75f8b5686e26/what-lucid,-spacex,-and.html",Yahoo,2026-07-17T18:05:00Z,2026-07-17T20:14:14.056463Z,140936251,540,failed,source_summary_only,200,jina_reader_markdown,2026-07-17T21:12:02.295677Z,explicit_enrichment_failure
std_8914118c790c4338a19e06e0594ed349,META,Meta and Anthropic in talks for up to $10bn data centre deal,https://finnhub.io/api/news?id=2389f24bb918a505bee648357c5bff1a7dd88af15affae124420261a1d1eba74,https://finance.yahoo.com/technology/ai/articles/meta-anthropic-talks-10bn-data-183245501.html,Yahoo,2026-07-17T18:32:45Z,2026-07-17T20:14:14.025720Z,140936276,145,failed,empty_extract,200,jina_reader_markdown,2026-07-17T21:12:02.295287Z,explicit_enrichment_failure
std_1a30ac75747840c4a96b5f5fa513702e,META,Meta’s Next $10 Billion Deal? Why Anthropic May Rent AI Hardware From Zuckerberg.,https://finnhub.io/api/news?id=a24bc43eaba78a8b5e47f407070d4d975ee4543ac801df8ce26c4d7ebef8fa17,https://finance.yahoo.com/m/fa48c6a6-e57b-3054-b38b-86cef7fc1edb/meta’s-next-$10-billion-deal?.html,Yahoo,2026-07-17T18:52:00Z,2026-07-17T20:14:13.958197Z,140936274,459,failed,source_summary_only,200,jina_reader_markdown,2026-07-17T21:12:02.294014Z,explicit_enrichment_failure
std_17f1ede752e84d3b9c705b664a2386dd,META,Sector Update: Tech Stocks Fall Late Afternoon,https://finnhub.io/api/news?id=ab661ed5ec5c6fbe937e601ef29a681ecd6b24e55e77993373148213b1f58578,https://finance.yahoo.com/markets/stocks/articles/sector-tech-stocks-fall-afternoon-193135217.html,Yahoo,2026-07-17T19:31:35Z,2026-07-17T20:14:13.922351Z,140936236,99,failed,empty_extract,200,jina_reader_markdown,2026-07-17T21:12:02.292995Z,explicit_enrichment_failure
std_4a2a0b61e2254c9bac8e17f59c7dcc3e,MU,"Zacks Investment Ideas feature highlights: Micron, Western Digital, SanDisk and QQQ",https://finnhub.io/api/news?id=655da2b8582fc95b941d7a938e8b0f0ad5f4cd319f032aff88efac18ecf00180,https://finance.yahoo.com/markets/stocks/articles/zacks-investment-ideas-feature-highlights-150000774.html,Yahoo,2026-07-17T15:00:00Z,2026-07-17T18:15:05.103225Z,140934432,147,failed,source_summary_only,200,jina_reader_markdown,2026-07-17T19:42:55.532359Z,explicit_enrichment_failure
std_f300d4b7e70045758fb566b3f2474f48,MU,"Chip Stocks, Tech IPOs, and Wildfire Smoke Are All Clouding the Outlook",https://finnhub.io/api/news?id=d6d835afb6914c24da9cbdcc2625edd4727a017d68250229ee10ea40736f5e0c,"https://finance.yahoo.com/m/2d51098f-0c46-3d5b-894f-f802a415a1b5/chip-stocks,-tech-ipos,-and.html",Yahoo,2026-07-17T17:27:00Z,2026-07-17T18:15:04.973813Z,140934338,204,failed,source_summary_only,200,jina_reader_markdown,2026-07-17T20:14:41.510636Z,explicit_enrichment_failure
std_2006b615aa1f4e269db5a006e557d24a,MU,The Chip Selloff Has 'Gone Too Far.' The SOX Index Turns Positive.,https://finnhub.io/api/news?id=bd659376cc71fe03e526f68b6d8de2f839a6cb4abc5ff7122bcd8d0ad8e494be,https://finance.yahoo.com/m/ddbdd9d5-0077-3232-b60f-8aa70554bad9/the-chip-selloff-has-'gone.html,Yahoo,2026-07-17T17:40:42Z,2026-07-17T18:15:04.947124Z,140934428,333,failed,empty_extract,200,jina_reader_markdown,2026-07-17T20:14:41.509773Z,explicit_enrichment_failure
std_72c81a248ff242ccaea6409304ad21b3,MU,"Nvidia, AMD, Mircon, TSMC Shares Sink as China Unveils Powerful New AI Model",https://finnhub.io/api/news?id=09ad4b1e525d8d351c706a3b1015f9e062df8cc4b808c67d70901eb170b7dae9,https://finance.yahoo.com/technology/ai/articles/nvidia-amd-mircon-tsmc-shares-175211072.html,Yahoo,2026-07-17T17:52:11Z,2026-07-17T18:15:04.916412Z,140934332,76,failed,source_summary_only,200,jina_reader_markdown,2026-07-17T20:14:41.508937Z,explicit_enrichment_failure
std_00b3a04d647a468d805e7428d55983fa,META,Meta Taps Amazon Cloud Executive for AI Infrastructure Push,https://finnhub.io/api/news?id=b09fc99a05187a66522f6cc61ddb040f615383796627b99761c42fe055255569,https://finance.yahoo.com/technology/ai/articles/meta-taps-amazon-cloud-executive-171517587.html,Yahoo,2026-07-17T17:15:17Z,2026-07-17T18:14:11.573814Z,140934377,79,failed,timeout,429,jina_reader_markdown,2026-07-17T19:01:55.739195Z,explicit_enrichment_failure
std_7a041919cab44e31ad387fd3c3abe00b,META,Microsoft’s Xbox Mistake Is a Preview of Its AI Bet,https://finnhub.io/api/news?id=5d1b0ecb39d0c9abac8c52488021c897fcb492675431752878df174878b2b07d,https://finance.yahoo.com/m/2bd5dc43-3296-32fa-9a81-6069d48d64f9/microsoft’s-xbox-mistake-is-a.html,Yahoo,2026-07-17T17:23:00Z,2026-07-17T18:14:11.545228Z,140934369,155,failed,source_summary_only,200,jina_reader_markdown,2026-07-17T19:01:55.738799Z,explicit_enrichment_failure
std_b3cb16d0c9b043a4980a51e0a9415966,META,Sector Update: Tech Stocks Mixed Friday Afternoon,https://finnhub.io/api/news?id=c68263b553575f020511a4791751a427c9be2539394b60dc3415f6ae5de74a10,https://finance.yahoo.com/markets/stocks/articles/sector-tech-stocks-mixed-friday-172459105.html,Yahoo,2026-07-17T17:24:59Z,2026-07-17T18:14:11.509422Z,140934360,100,failed,empty_extract,200,jina_reader_markdown,2026-07-17T19:01:55.738400Z,explicit_enrichment_failure
std_e64bd56f59d7411ea842694bf12de378,META,Meta Stock Trims Losses After Report Of Potential Anthropic Cloud Deal,https://finnhub.io/api/news?id=7da06f92705d2dbe44160b2b6743adb362ce12b31e60f47eb454f21f985085ff,https://finance.yahoo.com/m/1a115623-acb5-3026-9ce2-400a21690744/meta-stock-trims-losses-after.html,Yahoo,2026-07-17T17:39:34Z,2026-07-17T18:14:11.432742Z,140934406,125,failed,source_summary_only,200,jina_reader_markdown,2026-07-17T19:01:55.736889Z,explicit_enrichment_failure
std_4ec6230719e64160a8d00dd3951da64d,INTC,Can INTC's Google Cloud AI Deal Expansion Boost its Enterprise Growth?,https://finnhub.io/api/news?id=a8e47eb8015288d3f75ad7815751c34b74e962dea4640b04af2cbcf4e14c5267,https://finance.yahoo.com/technology/ai/articles/intcs-google-cloud-ai-deal-160500321.html,Yahoo,2026-07-17T16:05:00Z,2026-07-17T18:13:51.592953Z,140934390,150,failed,source_summary_only,200,jina_reader_markdown,2026-07-17T18:14:04.416261Z,explicit_enrichment_failure
std_4b13976b4df94b929d58ca6a5847d287,INTC,Will Intel (INTC) Beat Estimates Again in Its Next Earnings Report?,https://finnhub.io/api/news?id=bbc151e42b4a80a6e1d02353988e34bbe6619d980e5e331dac297d9dc12ebbe0,https://finance.yahoo.com/markets/stocks/articles/intel-intc-beat-estimates-again-161004801.html,Yahoo,2026-07-17T16:10:04Z,2026-07-17T18:13:51.568267Z,140934462,177,failed,source_summary_only,200,jina_reader_markdown,2026-07-17T18:14:04.415488Z,explicit_enrichment_failure
std_d227be599d464659b8851fe8eaeabe42,META,Is SpaceX’s stock a bust because it fell below $135? Look what happened after Meta’s IPO.,https://finnhub.io/api/news?id=3a9b21e86d632f7eeb520e1404a9e143b274b44a7bc390f34517850437ddf83f,https://www.marketwatch.com/story/is-spacexs-stock-a-bust-because-it-fell-below-135-look-what-happened-after-metas-ipo-baed7e68,Yahoo,2026-07-17T13:25:00Z,2026-07-17T16:15:06.338631Z,140932930,130,failed,http_401,401,curl_cffi_trafilatura,2026-07-17T17:47:54.165539Z,explicit_enrichment_failure
std_cccb9be5899c437e9bdb64b9cdbec35b,META,Meta Platforms’ (META) Capital Allocation Strategy,https://finnhub.io/api/news?id=653bd866bd33a00c5fd0e8f88b3cc59ae998440b91d4cf65bcd31f4b42697a1f,https://finance.yahoo.com/markets/stocks/articles/meta-platforms-meta-capital-allocation-141030435.html,Yahoo,2026-07-17T14:10:30Z,2026-07-17T16:15:06.281813Z,140932928,351,failed,timeout,429,jina_reader_markdown,2026-07-17T17:47:54.164324Z,explicit_enrichment_failure
std_3ce1031264254cf38e1f36061985d740,INTC,TXN Likely to Beat Q2 Earnings Estimates: How to Play the Stock?,https://finnhub.io/api/news?id=af8f45eddddb1e6f07e65b5e2eea423096bcbf2d6db956fe0887595f59643e2f,https://finance.yahoo.com/markets/stocks/articles/txn-likely-beat-q2-earnings-142000218.html,Yahoo,2026-07-17T14:20:00Z,2026-07-17T16:13:39.888378Z,140932984,148,failed,timeout,429,jina_reader_markdown,2026-07-17T18:14:04.416904Z,explicit_enrichment_failure
std_82ab553cfdee4a9db118c9938e15f337,META,Hyperscalers Are Dragging Down Bond Gauges Across Global Markets,https://finnhub.io/api/news?id=82af674f524569d99407d20cd0c7dd0cbb5552f6876d9529b4cdcdf1759bb512,https://finance.yahoo.com/markets/options/articles/hyperscalers-dragging-down-bond-gauges-110550389.html,Yahoo,2026-07-17T11:05:50Z,2026-07-17T14:14:19.027508Z,140931482,500,failed,source_summary_only,200,jina_reader_markdown,2026-07-17T15:32:30.831123Z,explicit_enrichment_failure
std_8ef7724126454f40a54c6583370047d0,META,"Apple Upgraded to Buy by HSBC on Agentic AI, Hardware Pipeline",https://finnhub.io/api/news?id=c10e935536e004d1fe04247a4bd045d26fd483eac6c5a40afd7356f502985773,https://finance.yahoo.com/technology/ai/articles/apple-upgraded-buy-hsbc-agentic-121700150.html,Yahoo,2026-07-17T12:17:00Z,2026-07-17T14:14:18.936999Z,140931457,499,failed,source_summary_only,200,jina_reader_markdown,2026-07-17T17:47:54.167844Z,explicit_enrichment_failure
std_25c5cba6226d477cb4d1e560b2e84d67,META,Meta Plans To Hire AWS Executive As It Explores Cloud Push: Report,https://finnhub.io/api/news?id=f1c2df8da19173ad58590e1f2b0157198d08066ebfc2634ce91a81b5750b6b53,https://finance.yahoo.com/m/e3f2db3a-7b87-3402-b25a-76cfa34cf5c5/meta-plans-to-hire-aws.html,Yahoo,2026-07-17T13:19:18Z,2026-07-17T14:14:18.901975Z,140931462,122,failed,source_summary_only,200,jina_reader_markdown,2026-07-17T17:47:54.166256Z,explicit_enrichment_failure
std_8b3968e3dcb443b484d5d5177314a57f,INTC,"Update: US Equity Futures Drop as AI Concerns Weigh on Tech Stocks, Middle East Conflict Continues",https://finnhub.io/api/news?id=8c2bd017a461b9a488e88f10e60a1fe8f4c975fbac81c1f58cf0444056fa26f3,https://finance.yahoo.com/markets/stocks/articles/us-equity-futures-drop-ai-125222588.html,Yahoo,2026-07-17T12:52:22Z,2026-07-17T14:13:48.436767Z,140931447,100,failed,empty_extract,200,jina_reader_markdown,2026-07-17T18:14:04.417722Z,explicit_enrichment_failure
std_afb5fc0969e240d6a3d0417884415261,MU,Stock Futures Drop as Tech Selloff Gathers Pace,https://finnhub.io/api/news?id=662fd3a4913fa09ad9224e5d739da8d63049bea3a3b1049e3681e7b1c38cc149,https://finance.yahoo.com/m/6b6c1731-20d8-3e62-b50c-673daf7ec6ce/stock-futures-drop-as-tech.html,Yahoo,2026-07-17T10:03:38Z,2026-07-17T12:14:52.946674Z,140930745,362,failed,source_summary_only,200,jina_reader_markdown,2026-07-17T12:59:35.548739Z,explicit_enrichment_failure
std_7b061efd59874d9c99d86dfeb4d55bd6,MU,"Social Buzz: Wallstreetbets Stocks Mostly Lower Premarket Friday; Netflix, SpaceX to Decline",https://finnhub.io/api/news?id=101ff5a5729da23ab00c5dd33680ac8b9ff33773280dfb016fd14170c353f75b,https://finance.yahoo.com/markets/stocks/articles/social-buzz-wallstreetbets-stocks-mostly-104141444.html,Yahoo,2026-07-17T10:41:41Z,2026-07-17T12:14:52.890079Z,140930731,100,failed,empty_extract,200,jina_reader_markdown,2026-07-17T12:59:35.547676Z,explicit_enrichment_failure
std_fa21aaf41f35485b97051905a9d70b7a,MU,Micron signs memory deals with seven Tier 1 automotive suppliers,https://finnhub.io/api/news?id=d7a3e80041f7c83bee517f2c352d3a6e629394d934228c1aa31f43e793f6fab1,https://www.just-auto.com/news/micron-memory-deals-automotive-suppliers/,Yahoo,2026-07-17T11:42:02Z,2026-07-17T12:14:52.854270Z,140930758,179,failed,http_403,403,curl_cffi_trafilatura,2026-07-17T12:59:35.547251Z,explicit_enrichment_failure
std_89f1163762a441ce945a315a103ed8c4,MU,"Dow Jones Futures Fall As Netflix Dives, SpaceX Scrubs Launch; Sandisk, AI Stocks Try To Halt Sell-Off",https://finnhub.io/api/news?id=54ed389e55e77bef203b3c701b178b36237f53408b85b8aebc3e9ca5801b13ac,https://finance.yahoo.com/m/b5c1ad7a-e72b-3a9b-bb20-11f0979acb67/dow-jones-futures-fall-as.html,Yahoo,2026-07-17T11:44:57Z,2026-07-17T12:14:52.814249Z,140930742,127,failed,empty_extract,200,jina_reader_markdown,2026-07-17T12:59:35.546206Z,explicit_enrichment_failure
std_ab5dfb9906cb4356a17d27c39865d046,META,Investors rotate within AI trade as slowing hyperscaler spending becomes a growing concern,https://finnhub.io/api/news?id=1c557e15772a37368f61898ba5de98e9932f48c9906d9fe54861604ab9f0c14b,https://investorshub.advfn.com/market-news,Yahoo,2026-07-17T10:21:31Z,2026-07-17T12:14:04.665562Z,140930721,500,failed,incomplete_extract,200,trafilatura,2026-07-17T12:14:11.003127Z,explicit_enrichment_failure
std_4de4ca70b4d74ad582d3163a0c457775,META,Meta (META) Faces Employee Lawsuit Over AI Assisted Layoffs,https://finnhub.io/api/news?id=e40f1d8e6b563a3f96d69778c7e52a0faba13395dd2ab6ae54113acecbe5b0f7,https://finance.yahoo.com/technology/ai/articles/meta-meta-faces-employee-lawsuit-111311991.html,Yahoo,2026-07-17T11:13:11Z,2026-07-17T12:14:04.595783Z,140930750,493,failed,source_summary_only,200,jina_reader_markdown,2026-07-17T15:32:30.830558Z,explicit_enrichment_failure
std_b7063486ce0b4ef5afded0724055a570,INTC,The Chip-Stock Slide Isn’t Over. The AI Trade Is Still Under Pressure. But ‘No One Is Short’,https://finnhub.io/api/news?id=195bb206262f8b40e9000b10daed5e724a11a88e6ab8742175794c5f90699eac,https://www.investopedia.com/chip-stocks-slide-despite-solid-results-adding-pressure-on-the-ai-trade-12020486,Yahoo,2026-07-16T15:43:33Z,2026-07-16T18:14:03.289161Z,140922617,82,failed,http_403,403,curl_cffi_trafilatura,2026-07-16T19:32:13.550149Z,explicit_enrichment_failure
std_d7b19a51e6ea4636840b56e989afb508,MU,SNDK vs. MU: Which AI Memory Stock is a Smarter Buy at Current Levels?,https://finnhub.io/api/news?id=d00e08645f6f07f3dbfccee0803646fe2ab087c3c00c98b13c5338e811867c4f,https://finance.yahoo.com/markets/stocks/articles/sndk-vs-mu-ai-memory-135900952.html,Yahoo,2026-07-16T13:59:00Z,2026-07-16T16:16:04.465553Z,140920953,124,failed,timeout,429,jina_reader_markdown,2026-07-16T17:50:53.320670Z,explicit_enrichment_failure
std_17f0b5ff097e489fb0e191855fe763c7,MU,Jim Cramer says AI bubble fears miss the market’s real risk,https://finnhub.io/api/news?id=a7ccf4a5f55b37b9cfb86df9f970a5624b4e3517712fa900606f3d343a504f1a,https://www.thestreet.com/fed/jim-cramer-says-ai-bubble-fears-miss-the-markets-real-risk,Yahoo,2026-07-16T14:07:00Z,2026-07-16T16:16:04.437486Z,140920952,302,failed,empty_extract,200,jina_reader_markdown,2026-07-16T17:50:53.320225Z,explicit_enrichment_failure
std_ddebfb91c39d4a46a4116648fb3ed409,MU,"Chip Weakness Takes Hold, Nasdaq Stumbles",https://finnhub.io/api/news?id=ef032d7e4347f73c8124ce10016702ed0c324efe4fdd6a52edf93c25f4180222,"https://finance.yahoo.com/m/07580a53-6a31-34be-a787-d4ee8083d337/chip-weakness-takes-hold,.html",Yahoo,2026-07-16T14:18:05Z,2026-07-16T16:16:04.387576Z,140920950,324,failed,source_summary_only,200,jina_reader_markdown,2026-07-16T17:50:53.319719Z,explicit_enrichment_failure
std_6122d30458df49c2a34a24d96166ba37,MU,Chip Stocks Pummeled. SK Hynix Dives. SOX Socked Again.,https://finnhub.io/api/news?id=33e0218061a09ff937ff829866b97fa67327889a16bafaffab0de45ca895b7dd,https://finance.yahoo.com/m/cc8f275f-47b0-3426-91ba-9e800fb7982d/chip-stocks-pummeled.-sk.html,Yahoo,2026-07-16T15:40:59Z,2026-07-16T16:16:04.203916Z,140920862,131,failed,timeout,429,jina_reader_markdown,2026-07-16T17:50:53.318779Z,explicit_enrichment_failure
std_4d5562fc546540d592d8543dc1892edd,META,The Great Rotation Is Here. Why Money Is Fleeing Chips for Old Favorites.,https://finnhub.io/api/news?id=533dab7d5cd60e31b1b8412881c6579edc252c60c423a430f9aafa39ed1382a2,https://finance.yahoo.com/m/bb0876b6-ba00-3f44-8f04-6e5dcbc17600/the-great-rotation-is-here..html,Yahoo,2026-07-16T13:52:00Z,2026-07-16T16:14:47.266667Z,140920883,419,failed,source_summary_only,200,jina_reader_markdown,2026-07-16T17:43:53.614751Z,explicit_enrichment_failure
std_5c9ef525696a405ba43aedeb1be66fb2,META,Nvidia-backed startup Fireworks valued at $17.5 billion in latest funding,https://finnhub.io/api/news?id=a74402f23686aeb76a061f1b1f0ea8d421c55bc63cd7dac528ceb329b66430d4,https://finance.yahoo.com/technology/ai/articles/nvidia-backed-startup-fireworks-valued-145247058.html,Yahoo,2026-07-16T14:52:47Z,2026-07-16T16:14:47.218917Z,140920875,368,failed,source_summary_only,200,jina_reader_markdown,2026-07-16T17:43:53.613787Z,explicit_enrichment_failure
std_0ae8639396394950a758b53783ae0fb8,MU,XV: Monthly Distribution With 15% Annual Target,https://finnhub.io/api/news?id=a095341dcb8afb9d8365e4c705c20613c32484ba2cbb7750bed5c69a9c5b9030,,SeekingAlpha,2026-07-16T10:38:01Z,2026-07-16T14:51:11.142254Z,140920312,0,not_recorded,empty_body,,,,empty_body
std_b66156a928de429d80bc7779c1a0c647,MU,Micron Strengthens Automotive Ecosystem Supply Through Strategic Customer Agreements,https://finnhub.io/api/news?id=b10572a46db00562e6a712f4d23b82212576df499f093f940ea8b567ec7fe354,https://finance.yahoo.com/technology/articles/micron-strengthens-automotive-ecosystem-supply-130000837.html,Yahoo,2026-07-16T13:00:00Z,2026-07-16T14:15:20.342454Z,140919677,500,failed,source_summary_only,200,jina_reader_markdown,2026-07-16T15:04:19.989939Z,explicit_enrichment_failure
std_bf4bc88e3e7548b1a82630891ba81aef,MU,"Micron signs deals with Qualcomm, others for AI-powered automobile chip components",https://finnhub.io/api/news?id=16af38120032f50e55dcc2f05f9413bdc5cc026e1e1ba4bca8aaaf67846b2920,https://finance.yahoo.com/technology/ai/articles/micron-signs-deals-qualcomm-others-130233432.html,Yahoo,2026-07-16T13:02:33Z,2026-07-16T14:15:20.311968Z,140919572,533,failed,source_summary_only,200,jina_reader_markdown,2026-07-16T15:04:19.989549Z,explicit_enrichment_failure
std_17fad6f8953d40438426f2d431363071,META,The Surprising Tech Rotation Boosting Stocks This Earnings Season,https://finnhub.io/api/news?id=1d393a6f9fecae48a072fc51c7d9d10794960a8bed6a409813b55aebe83c87b8,https://finance.yahoo.com/m/bb0876b6-ba00-3f44-8f04-6e5dcbc17600/the-surprising-tech-rotation.html,Yahoo,2026-07-16T11:48:00Z,2026-07-16T14:14:27.301318Z,140919609,419,failed,source_summary_only,200,jina_reader_markdown,2026-07-16T14:41:15.958107Z,explicit_enrichment_failure
std_7b35607a0e7f44a2aab9ba06b11f0fde,META,Williams Is No AI Pipe Dream. The Stock Is a Winner.,https://finnhub.io/api/news?id=edc623f74dbb804307d525f1774f399b2e985d18ed9b789f40196f537091b900,https://finance.yahoo.com/m/c1312f7d-43fd-3166-afe9-f6170a89980c/williams-is-no-ai-pipe-dream..html,Yahoo,2026-07-16T12:24:00Z,2026-07-16T14:14:27.252545Z,140919663,654,failed,source_summary_only,200,jina_reader_markdown,2026-07-16T17:43:53.615134Z,explicit_enrichment_failure
std_da39bb3581cb40aabf6186c82e724b7a,INTC,Taiwan Semi Plans Extra $100 Billion in U.S. Investment as It Fights Intel Challenge,https://finnhub.io/api/news?id=5a5689c3f57d985f747558e572ee41c65ebfab206ca8788c8047a94e7e603d30,https://finance.yahoo.com/m/53b0c585-4881-3201-aad8-027994d2c7fa/taiwan-semi-plans-extra-$100.html,Yahoo,2026-07-16T12:38:00Z,2026-07-16T14:13:48.830255Z,140919582,127,failed,source_summary_only,200,trafilatura,2026-07-16T16:33:35.770023Z,explicit_enrichment_failure
std_63205b54581241f38e28b8634c6e0202,META,Don't Misconstrue Rotation For A Bear Market,https://finnhub.io/api/news?id=95c2e0abd9baeaa1830698a9a8b5ca0a5e95b9339babf2987dec564b85608469,,SeekingAlpha,2026-07-16T09:00:45Z,2026-07-16T13:20:58.917839Z,140919377,0,not_recorded,empty_body,,,,empty_body
std_4996adb1c72347c9b418d5c527877c2e,INTC,"ASML Mulls Price Hike for Chipmaking Tools, Information Says",https://finnhub.io/api/news?id=6e792fde9507ed8c4e4dbd26176403f8e06ff3813fd2ef823e0346538ea6c141,https://finance.yahoo.com/technology/articles/asml-mulls-price-hike-chipmaking-093259521.html,Yahoo,2026-07-16T09:32:59Z,2026-07-16T12:13:24.269207Z,140918832,499,failed,source_summary_only,200,jina_reader_markdown,2026-07-16T14:14:09.456294Z,explicit_enrichment_failure
std_65dd265f135348b08946e6a9fec55526,INTC,TSMC and AI stocks fall despite upbeat earnings. Here’s what’s worrying investors,https://finnhub.io/api/news?id=7d58b39ac4e07b4750debdd00068b04e4d6f497236f4c0b831128a5d333e3684,https://finance.yahoo.com/markets/stocks/articles/tsmc-ai-stocks-fall-despite-092548219.html,Yahoo,2026-07-16T09:25:48Z,2026-07-16T10:12:55.356296Z,140918051,409,failed,source_summary_only,200,jina_reader_markdown,2026-07-16T12:57:15.853999Z,explicit_enrichment_failure
std_50bcb3fc941448f6ac70a5698e14a017,MU,"Chip Stocks Sink, Pulling Indexes Lower",https://finnhub.io/api/news?id=a21586ffd0761d4568ab9da57cba5dc2b8408c1b58c7f984fe160c4f2dd35318,"https://finance.yahoo.com/m/e7233e45-9906-336f-8f6e-f4abe311db2e/chip-stocks-sink,-pulling.html",Yahoo,2026-07-15T16:59:26Z,2026-07-15T18:15:22.561710Z,140911197,219,failed,source_summary_only,200,jina_reader_markdown,2026-07-15T19:42:24.196351Z,explicit_enrichment_failure
std_adc05c6ae2bc455382ff39a214f7bba7,MU,Indexes Wobble Near Flatline. Wall Street Is in Wait-and-See Mode.,https://finnhub.io/api/news?id=0ab7ac33e2fab9a3ef3895c7c7b0b6f72c20abec96b09e42200940820363ce76,https://finance.yahoo.com/m/940bc323-a292-386b-b16b-1a1aa0a1cd4e/indexes-wobble-near-flatline..html,Yahoo,2026-07-15T17:02:47Z,2026-07-15T18:15:22.529519Z,140911272,359,failed,source_summary_only,200,jina_reader_markdown,2026-07-15T19:42:24.195993Z,explicit_enrichment_failure
std_c67cd27c84904875a489e89a9b78b4f7,INTC,Intel (INTC) Stock May Be Reasonable On Its Very Large 1 Year Run,https://finnhub.io/api/news?id=4dd9c3ab048627d19b721e42ebe383db739a9bef0fe204671065f2fe5fdb6034,https://finance.yahoo.com/markets/stocks/articles/intel-intc-stock-may-reasonable-171106915.html,Yahoo,2026-07-15T17:11:06Z,2026-07-15T18:14:29.973086Z,140911306,495,failed,source_summary_only,200,jina_reader_markdown,2026-07-15T18:32:15.655260Z,explicit_enrichment_failure
std_75eae13967034f1daad3ecfa6b515e59,META,Shares of several banks and financial services companies are trading higher amid overall market strength as investors anticipate this week's Fed Reserve meeting.,https://finnhub.io/api/news?id=f5af666d096d8f45d34d78bac257ee6d0c8030a696cc155fe2fc4bece3190a60,,Benzinga,2026-07-15T13:01:21Z,2026-07-15T17:52:45.187058Z,139941219,0,not_recorded,empty_body,,,,empty_body
std_90c39c657d914e32b7a171308bca3ce4,MU,CoreWeave's Hardware Bet Gets More Complex,https://finnhub.io/api/news?id=2433a222244222640a2921373e6883fdd069fb95e46dd7ddef3750aea769b793,https://finnhub.io/api/news?id=2433a222244222640a2921373e6883fdd069fb95e46dd7ddef3750aea769b793,Yahoo,2026-07-15T14:19:47Z,2026-07-15T16:15:32.493033Z,140909550,55,failed,http_502,,curl_cffi_trafilatura,2026-07-15T17:13:27.429636Z,explicit_enrichment_failure
std_6bfbee71943e41ffb797373b72984aed,MU,"Micron (MU) To Boost US Investment, Here’s What You Should Know",https://finnhub.io/api/news?id=d5d8f7c9bae96727b951e6b452b0c60ca93e1b2efd7c95473def0d1ab6aa449d,https://finnhub.io/api/news?id=d5d8f7c9bae96727b951e6b452b0c60ca93e1b2efd7c95473def0d1ab6aa449d,Yahoo,2026-07-15T14:57:52Z,2026-07-15T16:15:32.459191Z,140909549,319,failed,http_502,,curl_cffi_trafilatura,2026-07-15T17:13:27.429164Z,explicit_enrichment_failure
std_1a62c6480b7545429a4fb8941e82c18a,MU,"Sandisk (SNKD) To Release F4 2026 Earnings on Aug 5, Here’s What You Need to Know",https://finnhub.io/api/news?id=47ed34612eb1ce930a6e90bc26ca30a6a2ba1b92f7d482c5c0ae6c2f7171c8f5,https://finance.yahoo.com/markets/stocks/articles/sandisk-snkd-release-f4-2026-145839926.html,Yahoo,2026-07-15T14:58:39Z,2026-07-15T16:15:32.429366Z,140909548,326,failed,source_summary_only,200,jina_reader_markdown,2026-07-15T17:13:27.428748Z,explicit_enrichment_failure
std_76d9e47f87934e0482429c6eb948ab85,MU,CoreWeave Weighs Hedging Its Bet on Memory Chip Prices,https://finnhub.io/api/news?id=7affd66222200dd6649be61168fd0122d10d4398b9db7ec0d468a76e062d4854,https://finance.yahoo.com/markets/options/articles/coreweave-weighs-hedging-bet-memory-153047330.html,Yahoo,2026-07-15T15:30:47Z,2026-07-15T16:15:32.389563Z,140909546,107,failed,source_summary_only,200,jina_reader_markdown,2026-07-15T17:13:27.428255Z,explicit_enrichment_failure
std_9ed551de1fdd4d87b6dc412b5d04bab1,META,New York Just Hit Brakes on AI: Kathy Hochul To Reportedly Freeze New 50 MW Data Centers Amid Grid Strain,https://finnhub.io/api/news?id=71b8946846e0dc1e1d350f7b6c7fdd2d8a2a7650d226ce3eb7fd5c05c48a7eb6,https://finnhub.io/api/news?id=71b8946846e0dc1e1d350f7b6c7fdd2d8a2a7650d226ce3eb7fd5c05c48a7eb6,Yahoo,2026-07-15T13:31:05Z,2026-07-15T16:14:03.397071Z,140909537,251,failed,http_502,,curl_cffi_trafilatura,2026-07-15T17:52:47.868135Z,explicit_enrichment_failure
std_4c88cdb6b8ee46a5bb3da31b450ad400,META,AMD Went From AI Afterthought to Nvidia Equal in Just 3 Years. Can the Momentum Continue?,https://finnhub.io/api/news?id=7ce055d995cada5e9a8011630d5d9e5989ed07031abe2ab148d80d6a01770629,https://finnhub.io/api/news?id=7ce055d995cada5e9a8011630d5d9e5989ed07031abe2ab148d80d6a01770629,Yahoo,2026-07-15T14:52:03Z,2026-07-15T16:14:03.369667Z,140909488,229,failed,http_502,,curl_cffi_trafilatura,2026-07-15T17:52:47.867868Z,explicit_enrichment_failure
std_81fd76cb41eb491980aca2bec5e62d19,META,A look inside Meta’s Menlo Park headquarters,https://finnhub.io/api/news?id=bbbb007c927d2dd17de8f9b73eced11d23690907b9d329e3e1786f920d709a92,https://finnhub.io/api/news?id=bbbb007c927d2dd17de8f9b73eced11d23690907b9d329e3e1786f920d709a92,Yahoo,2026-07-15T15:13:00Z,2026-07-15T16:14:03.325174Z,140909535,297,failed,http_502,,curl_cffi_trafilatura,2026-07-15T17:52:47.867499Z,explicit_enrichment_failure
std_70a73b76cbb54b5e8433dd702078a687,META,Global Data Center Market Investment to Reach USD 959.19 Billion by 2031- Exclusive Insight by Arizton,https://finnhub.io/api/news?id=427a95db445adcbf9b58a0ebe7c98cc1576e252ec75895728a365fc673371000,https://finnhub.io/api/news?id=427a95db445adcbf9b58a0ebe7c98cc1576e252ec75895728a365fc673371000,Yahoo,2026-07-15T15:15:00Z,2026-07-15T16:14:03.292465Z,140909473,500,failed,http_502,,curl_cffi_trafilatura,2026-07-15T17:52:47.867128Z,explicit_enrichment_failure
std_a83106ae824e4a3c8fbec639925ea7ab,META,Zuckerberg is a “Brilliant Gangster”: Dana White’s Inside Look at the Meta Boardroom,https://finnhub.io/api/news?id=5b782da37c016960dcfefb1a4cddd331c3d4cf06be48a0b46041288770428301,https://finnhub.io/api/news?id=5b782da37c016960dcfefb1a4cddd331c3d4cf06be48a0b46041288770428301,Yahoo,2026-07-15T15:44:15Z,2026-07-15T16:14:03.265555Z,140909435,230,failed,http_502,,curl_cffi_trafilatura,2026-07-15T17:52:47.866430Z,explicit_enrichment_failure
std_4ec102758b5b4db2bd9c2a80e72c47f3,INTC,Stifel Raises PT on Intel (INTC),https://finnhub.io/api/news?id=5f061a2de0b6a9c7d3868d24df42df29879a6fc8c9375a1098c6769ce6849467,https://finance.yahoo.com/markets/stocks/articles/stifel-raises-pt-intel-intc-145614234.html,Yahoo,2026-07-15T14:56:14Z,2026-07-15T16:13:44.153225Z,140909611,375,failed,source_summary_only,200,jina_reader_markdown,2026-07-15T16:13:47.154492Z,explicit_enrichment_failure
std_f0cd83afa7134516941157d49b94e818,INTC,Here’s Why HSBC Doubled The PT on Intel (INTC),https://finnhub.io/api/news?id=714966ecc167da781eb1d15791d46a7dbf6e690b3161756b8cfff89b22fab88e,https://finance.yahoo.com/markets/stocks/articles/why-hsbc-doubled-pt-intel-145848376.html,Yahoo,2026-07-15T14:58:48Z,2026-07-15T16:13:44.125431Z,140909610,347,failed,source_summary_only,200,jina_reader_markdown,2026-07-15T16:13:47.154153Z,explicit_enrichment_failure
std_a9ac188dcc2c43918622903b5b140f49,MU,AI Chips Update - Arteris Arm Partnership Strengthens AI Chip Security,https://finnhub.io/api/news?id=4351caad02f82f761729621b81b9c97d2122b7d672fc1e44c9db839df5259c8e,https://finance.yahoo.com/technology/ai/articles/ai-chips-arteris-arm-partnership-113801991.html,Yahoo,2026-07-15T11:38:01Z,2026-07-15T14:15:03.888496Z,140908199,496,failed,timeout,429,jina_reader_markdown,2026-07-15T14:43:30.983683Z,explicit_enrichment_failure
std_2d4886749ba6406190a870b9a3616244,MU,Micron Stock Falls With Chinese Competition About to Get Fiercer,https://finnhub.io/api/news?id=6509201d2bde22a2398b7ab550b6f8252b9006f6355809042c2bfb2e7267a27a,https://finance.yahoo.com/m/3e68871a-1f4e-33a8-b417-5f8ade9ce0de/micron-stock-falls-with.html,Yahoo,2026-07-15T12:18:00Z,2026-07-15T14:15:03.861074Z,140908237,104,failed,source_summary_only,200,jina_reader_markdown,2026-07-15T14:43:30.983277Z,explicit_enrichment_failure
std_cfcfca8249544693baf76ffbb89a025a,META,AI helps decide who gets hired. Is it also choosing who gets fired?,https://finnhub.io/api/news?id=e233ebaf42334c767a5df6aac76cfe4c0308b3194afebf9b0619cad8c3ac5850,https://www.usatoday.com/story/money/2026/07/15/layoffs-increasingly-guided-by-ai/90923879007/,Yahoo,2026-07-15T12:32:20Z,2026-07-15T14:15:00.523319Z,140908222,148,failed,http_403,403,curl_cffi_trafilatura,2026-07-15T15:30:51.138375Z,explicit_enrichment_failure
std_e4e7bbdb731042f98161f55d69fa2eeb,META,Hazeltree: A Tale of Two Stories Defined the First Half of 2026 for Global Hedge Funds,https://finnhub.io/api/news?id=c95228c967fb40b20f8ded0bc8c1a667a3075aef9bbd6c4bdd5665f32be4dbe4,https://finance.yahoo.com/markets/stocks/articles/hazeltree-tale-two-stories-defined-130000239.html,Yahoo,2026-07-15T13:00:00Z,2026-07-15T14:15:00.494956Z,140908127,500,failed,source_summary_only,200,jina_reader_markdown,2026-07-15T15:30:51.137937Z,explicit_enrichment_failure
std_754a6fd3bb0e45b0931bfe3848ed9ab2,META,Rime Raises $24 Million Series A to Build the World’s First Enterprise-Ready Speech-to-Speech Model,https://finnhub.io/api/news?id=2199fa1696461a48bc2b62a6c647f9a7500f0cad3e6efde5912d5a1090f01021,https://finance.yahoo.com/technology/ai/articles/rime-raises-24-million-series-133000471.html,Yahoo,2026-07-15T13:30:00Z,2026-07-15T14:15:00.461183Z,140908220,500,failed,source_summary_only,200,jina_reader_markdown,2026-07-15T15:30:51.136967Z,explicit_enrichment_failure
std_e309292b733646b48df7070343612d87,INTC,Intel Uses ASML's New EUV System,https://finnhub.io/api/news?id=d3d4f6529b15975cf26ba84fd624a1ef37e81382ee2bdac0c1399908a935f718,https://finance.yahoo.com/technology/articles/intel-uses-asmls-euv-system-135818460.html,Yahoo,2026-07-15T13:58:18Z,2026-07-15T14:13:30.637960Z,140908270,76,failed,source_summary_only,200,jina_reader_markdown,2026-07-15T15:26:40.446027Z,explicit_enrichment_failure
std_394b3ce333b844288324d12786643ef0,MU,"Social Buzz: Wallstreetbets Stocks Mostly Advancing Pre-Bell Wednesday; ASML Holding, Nebius Group to Open Higher",https://finnhub.io/api/news?id=bfe641e02233afdc2283766c66d27d1c969c83f02311e029b7fc95727b68da2b,https://finance.yahoo.com/markets/stocks/articles/social-buzz-wallstreetbets-stocks-mostly-103335979.html,Yahoo,2026-07-15T10:33:35Z,2026-07-15T12:13:55.104788Z,140907355,100,failed,empty_extract,200,jina_reader_markdown,2026-07-15T14:43:30.984028Z,explicit_enrichment_failure
std_61a26899928e4fb9b7637ed976604d56,MU,SK Hynix Stock Surges More Than 20%—and Is Now Worth 40% More Than South Korean Shares,https://finnhub.io/api/news?id=13686a8219c2b2074c7c574f9efa044fd4312c2c08530a33b4fde1a9c337f20c,https://finance.yahoo.com/m/0d512629-b958-3d3f-82f5-3e9a594cfb44/sk-hynix-stock-surges-more.html,Yahoo,2026-07-14T19:19:00Z,2026-07-14T20:14:15.542442Z,140901436,426,failed,source_summary_only,200,jina_reader_markdown,2026-07-14T20:51:12.660707Z,explicit_enrichment_failure
std_e0bf286c538844268f04c805413fa27e,MU,Why You Must Buy These 4 Memory Stocks After the Recent Sell-Off,https://finnhub.io/api/news?id=995b219ce74412e636bd25ac8c824fb84997191f88c7545d786c04b2bef2f15f,https://finance.yahoo.com/markets/stocks/articles/why-must-buy-4-memory-133900501.html,Yahoo,2026-07-14T13:39:00Z,2026-07-14T16:16:14.897184Z,140898038,148,failed,source_summary_only,200,jina_reader_markdown,2026-07-14T17:12:42.269750Z,explicit_enrichment_failure
std_3c7b76c430ca4c5da9b8fd4e361ba436,MU,Micron Stock Jumps—Why It Can Rise Another 90%,https://finnhub.io/api/news?id=e7ab22bc79826238af299fe652f60a52391ce87fe6dc4226c62a35845092c200,https://finance.yahoo.com/m/6649cbab-f8da-3e02-9b52-23ae9174c33f/micron-stock-jumps—why-it-can.html,Yahoo,2026-07-14T14:13:00Z,2026-07-14T16:16:14.864694Z,140898037,122,failed,source_summary_only,200,jina_reader_markdown,2026-07-14T20:51:12.662870Z,explicit_enrichment_failure
std_ae1d1cf4946440dbb12f988427e35987,MU,These Chip Stocks Are Staying Strong In A Choppy Market,https://finnhub.io/api/news?id=e88c0de77eb345336535019bed685162da3dac01963d5158d3295c674cf6477e,https://finance.yahoo.com/m/280dd0f2-6204-3cf9-bbfe-6e2677dac618/these-chip-stocks-are-staying.html,Yahoo,2026-07-14T15:40:39Z,2026-07-14T16:16:14.750414Z,140898031,137,failed,source_summary_only,200,jina_reader_markdown,2026-07-14T20:51:12.662296Z,explicit_enrichment_failure
std_36743d0eeb094ca2834d37314aed2b1d,MU,Why Micron Stock Can Rise Another 90%,https://finnhub.io/api/news?id=d0abc92e75915fa85681f5823e24697a005f815f0dd689cca3183edd03527203,https://finance.yahoo.com/m/6649cbab-f8da-3e02-9b52-23ae9174c33f/why-micron-stock-can-rise.html,Yahoo,2026-07-14T12:21:00Z,2026-07-14T14:15:48.104472Z,140896829,122,failed,empty_extract,200,jina_reader_markdown,2026-07-14T17:12:42.270165Z,explicit_enrichment_failure
std_6d0ce3a3066a4478b439674c02e676d8,MU,Micron and Nvidia are powering a $700 billion chip profit boom: Chart of the Day,https://finnhub.io/api/news?id=15242c6ec767f7dbc24a079f6d8032183e83478b31aea3fb802d755af2e65f85,https://finance.yahoo.com/markets/article/micron-and-nvidia-are-powering-a-700-billion-chip-profit-boom-chart-of-the-day-100000068.html,Yahoo,2026-07-14T10:00:00Z,2026-07-14T12:14:06.896374Z,140895903,135,failed,source_summary_only,200,jina_reader_markdown,2026-07-14T12:14:37.304349Z,explicit_enrichment_failure
std_a7f6eaf5474f46798aa8b7f292a5a30d,MU,The Case for Micron Stock Rising Nearly 90%,https://finnhub.io/api/news?id=cd15113e88767f4050faad66b0bff353c04159764c4f8d8aef00df56909d070e,https://finance.yahoo.com/m/6649cbab-f8da-3e02-9b52-23ae9174c33f/the-case-for-micron-stock.html,Yahoo,2026-07-14T10:25:00Z,2026-07-14T12:14:06.871298Z,140895946,122,failed,source_summary_only,200,jina_reader_markdown,2026-07-14T12:14:37.303895Z,explicit_enrichment_failure
std_178e02ac91a24f258cd8d470b236c340,MU,SK Hynix Stock Jumps as U.S. Premium Kicks In for Memory-Chip Maker,https://finnhub.io/api/news?id=c439fc5c57b0ca5b18c5013b17ed511e69c0267f91852efbd7b4ff4dabfb6744,https://finance.yahoo.com/m/0d512629-b958-3d3f-82f5-3e9a594cfb44/sk-hynix-stock-jumps-as-u.s..html,Yahoo,2026-07-14T08:59:00Z,2026-07-14T10:14:18.163919Z,140895281,295,failed,source_summary_only,200,jina_reader_markdown,2026-07-14T12:14:37.304742Z,explicit_enrichment_failure
std_75f28d98368642af850e249180c3d728,MU,"SK Hynix, Sandisk, AppLovin, Intuit, Meta, SpaceX, and More Stocks That Explain Today’s Market",https://finnhub.io/api/news?id=772af12dc47ae60b953e939e1c02cc7e57fe8ee97810c5e78ebbb634d6f27926,"https://finance.yahoo.com/m/5c3f659d-71a8-31f7-a452-f104234e74cc/sk-hynix,-sandisk,-applovin,.html",Yahoo,2026-07-13T18:27:00Z,2026-07-13T20:14:39.923854Z,140889929,117,failed,source_summary_only,200,jina_reader_markdown,2026-07-13T21:31:52.384538Z,explicit_enrichment_failure
std_234e6ed7a3ef434db861aa7ea1139097,MU,Micron Flags Next AI Chip Bottleneck,https://finnhub.io/api/news?id=244dbef6698aecdd2306fbc4fe2241465ee3ef768d78b3943b6b04a5b0a07051,https://finance.yahoo.com/technology/ai/articles/micron-flags-next-ai-chip-192303548.html,Yahoo,2026-07-13T19:23:03Z,2026-07-13T20:14:39.869201Z,140889971,55,failed,source_summary_only,200,jina_reader_markdown,2026-07-13T21:31:52.384107Z,explicit_enrichment_failure
std_e293d81c76fb4202b1d79b38c59139d7,MU,Micron's Wafer Bet Raises Supply Questions,https://finnhub.io/api/news?id=0986624d9347e60a41d33e69807d4a9495e8354e744c4edf3087ff6a15b0be38,https://finance.yahoo.com/technology/articles/microns-wafer-bet-raises-supply-165435348.html,Yahoo,2026-07-13T16:54:35Z,2026-07-13T18:15:49.635003Z,140888367,59,failed,http_403,403,jina_reader_markdown,2026-07-13T20:42:47.847359Z,explicit_enrichment_failure
std_7d6d210ca78d409c9720e7899eb74f06,MU,Buy These 4 Tech Stocks That Are Still Cheap Despite 100%+ YTD Rally,https://finnhub.io/api/news?id=d7f0a0773ff5faf601ea1c3a944f75b551c954637ffaf890def581dfd8f8725c,https://finance.yahoo.com/markets/stocks/articles/buy-4-tech-stocks-still-125500812.html,Yahoo,2026-07-13T12:55:00Z,2026-07-13T16:23:34.580628Z,140886814,126,failed,source_summary_only,200,jina_reader_markdown,2026-07-13T16:53:18.569155Z,explicit_enrichment_failure
std_5f79fee293204a9ca7169f053ff0bd58,MU,Memory Stocks & ETF DRAM in Bear Market: Time to Buy the Dip?,https://finnhub.io/api/news?id=8b43ab9353c991e5bec2149e81f0df2ccdc48350fe762bac90c2781ed69e7a5e,https://finance.yahoo.com/markets/stocks/articles/memory-stocks-etf-dram-bear-130000639.html,Yahoo,2026-07-13T13:00:00Z,2026-07-13T16:23:34.555666Z,140886813,131,failed,source_summary_only,200,jina_reader_markdown,2026-07-13T17:51:09.762268Z,explicit_enrichment_failure
std_99ae19170fca4bd89168fc62d10edc45,MU,Will Micron's Long-Term Supply Contracts Improve Revenue Visibility?,https://finnhub.io/api/news?id=cb4ba1c1093180f591dbeb6906539a3bfc0130b581e2636c7ed95f1dcbfc9b9e,https://finance.yahoo.com/markets/stocks/articles/microns-long-term-supply-contracts-135600186.html,Yahoo,2026-07-13T13:56:00Z,2026-07-13T16:23:34.477212Z,140886812,153,failed,source_summary_only,200,jina_reader_markdown,2026-07-13T17:51:09.759928Z,explicit_enrichment_failure
std_bedb1f4595dd4db4affac666ece61729,MU,Memory Chip Trade Stumbles After SK Hynix’s Historic Drop,https://finnhub.io/api/news?id=6f75e2b23ec17af2c8a79bda344d68410ab429dd3aaf4d29acf7da9679ccb008,https://finance.yahoo.com/m/84372bd6-3d9e-32b4-a5c8-0a0b0102e2ba/memory-chip-trade-stumbles.html,Yahoo,2026-07-13T14:15:49Z,2026-07-13T16:23:34.417239Z,140886810,224,failed,source_summary_only,200,jina_reader_markdown,2026-07-13T19:53:17.394897Z,explicit_enrichment_failure
std_35b1f822cf4c445db69cea90f2b928c8,META,Tech Sell-Off: How investors should navigate the market,https://finnhub.io/api/news?id=8435df224924bad4944dc0a5aef0ec056b6d0b638902ab7f23030a7cf0bf2e08,https://finance.yahoo.com/video/tech-sell-off-how-investors-should-navigate-the-market-145638154.html,Yahoo,2026-07-13T14:56:38Z,2026-07-13T16:15:51.854466Z,140886731,206,failed,unsupported_media,200,trafilatura,2026-07-13T17:35:32.464557Z,explicit_enrichment_failure
std_ef6dcba3b4ac428bb90f0550f6635673,META,European Equities Mixed in Monday Trading; Eni to Fuel BMW Corporate Fleets With Renewable Diesel,https://finnhub.io/api/news?id=295240b390fbcd2980dda163a0bed032ba1aea83cec61bf4c8b03dbdfd2fb521,https://finance.yahoo.com/markets/world-indices/articles/european-equities-mixed-monday-trading-155026227.html,Yahoo,2026-07-13T15:50:26Z,2026-07-13T16:15:51.716387Z,140886749,100,failed,source_summary_only,200,trafilatura,2026-07-13T17:35:32.461909Z,explicit_enrichment_failure
std_44196d2d927c48df95d80ae7dbf07b04,META,Top Midday Stories: Trump Says US to Be Guardian of Hormuz Strait; Meta to Invest Over $50 Billion in Louisiana Data Center Expansion,https://finnhub.io/api/news?id=6540b5fb8052448f14bf5973c176f6a4ba2b01c2b79d32c66fb9dacef24aba89,https://finance.yahoo.com/markets/stocks/articles/top-midday-stories-trump-says-155513663.html,Yahoo,2026-07-13T15:55:13Z,2026-07-13T16:15:51.684850Z,140886787,100,failed,source_summary_only,200,trafilatura,2026-07-13T17:35:32.460532Z,explicit_enrichment_failure
std_d6a44770863b42129e483dd92ea2750b,MU,Equity Futures Down Amid Middle East Tensions; Key Earnings on Deck,https://finnhub.io/api/news?id=db128b9932184c522216eea679afd213facf746d65ac46821262b27fe9249c59,https://finance.yahoo.com/markets/stocks/articles/equity-futures-down-amid-middle-115445280.html,Yahoo,2026-07-13T11:54:45Z,2026-07-13T14:17:15.420475Z,140885766,100,failed,source_summary_only,200,trafilatura,2026-07-13T15:47:39.722405Z,explicit_enrichment_failure
std_4f0af3d741ba440eb0c7ebcfef3831a6,MU,SK Hynix Stock Drops as AI Fears Resurface,https://finnhub.io/api/news?id=026ad867016fcf1e1e96c76c051d09056271a158fa736312fd46b6bf3692896a,https://finance.yahoo.com/m/f20a1bd4-4e3a-3554-8bdf-aba53216ecba/sk-hynix-stock-drops-as-ai.html,Yahoo,2026-07-13T12:14:00Z,2026-07-13T14:17:15.391145Z,140885765,133,failed,source_summary_only,200,trafilatura,2026-07-13T15:47:39.721952Z,explicit_enrichment_failure
std_fa697b90a07a43408632cee86274a475,META,Meta AI Splurge Continues and J.P. Morgan Is Worried for the Stock,https://finnhub.io/api/news?id=207f0696d95b47b7dd85093ebace12afaab25488f1cd3395a3cad017112bf2d7,https://finance.yahoo.com/m/ac0344e5-2db2-30d2-aff8-2f098d7a9000/meta-ai-splurge-continues-and.html,Yahoo,2026-07-13T12:34:00Z,2026-07-13T14:15:05.748134Z,140885745,119,failed,source_summary_only,200,trafilatura,2026-07-13T15:50:34.692941Z,explicit_enrichment_failure
std_f0c5d50a67f8482d8ec58d14e105fd6c,META,Meta Scales Up Louisiana Mega AI Data Center To $50 Billion,https://finnhub.io/api/news?id=2ddf181b1b3772c9aa72e9b0783e95d4e6c482459ce112c8f3773695198f9bb6,https://finance.yahoo.com/m/600f624a-7b8b-3558-9eb3-7e28423dcdff/meta-scales-up-louisiana-mega.html,Yahoo,2026-07-13T12:39:49Z,2026-07-13T14:15:05.701694Z,140885743,122,failed,source_summary_only,200,trafilatura,2026-07-13T15:50:34.692539Z,explicit_enrichment_failure
std_b86c1390fba0496dbf6849b369597c58,META,Meta's Louisiana AI Campus Could Top $250 Billion Investment,https://finnhub.io/api/news?id=793ee4ab7728f97f9fb12b31fa3899967469a7345eb843f7c0ac369aed597bcf,https://finance.yahoo.com/technology/ai/articles/metas-louisiana-ai-campus-could-124928495.html,Yahoo,2026-07-13T12:49:28Z,2026-07-13T14:15:05.626782Z,140885740,112,failed,source_summary_only,200,jina_reader_markdown,2026-07-13T15:50:34.691574Z,explicit_enrichment_failure
std_4a7d9d9f2e2f45599e14a0ce3c772789,META,Meta Lifts Cost of Louisiana Data Center to $50 Billion,https://finnhub.io/api/news?id=673928a4d5f375b61b8a27ce40c3cc0e9d0ae8bb6718ce3544f0412d5b4d3df3,https://www.wsj.com/tech/meta-lifts-cost-of-louisiana-data-center-to-50-billion-02b2eb25,Yahoo,2026-07-13T12:57:00Z,2026-07-13T14:15:05.576285Z,140885738,173,failed,http_401,401,curl_cffi_trafilatura,2026-07-13T15:50:34.690813Z,explicit_enrichment_failure
std_eaa6d57b851f4a209356d7be72c29e0e,META,Meta’s Louisiana Data Center to Surpass $250 Billion Price Tag,https://finnhub.io/api/news?id=c049287d5d0c092748ebd6e5a03d6b6e8a08fecfa23bfc2980969c1a9cef54b5,https://finance.yahoo.com/technology/ai/articles/meta-louisiana-data-center-surpass-093000903.html,Yahoo,2026-07-13T09:30:00Z,2026-07-13T12:40:26.483826Z,140884963,500,failed,source_summary_only,200,jina_reader_markdown,2026-07-13T12:56:13.056444Z,explicit_enrichment_failure
std_1a37987d83d04a019c335a1f30359f29,META,‘Portfolios are becoming much riskier’: How to make defensive investments before the AI bubble pops,https://finnhub.io/api/news?id=7c15580e7c758f1f697968d145ebe433cd39e77c02eb31f99aa34f10121be49f,https://finance.yahoo.com/markets/stocks/articles/portfolios-becoming-much-riskier-defensive-100000558.html,Yahoo,2026-07-13T10:00:00Z,2026-07-13T12:40:26.416270Z,140884940,94,failed,source_summary_only,200,jina_reader_markdown,2026-07-13T13:52:18.681417Z,explicit_enrichment_failure
std_a290c7cbb5724df8b4bcdf2ecfa9e9a6,META,Mark Zuckerberg’s Net Worth Jumps as Meta Stock Gains Momentum,https://finnhub.io/api/news?id=8e29d9a4988dd576fe09ef04ccbaa9bf1a6dae2d6706d2571153690e50051832,https://finance.yahoo.com/markets/stocks/articles/mark-zuckerberg-net-worth-jumps-100108761.html,Yahoo,2026-07-13T10:01:08Z,2026-07-13T12:40:26.392648Z,140884960,233,failed,source_summary_only,200,jina_reader_markdown,2026-07-13T13:52:18.680909Z,explicit_enrichment_failure
std_8e002abc2230417888ce2016d0c3d47c,META,"Meta expands Louisiana data center to 5 gigawatts, investment crosses $50 billion",https://finnhub.io/api/news?id=a8071219b3c1b38a759382bb819c8df572ce73042387a6cc2f21ec2297986901,https://finance.yahoo.com/technology/ai/articles/meta-expands-louisiana-data-center-100140668.html,Yahoo,2026-07-13T10:01:40Z,2026-07-13T12:40:26.364416Z,140884959,551,failed,source_summary_only,200,jina_reader_markdown,2026-07-13T13:52:18.680252Z,explicit_enrichment_failure
std_2822d8e77e4a411483c6312eecc46e85,META,Apple’s $600 Billion Rally Fueled by Traders Fleeing AI Selloff,https://finnhub.io/api/news?id=78811c0f71ddef6c20d7af907cc18a06cfb75c66ac984a86b1833ca1ed2c59be,https://finance.yahoo.com/markets/stocks/articles/apple-600-billion-rally-fueled-101317523.html,Yahoo,2026-07-13T10:13:17Z,2026-07-13T12:40:26.329299Z,140884926,500,failed,source_summary_only,200,jina_reader_markdown,2026-07-13T13:52:18.677070Z,explicit_enrichment_failure
std_d4cb4d4410e34da6a7e8b1d83ade438b,MU,"Agenus rises premarket; Micron, Western Digital slide",https://finnhub.io/api/news?id=d184639f7aa7fb9e5985fb8055da4872c4f95c063e2954bc755a31fdfa016395,https://finance.yahoo.com/markets/stocks/articles/agenus-rises-premarket-micron-western-105926202.html,Yahoo,2026-07-13T10:59:26Z,2026-07-13T12:32:02.038636Z,140884972,185,failed,source_summary_only,200,jina_reader_markdown,2026-07-13T13:00:28.193212Z,explicit_enrichment_failure
std_c6fee299c6c3443d96be9716d80a65af,MU,The $536 Billion Chip War Threatening Micron Stock,https://finnhub.io/api/news?id=909654a3596c8b29eaaab25742c71b0f323a58c79c2aa7f88b58ce7ffc202ec4,https://finance.yahoo.com/m/3de06414-c0fa-393f-b2f7-427f3a5a05d3/the-$536-billion-chip-war.html,Yahoo,2026-07-13T11:36:00Z,2026-07-13T12:32:01.926846Z,140884969,137,failed,source_summary_only,200,jina_reader_markdown,2026-07-13T13:00:28.192764Z,explicit_enrichment_failure
std_dc8f226b25904703a7b6ee96ea50cbd9,MU,AI Chips Today - AI Advancements Revolutionize Drug Discovery and Cancer Treatment,https://finnhub.io/api/news?id=ceed74267e18151d2728f61dde07cbf72e752583b67fd050d8aecc311219a8f9,https://finance.yahoo.com/technology/ai/articles/ai-chips-today-ai-advancements-113732044.html,Yahoo,2026-07-13T11:37:32Z,2026-07-13T12:32:01.899317Z,140884912,494,failed,source_summary_only,200,jina_reader_markdown,2026-07-13T13:00:28.192284Z,explicit_enrichment_failure
std_24599a7c4dee4697b32881bf27c5ef86,MU,Why TSMC’s Record Revenue Isn’t Reviving the AI Trade,https://finnhub.io/api/news?id=29082d3e9eb8a3437d1b05bf87bb5ed00f442965219db8822a44e509446f3068,https://finance.yahoo.com/m/6ef9b2e8-e562-344a-af4d-dd77a6b79dfc/why-tsmc’s-record-revenue.html,Yahoo,2026-07-13T11:42:00Z,2026-07-13T12:32:01.871353Z,140884967,124,failed,source_summary_only,200,jina_reader_markdown,2026-07-13T13:00:28.191788Z,explicit_enrichment_failure
std_1a0720b317dd4e16af2464cf2909dd3c,MU,"Zacks.com featured highlights Flowserve, Micron and Duke Energy",https://finnhub.io/api/news?id=cb9cab2e657e57aad823eea18d0c51a88d41389669843230a7ebc475d7420e5b,https://finance.yahoo.com/markets/stocks/articles/zacks-com-featured-highlights-flowserve-081100980.html,Yahoo,2026-07-13T08:11:00Z,2026-07-13T11:00:07.671134Z,140884394,91,failed,source_summary_only,200,jina_reader_markdown,2026-07-13T11:00:30.001536Z,explicit_enrichment_failure
std_aa46449927ed4abc88ae67fbe40c20c7,MU,SK Hynix’s record plunge drags down global chip stocks,https://finnhub.io/api/news?id=c76082031d9b9d1f0cbfed49d49d0c5188725b5fa2830d9e9b3719bc0f9c0393,https://finance.yahoo.com/technology/ai/articles/sk-hynix-record-plunge-drags-091841687.html,Yahoo,2026-07-13T09:18:41Z,2026-07-13T11:00:07.544766Z,140884391,237,failed,source_summary_only,200,jina_reader_markdown,2026-07-13T11:00:29.998608Z,explicit_enrichment_failure
std_d357be32796f4097a0b1314ef5860136,MU,SK Hynix Stock Soars in Biggest US Listing Ever by a Foreign Company,https://finnhub.io/api/news?id=31db4d27a84b6b576fc64fbfe4f9f9b230b71b6cc59a03a97d76b527ddcaaf87,https://www.investopedia.com/sk-hynix-stock-soars-in-u-s-debut-12016226,Yahoo,2026-07-10T17:49:36Z,2026-07-10T20:18:52.755174Z,140865290,168,failed,http_403,403,curl_cffi_trafilatura,2026-07-10T20:23:28.578312Z,explicit_enrichment_failure
std_438ddd1ce61c455890295b1a8dc2b91c,MU,It’s SK Hynix Stock’s Big Day. Just Look at Micron Shares.,https://finnhub.io/api/news?id=0a2203fa4d803fa3564ad6c099aa99c2752a580c7775ed9addeb4644b0cb55de,https://finance.yahoo.com/m/3867d7ac-e12d-36cf-b091-ace87efefd74/it’s-sk-hynix-stock’s-big.html,Yahoo,2026-07-10T18:18:00Z,2026-07-10T20:18:52.718123Z,140865289,370,failed,source_summary_only,200,jina_reader_markdown,2026-07-10T20:23:28.577709Z,explicit_enrichment_failure
std_321deea08b234bd697dcf662cd991b6d,MU,Micron now targets 40% of its DRAM output from U.S. soil,https://finnhub.io/api/news?id=b3f3720c3c9a9164689b3974c9a6b4edf1cab2458618c77242e45c2236ce5aeb,https://www.thestreet.com/latest-news/micron-memory-shortage-us-fab,Yahoo,2026-07-10T18:47:00Z,2026-07-10T20:18:52.646496Z,140865286,302,failed,empty_extract,200,jina_reader_markdown,2026-07-10T20:23:28.577261Z,explicit_enrichment_failure
std_bdd3fe246adb485fb82bdb123192b6d9,MU,How SK Hynix picked the 'perfect time' to list in the US,https://finnhub.io/api/news?id=a9a5aeb7f8d48747feaf89eae981b1a29683b4f9676c61c6a13dcb772947bdb9,https://finance.yahoo.com/video/how-sk-hynix-picked-the-perfect-time-to-list-in-the-us-193227347.html,Yahoo,2026-07-10T19:32:27Z,2026-07-10T20:18:52.617735Z,140865209,312,failed,unsupported_media,200,jina_reader_markdown,2026-07-10T20:23:28.576789Z,explicit_enrichment_failure
std_603b85322c024105af634b23630a9cbf,MU,AI cash flow is booming for chipmakers & plummeting for Big Tech: Charts of the Day,https://finnhub.io/api/news?id=de53554ea57ac0d12f382046916d0f30cefe256eb3174c3202707cb6f7c55942,https://finance.yahoo.com/video/ai-cash-flow-is-booming-for-chipmakers--plummeting-for-big-tech-charts-of-the-day-194325231.html,Yahoo,2026-07-10T19:43:25Z,2026-07-10T20:18:52.593892Z,140865206,175,failed,unsupported_media,200,jina_reader_markdown,2026-07-10T20:23:28.575903Z,explicit_enrichment_failure
std_74bc279f21a94d64878b8a9f9dd94a68,META,Investing.com’s stocks of the week,https://finnhub.io/api/news?id=c47bca3c6a214a71c20f5d31f4637a84debbd548b14f24cbd30ef46345ca6bf8,https://finance.yahoo.com/markets/stocks/articles/investing-com-stocks-week-182339583.html,Yahoo,2026-07-10T18:23:39Z,2026-07-10T20:13:59.928548Z,140865221,156,failed,source_summary_only,200,jina_reader_markdown,2026-07-10T20:31:39.256727Z,explicit_enrichment_failure
std_6d589c020fda4ad0b3e9686cc0785578,META,Tencent Eyes Largest Manus Stake After Meta's $2 Billion Deal Unravels,https://finnhub.io/api/news?id=510be9b6a09d824d60ef27424ffafd38d2f78efc0c97bc7a7e7d66f540ce5e3f,https://finance.yahoo.com/technology/ai/articles/tencent-eyes-largest-manus-stake-194943069.html,Yahoo,2026-07-10T19:49:43Z,2026-07-10T20:13:59.823490Z,140865274,109,failed,source_summary_only,200,jina_reader_markdown,2026-07-10T20:31:39.255825Z,explicit_enrichment_failure
std_4552e8425f9a40d0817d3a975da4bf77,META,AI Giants Add $350 Billion Debt as $725 Billion Spending Surges,https://finnhub.io/api/news?id=0db9c1a0b7b67a22fb07cd721239c5468781fb049d725c5afe131d4489603eda,https://finance.yahoo.com/technology/ai/articles/ai-giants-add-350-billion-195553515.html,Yahoo,2026-07-10T19:55:53Z,2026-07-10T20:13:59.801475Z,140865237,130,failed,empty_extract,200,jina_reader_markdown,2026-07-10T20:31:39.255099Z,explicit_enrichment_failure
std_8c08e69eb29d4ee0897b6241aef601f1,META,Mercor Funding Talks Show AI Data Boom,https://finnhub.io/api/news?id=ceffd5923f3b9cfab7629bbc6d133aff4b3759958840673c7820fd563ca06ab3,https://finance.yahoo.com/technology/ai/articles/mercor-funding-talks-show-ai-195703187.html,Yahoo,2026-07-10T19:57:03Z,2026-07-10T20:13:59.772972Z,140865272,60,failed,source_summary_only,200,jina_reader_markdown,2026-07-10T20:31:39.254270Z,explicit_enrichment_failure
std_2a52bfc8aaaf4342833cfe42191fd77f,MU,Micron Stock Falls After Memory-Chip Rival SK Hynix Makes U.S. Debut,https://finnhub.io/api/news?id=3fb96c385a5f56520b5a6859c9b9043936aec1d9636a94710121210a21b7d318,https://finance.yahoo.com/m/3867d7ac-e12d-36cf-b091-ace87efefd74/micron-stock-falls-after.html,Yahoo,2026-07-10T15:53:00Z,2026-07-10T18:31:58.626635Z,140862947,302,failed,empty_extract,200,jina_reader_markdown,2026-07-10T19:51:25.749337Z,explicit_enrichment_failure
std_5bbb7604746a41bb9926027b037da812,MU,"SK Hynix, Micron, Meta, Delta, Circle Internet, and More Stocks That Explain Today’s Market",https://finnhub.io/api/news?id=69a3a963a86026d2d07ab7e03f528afeb7257171713c2a67025f533eac030a85,"https://finance.yahoo.com/m/5e3d4e15-fbc3-3cfd-8a43-b5115c6c94e1/sk-hynix,-micron,-meta,.html",Yahoo,2026-07-10T16:12:00Z,2026-07-10T18:31:58.562326Z,140864228,409,failed,source_summary_only,200,jina_reader_markdown,2026-07-10T19:51:25.748807Z,explicit_enrichment_failure
std_92a815ec4c0f48948429d46520b9b440,MU,SK Hynix Stock Spikes in U.S. Trading Debut After Opening at $170,https://finnhub.io/api/news?id=2c91cbd63e51e969dda1513f7003d201038d34196cdad34195485fe1c49585f1,https://finance.yahoo.com/m/5cc51ec6-3ea1-379e-8b66-5374ff0de6cd/sk-hynix-stock-spikes-in-u.s..html,Yahoo,2026-07-10T16:39:00Z,2026-07-10T18:31:58.539100Z,140864123,286,failed,source_summary_only,200,jina_reader_markdown,2026-07-10T19:51:25.748240Z,explicit_enrichment_failure
std_f0e7c96c177445fe9d6ad3b2ec3c84be,MU,SK Hynix Listing Closes Gap With Micron. The Korean Stock Is Still the Better Bet.,https://finnhub.io/api/news?id=497343a7d26b022046a96eedcd8fab6a19189b44ba3a5db8babb0fff59a1e68d,https://finance.yahoo.com/m/d9353916-2119-3815-94ff-f2b00ac42cc7/sk-hynix-listing-closes-gap.html,Yahoo,2026-07-10T16:51:00Z,2026-07-10T18:31:58.508325Z,140864117,119,failed,timeout,404,jina_reader_markdown,2026-07-10T19:51:25.747709Z,explicit_enrichment_failure
std_94084f0276dc4e84b7a259b049552a4d,MU,SK Hynix Stock Jumps After Making U.S. Trading Debut,https://finnhub.io/api/news?id=40b07df65292f657c6690c089dcaf43e4f32f0927a8a11dd0da201769c39457f,https://finance.yahoo.com/m/3cf6b0e9-95bb-3e07-af5c-4ff9c2cbe3bf/sk-hynix-stock-jumps-after.html,Yahoo,2026-07-10T17:36:33Z,2026-07-10T18:31:58.454014Z,140864223,132,failed,source_summary_only,200,trafilatura,2026-07-10T19:51:25.746911Z,explicit_enrichment_failure
std_eb5a63d9ef7b4cf0a3594a621f5aaef7,META,How Apple Became the Most Defensive Stock in the Market,https://finnhub.io/api/news?id=58cc50f0b94d4624ccb45d836229fdf5df641885341495b2facc53e7522a79aa,https://finance.yahoo.com/m/c8e85a86-7309-37de-b3dc-910f9363a1c3/how-apple-became-the-most.html,Yahoo,2026-07-10T17:08:00Z,2026-07-10T18:14:27.857557Z,140864132,145,failed,source_summary_only,200,jina_reader_markdown,2026-07-10T20:01:56.988391Z,explicit_enrichment_failure
std_b5034f9609d84dd288c4854c8cc30272,META,Does AI Rebound and China Chip Access Shift Change The Bull Case For Lam Research (LRCX)?,https://finnhub.io/api/news?id=4a823d7cd2deb95dd438638cac1b3b44f3b28a0ff4fa110cbb6fa68fbdad6d8c,https://finance.yahoo.com/technology/ai/articles/does-ai-rebound-china-chip-171417742.html,Yahoo,2026-07-10T17:14:17Z,2026-07-10T18:14:27.821215Z,140864112,496,failed,source_summary_only,200,jina_reader_markdown,2026-07-10T20:01:56.987869Z,explicit_enrichment_failure
std_639d5d190d5c42348e576a8f3b3c2418,META,Meta Faces $1.4 Trillion Legal Claim,https://finnhub.io/api/news?id=e25bc6bef2ad660ea12c7e7e98e0671050326ac79a0f086e6c121a4488f2c779,https://finance.yahoo.com/media-advertising/articles/meta-faces-1-4-trillion-172040327.html,Yahoo,2026-07-10T17:20:40Z,2026-07-10T18:14:27.768426Z,140864205,76,failed,source_summary_only,200,jina_reader_markdown,2026-07-10T20:01:56.987316Z,explicit_enrichment_failure
std_9d04f269f4d8456fafeab837b7e7c543,META,"Update: US Equity Indexes Rise, Crude Oil Extends Declines as Diplomatic Channels Reopen for Iran Talks",https://finnhub.io/api/news?id=b96d1469c8870fc0cb6c043e42a60b23c47794cbe0da8d1bfd350600616e56c9,https://finance.yahoo.com/markets/stocks/articles/us-equity-indexes-rise-crude-173553931.html,Yahoo,2026-07-10T17:35:53Z,2026-07-10T18:14:27.719844Z,140864203,97,failed,empty_extract,200,jina_reader_markdown,2026-07-10T20:01:56.986727Z,explicit_enrichment_failure
std_0054f1b00c5d4acbbe35ccd0d2890a66,META,Why Intel Shares Are Down Today,https://finnhub.io/api/news?id=793f1b2eb71f1bceeb7df9ec37bb8516c725ee58beb8013d0fdea70c6aef500a,https://finance.yahoo.com/markets/stocks/articles/why-intel-shares-down-today-173936440.html,Yahoo,2026-07-10T17:39:36Z,2026-07-10T18:14:27.665972Z,140864201,65,failed,timeout,429,jina_reader_markdown,2026-07-10T20:01:56.985763Z,explicit_enrichment_failure
std_5327583c09534adeb3d0301831e77059,META,The state of the tech trade as SK Hynix opens for trading,https://finnhub.io/api/news?id=fcb17b6e0903da9e500cae966a8e80424d373320710508702701b07ea0415bc5,https://www.cnbc.com/video/2026/07/10/the-state-of-the-tech-trade-as-sk-hynix-opens-for-trading.html,CNBC,2026-07-10T13:02:31Z,2026-07-10T17:32:04.494789Z,140863839,101,failed,unsupported_media,200,trafilatura,2026-07-10T18:00:46.614958Z,explicit_enrichment_failure
std_b675b5daf984488aa489509a582f8af3,META,"Magnificent Meta Is Up Again, Leading the S&P 500",https://finnhub.io/api/news?id=3c688b55b4190b2af411b97c64a815bddda0b63f49074ee865820f9bf7bf7d86,"https://finance.yahoo.com/m/ffd194f3-b635-340b-b7bb-603900fe4975/magnificent-meta-is-up-again,.html",Yahoo,2026-07-10T14:10:39Z,2026-07-10T16:26:22.833687Z,140862850,397,failed,timeout,429,jina_reader_markdown,2026-07-10T18:00:46.614429Z,explicit_enrichment_failure
std_431e404935214eb49941a5599a4bd8e0,META,Nvidia Stock Rises as It Shrugs Off Meta’s New AI Chip,https://finnhub.io/api/news?id=e26ad5566c55bb6902d2c5b7df0b6f02f1ff6f6a9543db3d70a69cb0abf12a6f,https://finance.yahoo.com/m/e10adead-9fa0-332d-8395-f0806de6ca7a/nvidia-stock-rises-as-it.html,Yahoo,2026-07-10T14:29:00Z,2026-07-10T16:26:22.677139Z,140862824,148,failed,source_summary_only,200,jina_reader_markdown,2026-07-10T18:00:46.613457Z,explicit_enrichment_failure
std_2c93bc6f65b84c99a6c173793986ffcb,MU,Western Digital (WDC) Stock Gets A Fresh AI Boost From HAMR And New Deals,https://finnhub.io/api/news?id=158e80c75536043eb6d69da7c5cee6f3e75a9783194719e2660e254c91babd83,https://finance.yahoo.com/markets/stocks/articles/western-digital-wdc-stock-gets-141554144.html,Yahoo,2026-07-10T14:15:54Z,2026-07-10T16:16:26.242748Z,140862891,494,failed,timeout,429,jina_reader_markdown,2026-07-10T17:56:22.892528Z,explicit_enrichment_failure
std_1bc4635114a74268bdac22dbf87fce5c,MU,Stock Market Leadership Comes Into Focus With IBD Breakout Stocks Index,https://finnhub.io/api/news?id=e167b47b05e95cade2e64846fe79976b01c99bf3198ba0804fa140b92805b79d,https://finance.yahoo.com/m/9ffdc4c1-18b5-3179-98fc-44f53eccaff6/stock-market-leadership-comes.html,Yahoo,2026-07-10T14:23:27Z,2026-07-10T16:16:26.205246Z,140862890,115,failed,source_summary_only,200,jina_reader_markdown,2026-07-10T17:56:22.892075Z,explicit_enrichment_failure
std_fd7e854f5fda4f7aa67e0d2ddbaf2fc4,MU,Chip stocks regain some ground after whipsaw of a trading week,https://finnhub.io/api/news?id=4114a9e35fece9fccca97cf71150b695cc379f2513a4f5dbda21c6104b12d14a,https://finance.yahoo.com/video/chip-stocks-regain-ground-whipsaw-143000172.html,Yahoo,2026-07-10T14:30:00Z,2026-07-10T16:16:26.141067Z,140862848,285,failed,unsupported_media,200,jina_reader_markdown,2026-07-10T17:56:22.891563Z,explicit_enrichment_failure
std_c105fe8e10bb42b78fbd1b5f213c5a64,MU,"SK Hynix Trading Soon. What Does It Means For Micron, Sandisk?",https://finnhub.io/api/news?id=ba159d99e1bd81fc72dff80830a564cfcd0a5da92ca47426abf03642916c52a0,https://finance.yahoo.com/m/3cf6b0e9-95bb-3e07-af5c-4ff9c2cbe3bf/sk-hynix-trading-soon.-what.html,Yahoo,2026-07-10T15:28:20Z,2026-07-10T16:16:26.074982Z,140862886,207,failed,empty_extract,200,jina_reader_markdown,2026-07-10T17:56:22.891029Z,explicit_enrichment_failure
std_d2415afd05b145c8bb319b40b6ee9180,MU,SK Hynix Stock Begins Trading at $170,https://finnhub.io/api/news?id=4a30760f0373492d69dca9095eff9a01019457f2aedfde12bf817343951da0b3,https://finance.yahoo.com/m/5cc51ec6-3ea1-379e-8b66-5374ff0de6cd/sk-hynix-stock-begins-trading.html,Yahoo,2026-07-10T15:50:00Z,2026-07-10T16:16:25.952525Z,140862785,319,failed,empty_extract,200,jina_reader_markdown,2026-07-10T17:56:22.890155Z,explicit_enrichment_failure
std_e2776feeb30b4bf290a82cf9dacd5626,MU,Chips Made In The USA Are Making A Comeback. What Investors Should Know.,https://finnhub.io/api/news?id=1ce746e35789fa9cd3c4f3ad9ad2e9f5e49f36ba0b296801d5f7d625c5f30d09,https://finance.yahoo.com/m/0c51ee55-43a9-38da-8d78-ed740cae8ae2/chips-made-in-the-usa-are.html,Yahoo,2026-07-10T12:00:36Z,2026-07-10T14:28:53.250451Z,140861550,524,failed,source_summary_only,200,trafilatura,2026-07-10T15:30:06.011480Z,explicit_enrichment_failure
std_559516efef1d49ee8d7fb302c80f8e92,MU,Why Micron Stock Is Falling Ahead of Memory-Chip Rival’s U.S. Debut,https://finnhub.io/api/news?id=29ad144126573b91eaa99f5a71b467e46af5625d2d28f39543819b189ad50265,https://finance.yahoo.com/m/3867d7ac-e12d-36cf-b091-ace87efefd74/why-micron-stock-is-falling.html,Yahoo,2026-07-10T12:19:00Z,2026-07-10T14:28:53.215795Z,140861548,102,failed,source_summary_only,200,trafilatura,2026-07-10T15:30:06.011062Z,explicit_enrichment_failure
std_ec8c6c3e40e546038c09647091cfcab5,META,"Update: US Equity Futures Mixed Pre-Bell Amid SK Hynix's Record-Setting US Market Debut, Resumption of US-Iran Talks",https://finnhub.io/api/news?id=d212cec3411cee6da870e98ce4ae12669cea222377b8ac0b3bac7b7f0269819b,https://finance.yahoo.com/markets/stocks/articles/us-equity-futures-mixed-pre-124720498.html,Yahoo,2026-07-10T12:47:20Z,2026-07-10T14:14:58.334822Z,140861531,99,failed,source_summary_only,200,jina_reader_markdown,2026-07-10T18:00:46.616106Z,explicit_enrichment_failure
std_765c0eb5731e4eebb9585855be9c0b71,META,Meta Threatened With Major Fines In Europe Over 'Addictive' Features,https://finnhub.io/api/news?id=b0bbf64d6826bc118c26da781223e0b55c4553facdb3fa3acee59ea3527d67ba,https://finance.yahoo.com/m/434764e9-13e5-3238-abd4-f7fcaab8d0fd/meta-threatened-with-major.html,Yahoo,2026-07-10T12:51:58Z,2026-07-10T14:14:58.268622Z,140861529,102,failed,source_summary_only,200,jina_reader_markdown,2026-07-10T18:00:46.615495Z,explicit_enrichment_failure
std_c128ec8a2f13495787b3d02e9c29f1f6,MU,SK Hynix Debut Tests Memory-Chip Stock Demand,https://finnhub.io/api/news?id=0ab3f8d82f4ee238b1f2fb8d4b014facf0c7ffdb2f702e3d93ec17c7529a22e5,https://finance.yahoo.com/m/3cf6b0e9-95bb-3e07-af5c-4ff9c2cbe3bf/sk-hynix-debut-tests.html,Yahoo,2026-07-10T11:05:43Z,2026-07-10T12:27:29.794880Z,140860648,215,failed,source_summary_only,200,trafilatura,2026-07-10T12:27:45.025216Z,explicit_enrichment_failure
std_a5ed8fed03084bee9cbabdb985a8f775,MU,Top Funds Bet Big On 19 Stocks — Including Eye-Popping Sums On These Five,https://finnhub.io/api/news?id=a5275756f88fc3a60e681d21dbc3afb05ca02eb4d3c2800251dc78113098a910,https://finance.yahoo.com/m/16f9cca6-5273-3fe4-885e-ba872b392d57/top-funds-bet-big-on-19.html,Yahoo,2026-07-10T11:22:46Z,2026-07-10T12:27:29.738090Z,140860646,215,failed,source_summary_only,200,trafilatura,2026-07-10T12:27:45.024329Z,explicit_enrichment_failure
std_f905dec7fb114e908a0606d34d27be72,MU,"Dow Jones Futures Rise, Delta Falls On Earnings; Micron, Sandisk Slide As SK Hynix Raises $26.5 Billion",https://finnhub.io/api/news?id=983711a90b51d295825d7d7df759e9e30ba9526695946a3378233d72aed1d9b3,"https://finance.yahoo.com/m/6e8baca0-b324-3166-b745-36b306c19567/dow-jones-futures-rise,-delta.html",Yahoo,2026-07-10T11:48:44Z,2026-07-10T12:27:29.671184Z,140860580,131,failed,source_summary_only,200,trafilatura,2026-07-10T12:27:45.023034Z,explicit_enrichment_failure
std_12c1a65bf57440a19a03cbb99729a9d0,META,EU warns Meta over Facebook and Instagram’s addictive feeds,https://finnhub.io/api/news?id=ae63ae032c2a7b45063fbe1a113ac374606d3513bcc79845ccd31f24e31f943c,https://finance.yahoo.com/media-advertising/articles/eu-warns-meta-over-facebook-100007179.html,Yahoo,2026-07-10T10:00:07Z,2026-07-10T12:19:02.664564Z,140860639,148,failed,empty_extract,200,jina_reader_markdown,2026-07-10T13:30:06.780704Z,explicit_enrichment_failure
std_e935db4de92b452a857df9808b894c1a,META,Big Tech Doubles Debt Load to $350 Billion in AI Spending Spree,https://finnhub.io/api/news?id=4f976e0602427023efd3e82d7be653001bdf35530d3d01156f81034e1adcd974,https://finance.yahoo.com/technology/ai/articles/big-tech-doubles-debt-load-103000041.html,Yahoo,2026-07-10T10:30:00Z,2026-07-10T12:19:02.636009Z,140860595,499,failed,source_summary_only,200,jina_reader_markdown,2026-07-10T13:30:06.780248Z,explicit_enrichment_failure
std_272d138840b44da58b17b366382b54cc,META,EU escalating probe into Meta’s addictive design risks to children,https://finnhub.io/api/news?id=8dba027f4c3a8908a9e77ba68f2a751c2897ef23225f095246454fe55970dff3,https://finance.yahoo.com/media-advertising/articles/eu-escalating-probe-meta-addictive-105141098.html,Yahoo,2026-07-10T10:51:41Z,2026-07-10T12:19:02.563932Z,140860635,213,failed,source_summary_only,200,jina_reader_markdown,2026-07-10T13:30:06.779728Z,explicit_enrichment_failure
std_3167eab9f73a4649b279f1457bbdc2ee,META,"A Month After SpaceX IPO, Tesla’s Stock Keeps Holding Its Ground",https://finnhub.io/api/news?id=00c9b0c0d501d3b8b786a5e93692f41293c81bc69bac238456652f681f9fe812,https://finance.yahoo.com/markets/stocks/articles/month-spacex-ipo-tesla-stock-110001358.html,Yahoo,2026-07-10T11:00:01Z,2026-07-10T12:19:02.541642Z,140860634,500,failed,source_summary_only,200,jina_reader_markdown,2026-07-10T13:30:06.779135Z,explicit_enrichment_failure
std_8f1b7d29ad9e4ce4870c1729e268712f,META,"Meta Platforms' 'Addictive' Design of Facebook, Instagram Preliminarily Violates EU Law, European Commission Says",https://finnhub.io/api/news?id=fb055f92846483e827dc4fe5a41f74c5f7bd39cfc46734001cb19f3bee425cc0,https://finance.yahoo.com/media-advertising/articles/meta-platforms-apos-apos-addictive-110818898.html,Yahoo,2026-07-10T11:08:18Z,2026-07-10T12:19:02.518009Z,140860633,100,failed,empty_extract,200,jina_reader_markdown,2026-07-10T13:30:06.778283Z,explicit_enrichment_failure
std_aa883f694cc54094b201e7f84ee5b275,META,Tencent leads deal to unwind Meta’s $2bn Manus acquisition,https://finnhub.io/api/news?id=6fcd5dbe23c5761d000e05934a87cf64e463181db7e30e0fd2236313eb95085b,https://finance.yahoo.com/technology/ai/articles/tencent-leads-deal-unwind-meta-025153817.html,Yahoo,2026-07-10T02:51:53Z,2026-07-10T11:52:33.192378Z,140859128,148,failed,source_summary_only,200,trafilatura,2026-07-10T11:53:12.137449Z,explicit_enrichment_failure
std_da18446119d2411a8febf0b14e53ee7f,META,Facebook Faces a $1 Trillion Backlash. Investors Ignore the Threat at Their Peril.,https://finnhub.io/api/news?id=c84b0443abf95e8a3fbafadd0258cdfc0f84df8727f1739236525f9841e78f2c,https://finance.yahoo.com/m/efce1775-9162-394a-b035-84989206ac13/facebook-faces-a-$1-trillion.html,Yahoo,2026-07-10T06:00:00Z,2026-07-10T11:52:33.132130Z,140859122,129,failed,source_summary_only,200,trafilatura,2026-07-10T11:53:12.136664Z,explicit_enrichment_failure
std_87c19c76cf184d76b19fe11ecdaa5a43,MU,World's Hottest Index Ends Week Down 7.6% Amid AI Jitters,https://finnhub.io/api/news?id=ac113e42a01cc42fd82fa0742400e195d7f55db9de1ad014fb5eeffba84b487a,https://finance.yahoo.com/m/c5b48a11-248e-3c22-bb8b-4696eb93ecd4/world's-hottest-index-ends.html,Yahoo,2026-07-10T08:47:57Z,2026-07-10T11:30:16.234511Z,140859871,228,failed,source_summary_only,200,trafilatura,2026-07-10T11:30:38.560757Z,explicit_enrichment_failure
std_9a7cfd8d7ba24a93a7b3f86c1a10e748,MU,Micron commits $3bn to support US chip manufacturing ecosystem,https://finnhub.io/api/news?id=8597e424dc0b60e667fa072f72706bc52c0cd141ae62468ba8e74b90f1262656,https://www.verdict.co.uk/micron-commits-3bn-us-chip/,Yahoo,2026-07-10T08:51:23Z,2026-07-10T11:30:16.160080Z,140859869,125,failed,poison_or_navigation_extract,200,trafilatura,2026-07-10T11:30:38.559242Z,explicit_enrichment_failure
std_51cb72a820774c618299d098c6474949,MU,MUU: Why Micron's Plunge Is A Near-Term Buying Opportunity,https://finnhub.io/api/news?id=de143461799fbe08e0c35c2944e9421ac6f8058a66444bb4b06d26f0b61c1881,,SeekingAlpha,2026-07-09T16:17:50Z,2026-07-09T20:33:17.108772Z,140855089,0,not_recorded,empty_body,,,,empty_body
std_db378f35c03f4da0b743536277bec379,MU,Micron Raises U.S. Investment,https://finnhub.io/api/news?id=7d8ab96f3130f1deeecde70379f23b8e219ae54ca84fd7b0c4f32cc291843a93,https://finance.yahoo.com/technology/ai/articles/micron-raises-u-investment-180832778.html,Yahoo,2026-07-09T18:08:32Z,2026-07-09T20:22:50.440213Z,140854664,72,failed,source_summary_only,200,jina_reader_markdown,2026-07-09T21:41:30.556625Z,explicit_enrichment_failure
std_bbfb0739d8c9428cafc00d2c105045bc,MU,Micron Unveils $250 Billion Spending Plan. BofA Says Buy.,https://finnhub.io/api/news?id=664b0907e3746db3086988c961d8b0f75c7545eeaa2492419fb000e067f2e069,https://finance.yahoo.com/m/a82244cb-1789-3cae-bee2-9f74761e3241/micron-unveils-$250-billion.html,Yahoo,2026-07-09T18:11:00Z,2026-07-09T20:22:50.416940Z,140854663,117,failed,source_summary_only,200,jina_reader_markdown,2026-07-09T21:41:30.556189Z,explicit_enrichment_failure
std_8392cee4a9714e66a3a1c3c3a9e975d8,MU,Micron Stock Soars After Unveiling Massive $250 Billion U.S. Investment,https://finnhub.io/api/news?id=e2372f1e937974cb4a4cd0a25334b09790c0ef91fbb7219d24b9fee7b563c3e0,https://finance.yahoo.com/markets/stocks/articles/micron-stock-soars-unveiling-massive-183529796.html,Yahoo,2026-07-09T18:35:29Z,2026-07-09T20:22:50.306731Z,140854659,69,failed,source_summary_only,200,jina_reader_markdown,2026-07-09T21:41:30.555729Z,explicit_enrichment_failure
std_786573f9bb5b4b1ab811264c94cf5464,MU,"Micron (MU), Ford (F) Announce Strategic Automotive Supply Agreement",https://finnhub.io/api/news?id=e4b2b0c617a84546a6bc5e61c4bea0356d23076d053fcc4dff3ca4017bc01636,https://finance.yahoo.com/markets/stocks/articles/micron-mu-ford-f-announce-183753286.html,Yahoo,2026-07-09T18:37:53Z,2026-07-09T20:22:50.281058Z,140854658,380,failed,source_summary_only,200,jina_reader_markdown,2026-07-09T21:41:30.555213Z,explicit_enrichment_failure
std_8814b3febbd44378906ad56bb4f9d793,MU,Micron Boosts Planned US Investment to Over $250 Billion; Shares Jump,https://finnhub.io/api/news?id=e08c1786e0c58ff7c786ae4064686a690951720c6801543b55fcd3d525b2659c,https://finance.yahoo.com/technology/articles/micron-boosts-planned-us-investment-190020231.html,Yahoo,2026-07-09T19:00:20Z,2026-07-09T20:22:50.227935Z,140854656,100,failed,empty_extract,200,jina_reader_markdown,2026-07-09T21:41:30.554333Z,explicit_enrichment_failure
std_2e38787552174566898e5460ad43b0bf,META,Apple's On-Device AI Path Gets Clearer,https://finnhub.io/api/news?id=34f6c65d13062ec69f1b0f026fc18c7188a1cdb6db0efa730f6bfa61e58e630e,https://finance.yahoo.com/technology/ai/articles/apples-device-ai-path-gets-181752142.html,Yahoo,2026-07-09T18:17:52Z,2026-07-09T20:14:17.238249Z,140854610,53,failed,source_summary_only,200,jina_reader_markdown,2026-07-09T20:34:40.646223Z,explicit_enrichment_failure
std_995abd1097ea407082e7d7e12f2f96bb,META,Meta Drops $9 Billion on AI Expansion With Massive Canada Data Center,https://finnhub.io/api/news?id=31c78ac8450db17c81e19e63685715d68f8bab2bdccbf00c2f0d6d2a951cfb74,https://finance.yahoo.com/technology/ai/articles/meta-drops-9-billion-ai-182953243.html,Yahoo,2026-07-09T18:29:53Z,2026-07-09T20:14:17.216849Z,140854643,72,failed,timeout,429,jina_reader_markdown,2026-07-09T20:34:40.645809Z,explicit_enrichment_failure
std_3faeb1f2ee3f4888a197525e448269e7,META,"Paris-based AI voice startup Gradium raises $100M seed, backed by Nvidia",https://finnhub.io/api/news?id=a681cf985b89a8a48f8ae3f932383a73773968e18f1e0db63851528e7b9e045d,https://finance.yahoo.com/technology/ai/articles/paris-based-ai-voice-startup-183435804.html,Yahoo,2026-07-09T18:34:35Z,2026-07-09T20:14:17.191232Z,140854604,172,failed,source_summary_only,200,jina_reader_markdown,2026-07-09T20:34:40.645257Z,explicit_enrichment_failure
std_cc9405a79fcb403ca6525e40745dd8c4,META,Meta Takes Aim at Google and OpenAI,https://finnhub.io/api/news?id=df851ea881fa08184b809a16b3ed43436f6a0e5330c1125219b87bfbf87ef5b0,https://finance.yahoo.com/technology/ai/articles/meta-takes-aim-google-openai-185601327.html,Yahoo,2026-07-09T18:56:01Z,2026-07-09T20:14:17.165419Z,140854622,53,failed,source_summary_only,200,jina_reader_markdown,2026-07-09T20:34:40.644764Z,explicit_enrichment_failure
std_8f51c52178e64d1ea16a9520d4592ed6,META,Sector Update: Tech Stocks Gain Late Afternoon,https://finnhub.io/api/news?id=d20c49b5cfa1ed3dc667be0f8610101b262decccc86fb6b7fb0c85f991345d6a,https://finance.yahoo.com/technology/articles/sector-tech-stocks-gain-afternoon-193916705.html,Yahoo,2026-07-09T19:39:16Z,2026-07-09T20:14:17.140641Z,140854640,100,failed,empty_extract,200,jina_reader_markdown,2026-07-09T20:34:40.643878Z,explicit_enrichment_failure
std_acca3e6abbfd4ce8847487e248052df0,MU,"Cheaper Than Micron, Closer to Nvidia: The Massive New AI Stock Debut",https://finnhub.io/api/news?id=7880efce6136aca6e512a595a3b3ad1c0f15a24bf66273ef56b60146056d68db,"https://finance.yahoo.com/m/d9353916-2119-3815-94ff-f2b00ac42cc7/cheaper-than-micron,-closer.html",Yahoo,2026-07-09T15:41:00Z,2026-07-09T18:23:19.755436Z,140853480,111,failed,source_summary_only,200,jina_reader_markdown,2026-07-09T19:47:52.980649Z,explicit_enrichment_failure
std_217a5c065f964055828de173fd93deb8,MU,SK Hynix is the talk of the town. Is IPO day the right time to buy?,https://finnhub.io/api/news?id=16b0e3bb2d305c62e4cec7012944abf04cf3c18b71d658e1dc4d95b67e86b9a7,https://finance.yahoo.com/video/sk-hynix-talk-town-ipo-155738106.html,Yahoo,2026-07-09T15:57:38Z,2026-07-09T18:23:19.663933Z,140852465,283,failed,unsupported_media,200,jina_reader_markdown,2026-07-09T19:47:52.979283Z,explicit_enrichment_failure
std_f261d8e88ddc48d58e7ecadbc9d84804,MU,"Nvidia's stock valuation fell to pre–AI boom lows, but this strategist still isn't bullish",https://finnhub.io/api/news?id=ddf9bc567da0b4c0b738e755c61a21cebf88232658e9a6155dc33304ba642109,https://finance.yahoo.com/video/nvidias-stock-valuation-fell-pre-155958092.html,Yahoo,2026-07-09T15:59:58Z,2026-07-09T18:23:19.633752Z,140853477,207,failed,unsupported_media,200,jina_reader_markdown,2026-07-09T19:47:52.976942Z,explicit_enrichment_failure
std_1dafadf1c7ed40ba8a1b110c61a917b6,MU,"Sandisk, Micron Lead Chip Stocks Rally",https://finnhub.io/api/news?id=361b65227fb7d362c0a9caa8ff68a3dbcf2018d6106886a651e21dc0c75452c0,"https://finance.yahoo.com/m/fc9e1cce-b329-3ef9-8bfa-12b327de6e45/sandisk,-micron-lead-chip.html",Yahoo,2026-07-09T16:35:56Z,2026-07-09T18:23:19.520813Z,140853474,115,failed,source_summary_only,200,jina_reader_markdown,2026-07-09T19:47:52.975794Z,explicit_enrichment_failure
std_37c9b3f80bdf4059a6b7b4ca0d8118ef,MU,AI Storage Tailwinds Lift STX Shares 506% in a Year: More Upside Left?,https://finnhub.io/api/news?id=0b6954b340ffc0ed6b1550029d637ac8e273bd55c1ade83138df48ea57de244d,https://finance.yahoo.com/technology/articles/ai-storage-tailwinds-lift-stx-141800037.html,Yahoo,2026-07-09T14:18:00Z,2026-07-09T16:30:37.396693Z,140852106,133,failed,empty_extract,200,jina_reader_markdown,2026-07-09T17:32:14.536760Z,explicit_enrichment_failure
std_5d4087e8ff2946c4a9be793aff8daa5a,MU,"Micron Unveils $250B Spending Plan, BofA Says Buy",https://finnhub.io/api/news?id=e85b37d47c9b974fed7c518f48c3f029724d6af4e7624ae899d15c78443c3eea,https://finance.yahoo.com/m/a82244cb-1789-3cae-bee2-9f74761e3241/micron-unveils-$250b-spending.html,Yahoo,2026-07-09T14:18:00Z,2026-07-09T16:30:37.364885Z,140852107,117,failed,empty_extract,200,jina_reader_markdown,2026-07-09T17:32:14.537234Z,explicit_enrichment_failure
std_9457111bfd914d369a2a014df63d431f,MU,Wall Street Can’t Get Enough of These AI Plays,https://finnhub.io/api/news?id=6ab3b4455f50e5e0a32cf8972716ab3bf9fa64b5251c6180c308095acbec00bc,https://finance.yahoo.com/m/2a39e8b2-8a0e-354b-979a-ca2e2f7245c1/wall-street-can’t-get-enough.html,Yahoo,2026-07-09T14:30:50Z,2026-07-09T16:30:37.336675Z,140852105,232,failed,source_summary_only,200,jina_reader_markdown,2026-07-09T17:32:14.536213Z,explicit_enrichment_failure
std_3b74103982e24e48ad30db1eddc5063c,MU,"Top Midday Stories: Tensions Rise as US, Iran Trade Attacks; Micron to Invest $3 Billion in US Semiconductor Supply Chain",https://finnhub.io/api/news?id=7234acdc79263dec491407a860ee93fd46819782250959a59b0e10dd818fc74f,https://finance.yahoo.com/markets/stocks/articles/top-midday-stories-tensions-rise-153320802.html,Yahoo,2026-07-09T15:33:20Z,2026-07-09T16:30:37.106959Z,140852098,100,failed,empty_extract,200,jina_reader_markdown,2026-07-09T19:47:52.981266Z,explicit_enrichment_failure
std_23f362ec2afc41c1800e49b399289344,META,Alex Schultz on Meta’s future: “It might be the next tier of business for our entire company”,https://finnhub.io/api/news?id=168da516d190a93d692c2da85e993ae19dbab5acf971a09a1c02b76b0cf2f214,http://videos.coindesk.com/previews/np4O5IcP,Yahoo,2026-07-09T14:23:27Z,2026-07-09T16:16:20.807010Z,140852088,302,failed,incomplete_extract,200,trafilatura,2026-07-09T17:23:37.572264Z,explicit_enrichment_failure
std_b4049c9206ca4ee29d99cb9ecc70c9c4,META,IBM—and Quantum Computing—Get an Unlikely Celebrity Endorsement,https://finnhub.io/api/news?id=f67e0ceb4bc3aac59344c60c517351bd173dbad454bc55377132d551b4e80ad8,https://finance.yahoo.com/m/89b346b2-e88c-3374-baee-6a067def32d9/ibm—and-quantum-computing—get.html,Yahoo,2026-07-09T14:28:00Z,2026-07-09T16:16:20.779321Z,140852087,448,failed,source_summary_only,200,jina_reader_markdown,2026-07-09T17:35:59.962505Z,explicit_enrichment_failure
std_ff6b1868afd8470ba4a42ad90fb9f336,META,Meta business model in trouble from $1.4 trillion lawsuit,https://finnhub.io/api/news?id=c9cc1a44e387bb2d17cf48f6e76bd5d67c86c4367c593aa6b72f6c909353e35c,https://www.thestreet.com/technology/meta-business-model-in-trouble-from-trillion-lawsuit,Yahoo,2026-07-09T14:37:00Z,2026-07-09T16:16:20.750962Z,140852086,303,failed,empty_extract,200,jina_reader_markdown,2026-07-09T17:49:24.337390Z,explicit_enrichment_failure
std_72ed05c2999e4350a39bcd22eee61717,META,SanDisk surges as Meta memo confirms multi-year flash storage deal,https://finnhub.io/api/news?id=c0f055af89bdeaa32014b9581c3bda98f4dd9fdf7f9b1f7ba4deaee88703b7fd,https://finance.yahoo.com/markets/stocks/articles/sandisk-surges-meta-memo-confirms-144352824.html,Yahoo,2026-07-09T14:43:52Z,2026-07-09T16:16:20.688129Z,140852084,279,failed,source_summary_only,200,jina_reader_markdown,2026-07-09T17:49:24.336723Z,explicit_enrichment_failure
std_2a8323ee8ba244099a133aaa0114a37c,META,Meta Reportedly Takes Big Step Toward AI Chip. But The Stock Is Falling.,https://finnhub.io/api/news?id=9364b87717b6cec294113a9d8b3a7e005dee9fbcfa8742cee73e06c509e322f3,https://finance.yahoo.com/m/4a598e16-6e98-34db-b246-610b07b06c01/meta-reportedly-takes-big.html,Yahoo,2026-07-09T14:57:51Z,2026-07-09T16:16:20.656791Z,140852062,125,failed,empty_extract,200,jina_reader_markdown,2026-07-09T17:49:24.336022Z,explicit_enrichment_failure
std_c39407c1c6b1473b91e7cbc853fdafb6,MU,Micron's Dip Is A Prime Buying Opportunity,https://finnhub.io/api/news?id=25982da2f612b9dd539b9f9536f05debf1f1d4fd130c0322a3527069a77bf18a,,SeekingAlpha,2026-07-09T10:51:00Z,2026-07-09T15:09:58.972317Z,140851551,0,not_recorded,empty_body,,,,empty_body
std_451a1ae7fbcc48f0bf1640d398f1d123,MU,Micron Has Crashed After Every Previous Rally - This Time Might Be Different,https://finnhub.io/api/news?id=80d7232a723ad558f0b51bdd8eff8a3ec52b2dd4986c3a232c29245df776fbba,,SeekingAlpha,2026-07-09T10:44:18Z,2026-07-09T15:01:58.796288Z,140851513,0,not_recorded,empty_body,,,,empty_body
std_61bab5980d494876a6aaee9fe5e58c27,MU,"Micron boosts U.S. investment plan again, commits $250 billion through 2035",https://finnhub.io/api/news?id=3778859c5b87ad4541ee523fd79b274b88fb8e1ed46bbf7ff789e2e9157f2375,https://finance.yahoo.com/technology/articles/micron-invest-3-billion-us-123435996.html,Yahoo,2026-07-09T12:34:35Z,2026-07-09T14:31:15.886570Z,140850807,674,failed,timeout,429,jina_reader_markdown,2026-07-09T15:33:54.694922Z,explicit_enrichment_failure
std_bc431a47f210402a8704a31dbd134736,MU,"Micron Accelerates U.S. Investments, Pours First Concrete at New York Fab",https://finnhub.io/api/news?id=4f6721aa44a7775b532fc26853f7a9817e58aab986733adf452247c32c89d3b0,https://finance.yahoo.com/technology/articles/micron-accelerates-u-investments-pours-124500263.html,Yahoo,2026-07-09T12:45:00Z,2026-07-09T14:31:15.843653Z,140850806,500,failed,source_summary_only,200,jina_reader_markdown,2026-07-09T15:33:54.694191Z,explicit_enrichment_failure
std_cd30f389eb0a4406ba5fb21715ef42f4,MU,Update: US Equity Futures Edge Higher Pre-Bell Amid Re-Escalation of Middle East Hostilities,https://finnhub.io/api/news?id=fa8806c19b5df05fff39ea2bb15a7c7c6c04713ab13b8924bb332c5214ca1b68,https://finance.yahoo.com/markets/stocks/articles/us-equity-futures-edge-higher-125519338.html,Yahoo,2026-07-09T12:55:19Z,2026-07-09T14:31:15.706556Z,140850802,99,failed,empty_extract,200,jina_reader_markdown,2026-07-09T15:33:54.693508Z,explicit_enrichment_failure
std_6bb6a748e90b4f6a91b5599ad0962f03,MU,Micron Technology (MU) Gains from Growing AI Infrastructure Investment,https://finnhub.io/api/news?id=5e977e3f4259788a3c35d3d5051589f1150d8eac94e72202555b00902b39dbdb,https://finance.yahoo.com/markets/stocks/articles/micron-technology-mu-gains-growing-130441916.html,Yahoo,2026-07-09T13:04:41Z,2026-07-09T14:31:15.678871Z,140850801,397,failed,source_summary_only,200,jina_reader_markdown,2026-07-09T15:33:54.692805Z,explicit_enrichment_failure
std_786f1754ce3949febc65dc8b48a3334c,MU,"Micron, Sandisk, Marvell stocks jump, leading chip sector gains",https://finnhub.io/api/news?id=335a5f96e8a378f3fa94cd0e397b1770d40fce8a8854bc0524b6c06647882fc4,https://finance.yahoo.com/markets/stocks/article/micron-sandisk-marvell-stocks-jump-leading-chip-sector-gains-135433074.html,Yahoo,2026-07-09T13:54:33Z,2026-07-09T14:31:15.530184Z,140850756,80,failed,source_summary_only,200,jina_reader_markdown,2026-07-09T15:33:54.691276Z,explicit_enrichment_failure
std_832406d003b94196b4dcfe824ec79ceb,META,Jim Cramer on CoreWeave: “I Think It’s One of the Stronger Players in the Neocloud Space”,https://finnhub.io/api/news?id=344ba7980800f0c0b63646bbc1fdb2c1c04f794d67ade65013e288272bc1eeed,https://finance.yahoo.com/markets/stocks/articles/jim-cramer-coreweave-think-one-121902076.html,Yahoo,2026-07-09T12:19:02Z,2026-07-09T14:15:19.175985Z,140850784,335,failed,source_summary_only,200,jina_reader_markdown,2026-07-09T15:44:03.956740Z,explicit_enrichment_failure
std_e9e32691e28449d7bb2aa74fea5743df,META,Jim Cramer on Nebius: “The Stock’s Been a Juggernaut”,https://finnhub.io/api/news?id=90e5ba225bb51deb0d7391b50827ae8f34fafb9b9d5bf17195ea443a8fe9bfdf,https://finance.yahoo.com/markets/stocks/articles/jim-cramer-nebius-stock-juggernaut-121904530.html,Yahoo,2026-07-09T12:19:04Z,2026-07-09T14:15:19.139460Z,140850721,330,failed,source_summary_only,200,jina_reader_markdown,2026-07-09T15:44:03.956214Z,explicit_enrichment_failure
std_1f019046af3b44bba46ed14943813b38,META,Meta Starts $13 Billion Alberta Data Center,https://finnhub.io/api/news?id=cfb4c692498140479ec67b74f7669231f255b74748b245b4ead0075ce3a82497,https://finance.yahoo.com/technology/ai/articles/meta-starts-13-billion-alberta-122924285.html,Yahoo,2026-07-09T12:29:24Z,2026-07-09T14:15:19.069670Z,140850781,82,failed,source_summary_only,200,jina_reader_markdown,2026-07-09T15:44:03.955675Z,explicit_enrichment_failure
std_bfa11addbc25473f960fa840081ae071,META,Jim Cramer Explains How SpaceX is Changing the Economics of the xAI Business,https://finnhub.io/api/news?id=a920c84934c85b6c9add0d55f35313b437c0751974119e1e1d11e369ca1eac30,https://finance.yahoo.com/markets/stocks/articles/jim-cramer-explains-spacex-changing-123252631.html,Yahoo,2026-07-09T12:32:52Z,2026-07-09T14:15:19.026565Z,140850750,352,failed,source_summary_only,200,jina_reader_markdown,2026-07-09T15:44:03.955156Z,explicit_enrichment_failure
std_5d07b568dd79470e98c4086b1552a44e,META,Meta Breaks Ground on a C$13 Billion Data Center,https://finnhub.io/api/news?id=35cf967c12d5d2b07bd71e85f969ba2e7169f0d256a6ac99547462363a603b9b,https://finance.yahoo.com/technology/articles/meta-breaks-ground-c-13-125552346.html,Yahoo,2026-07-09T12:55:52Z,2026-07-09T14:15:18.985575Z,140850779,62,failed,source_summary_only,200,jina_reader_markdown,2026-07-09T15:44:03.954262Z,explicit_enrichment_failure
std_e99fa09e03e34f8dad989460e5af5773,META,"Exclusive-Meta to put AI chip into production in September as it looks to double computing capacity, memo shows",https://finnhub.io/api/news?id=3f04ce6072eb8202eed5af435f52b57eba18e8596c03d08f72641b04512ec456,https://finance.yahoo.com/technology/ai/articles/exclusive-meta-put-ai-chip-112222555.html,Yahoo,2026-07-09T11:22:22Z,2026-07-09T12:24:05.076800Z,140849915,542,failed,source_summary_only,200,jina_reader_markdown,2026-07-09T12:24:34.294213Z,explicit_enrichment_failure
std_6f774f3e4f2b4c56a51d040211e2b586,MU,Wall Street's next AI trade is smaller than a grain of rice: One Big Idea,https://finnhub.io/api/news?id=ede9efa155d301230aa623902bc15f8ca20b888dbba5db9c00bb457f2a8c5eb1,https://finance.yahoo.com/markets/article/wall-streets-next-ai-trade-is-smaller-than-a-grain-of-rice-one-big-idea-100100993.html,Yahoo,2026-07-09T10:02:00Z,2026-07-09T12:14:02.877145Z,140849928,126,failed,source_summary_only,200,jina_reader_markdown,2026-07-09T13:58:42.019859Z,explicit_enrichment_failure
std_40881a4cff2b4c39804572f83f5e026e,MU,"U.S. chip stocks rebound, tracking China semiconductor rally",https://finnhub.io/api/news?id=4b06c73520f33032fdef8f1e6e570f5fde767b907b2376c55a3143b17b3cb797,https://finance.yahoo.com/technology/articles/u-chip-stocks-rebound-tracking-101714825.html,Yahoo,2026-07-09T10:17:14Z,2026-07-09T12:14:02.851723Z,140849927,252,failed,source_summary_only,200,jina_reader_markdown,2026-07-09T13:58:42.019383Z,explicit_enrichment_failure
std_ffa9daced175469e9776235f8a74d310,MU,Memory monthly sales hit record $74.6B as analysts see price surge ahead,https://finnhub.io/api/news?id=8e9fe4e44dbe27665c58e1f7d227468baf6d0b27d23cd3f937b7431add571eb8,https://finance.yahoo.com/markets/stocks/articles/memory-monthly-sales-hit-record-102526305.html,Yahoo,2026-07-09T10:25:26Z,2026-07-09T12:14:02.823527Z,140849926,387,failed,source_summary_only,200,jina_reader_markdown,2026-07-09T13:58:42.018866Z,explicit_enrichment_failure
std_0d2285e415ac472fbc7ef1a4a930be17,MU,SK Hynix Stock Is Rising Ahead of Pricing for Oversubscribed U.S. Listing,https://finnhub.io/api/news?id=fe74bc10a0dc832e24492b50cd380f8e8282c55e752f848ff4dfab5646e6ff88,https://finance.yahoo.com/m/4ee80eab-25d9-328f-9d71-2238b7638ce8/sk-hynix-stock-is-rising.html,Yahoo,2026-07-09T10:31:00Z,2026-07-09T12:14:02.763904Z,140849924,323,failed,empty_extract,200,jina_reader_markdown,2026-07-09T13:58:42.018323Z,explicit_enrichment_failure
std_bf174ede581b4e4fb11deca5292cca4b,MU,The U.S. Tech Selloff Is Over and an Unlikely Hero Can Kickstart the Rally,https://finnhub.io/api/news?id=7a2130d2bd609d21e15e18fdf7f18f52fd7b9e51baf060ab6067f6a9f011b395,https://finance.yahoo.com/m/bfd1cdeb-934f-3dea-8ae3-8095ec01202f/the-u.s.-tech-selloff-is-over.html,Yahoo,2026-07-09T10:32:00Z,2026-07-09T12:14:02.728268Z,140849883,140,failed,source_summary_only,200,jina_reader_markdown,2026-07-09T13:58:42.017339Z,explicit_enrichment_failure
std_1a1ac7187c324fd4bd9c0012b68478b3,META,2 Value Stocks to Own for Decades and 1 We Ignore,https://finnhub.io/api/news?id=4fcbf57745a7fc1cef1c1237be7a2f6242f178793a7aab5e2424ef54cd1a9249,https://finance.yahoo.com/markets/stocks/articles/2-value-stocks-own-decades-085300647.html,Yahoo,2026-07-09T08:53:00Z,2026-07-09T11:44:56.848957Z,140849307,320,failed,source_summary_only,200,jina_reader_markdown,2026-07-09T12:24:34.296075Z,explicit_enrichment_failure
std_12a73bc83e0641dfa10f6079605bc00e,META,Meta and Capital Power seal 250MW energy supply agreement,https://finnhub.io/api/news?id=ac6c31387d72d0ca4fc0e7e7ccfee859598ab072d5802e6a107478c2c92c23c1,https://www.power-technology.com/news/meta-capital-power-deal/,Yahoo,2026-07-09T09:03:20Z,2026-07-09T11:44:56.822335Z,140849306,90,failed,poison_or_navigation_extract,200,trafilatura,2026-07-09T12:24:34.295502Z,explicit_enrichment_failure
std_e16d19cd47ef4c249ebd4fd152b7b622,MU,This Earnings Season Is the Stock Market’s Biggest Test,https://finnhub.io/api/news?id=ca385d2bd98f69878802e3cfa7c7e41fcc6cdf52163f8e2b5d1263f26484e2ac,https://finance.yahoo.com/m/3aeaeea3-6a17-3e0a-805a-bd6ab91d2e7e/this-earnings-season-is-the.html,Yahoo,2026-07-09T06:00:00Z,2026-07-09T11:30:15.487118Z,140848749,408,failed,source_summary_only,200,trafilatura,2026-07-09T11:30:30.415977Z,explicit_enrichment_failure
std_40390c73867e47bf80e602071516d295,MU,"Micron Stock Steadies After Memory Selloff, BofA Says It’s Time to Buy",https://finnhub.io/api/news?id=9e14eb9de307344a47770911fe9a2d6e452bf53e06723e8e214bef5092601e42,https://finance.yahoo.com/m/a82244cb-1789-3cae-bee2-9f74761e3241/micron-stock-steadies-after.html,Yahoo,2026-07-09T08:00:00Z,2026-07-09T11:30:15.309550Z,140849311,117,failed,http_500,500,curl_cffi_trafilatura,2026-07-09T11:30:30.413296Z,explicit_enrichment_failure
std_555080deb4f24a35904e60369140e2ce,MU,Micron Slides 25% From Recent Peak,https://finnhub.io/api/news?id=f2a21c1062bcfe1fec54a97597ce46241398cf75f5e87c334f9ce714b0e54d95,https://finance.yahoo.com/markets/stocks/articles/micron-slides-25-recent-peak-184229381.html,Yahoo,2026-07-08T18:42:29Z,2026-07-08T20:14:17.233479Z,140844426,48,failed,source_summary_only,200,trafilatura,2026-07-08T21:01:50.179176Z,explicit_enrichment_failure
std_f2fc9b454371475cbff75ab0336d5d62,MU,"NVDA, AVGO, MU, INTC Stocks Gain: Top Wall Street Traders See No Signs Of Panic In Chips Or AI Even As Correction Territory Looms",https://stocktwits.com/news-articles/markets/equity/nvda-avgo-mu-intc-stocks-gain-top-wall-street-traders-see-no-signs-of-panic-in-chips-or-ai-even-as-correction-territory-looms/cZmVCgXR7VI,https://stocktwits.com/news-articles/markets/equity/nvda-avgo-mu-intc-stocks-gain-top-wall-street-traders-see-no-signs-of-panic-in-chips-or-ai-even-as-correction-territory-looms/cZmVCgXR7VI,Yahoo,2026-07-08T18:46:00Z,2026-07-08T20:14:17.202682Z,140844363,3889,failed,incomplete_extract,200,jina_reader_markdown,2026-07-08T21:01:50.178612Z,explicit_enrichment_failure
std_7e3bc7dcf5b24bd88f64e5cc7bc7c7b9,MU,Micron Stock Tumbles Further After Entering Bear Market,https://finnhub.io/api/news?id=672ec2b59bd981c9b7592260732c01e785028077675043e6cc4ba2ae76e080c8,https://finance.yahoo.com/m/ada59daf-dc8d-3ad4-b87a-1b752a1abe42/micron-stock-tumbles-further.html,Yahoo,2026-07-08T15:46:00Z,2026-07-08T18:16:38.876554Z,140843306,106,failed,source_summary_only,200,trafilatura,2026-07-08T19:12:09.624870Z,explicit_enrichment_failure
std_142f2c565c0a4f87a89db7eca377cc6d,MU,Veteran analyst drops massive Micron valuation prediction,https://finnhub.io/api/news?id=ad9b44012cd7a7aca0c95035c56cb701450c940e4d690652f563e5a65949cfa7,https://www.thestreet.com/investing/stocks/mu-micron-trillion-dollar-prediction-melius-research,Yahoo,2026-07-08T17:33:00Z,2026-07-08T18:16:38.687182Z,140843321,294,failed,empty_extract,200,jina_reader_markdown,2026-07-08T19:12:09.623519Z,explicit_enrichment_failure
std_e4f08798b87a4da282eabd0b5472f4d9,META,'Sticker Shock' Powers Open-Source AI Growth. What It Means For Top AI Stocks.,https://finnhub.io/api/news?id=7d9ec4e5a8d53c146ccc7250821b22cb477fa07ffce2cff9ab9579e08cd4715e,https://finance.yahoo.com/m/3e68c70d-cb74-3273-99d9-e3c7c7d332d7/'sticker-shock'-powers.html,Yahoo,2026-07-08T17:27:47Z,2026-07-08T18:14:06.712536Z,140843268,422,failed,source_summary_only,200,trafilatura,2026-07-08T20:30:58.214023Z,explicit_enrichment_failure
std_63a00bdf832e4f2fa3c3e4a72063d22a,META,Apple expands Broadcom partnership with $1.5B expansion of Colorado manufacturing facility,https://finnhub.io/api/news?id=ea7576c6f4db56f0f36778a9ccd93722f3680c9940a9e13041e3098198997f42,https://www.cnbc.com/video/2026/07/08/apple-expands-broadcom-partnership-with-1-point-5b-expansion-of-colorado-manufacturing-facility.html,CNBC,2026-07-08T12:04:32Z,2026-07-08T17:39:36.776553Z,140842572,57,failed,unsupported_media,200,trafilatura,2026-07-08T20:30:58.216475Z,explicit_enrichment_failure
std_ce2a65a8667c463eadd75499b76c3a89,META,Trade Tracker: Joe Terranova buys Nvidia and more Apple,https://finnhub.io/api/news?id=f70770958cba81f2f3292727ad3c961e40be11706711d70641c02ba41f2c6de0,https://www.cnbc.com/video/2026/07/08/trade-tracker-joe-terranova-buys-nvidia-and-more-apple.html,CNBC,2026-07-08T12:48:23Z,2026-07-08T17:39:36.713227Z,140842571,140,failed,unsupported_media,200,trafilatura,2026-07-08T20:30:58.215577Z,explicit_enrichment_failure
std_cedea7ff48a647a087ec027c3edb63ed,MU,"Apple begins testing CXMT chips for devices sold in China, FT says",https://finnhub.io/api/news?id=caa505a8d200dbfa74d7437f3cbc1532d40dc8cc0cf64a24d10b943e1fc10159,,CNBC,2026-07-08T01:15:12Z,2026-07-08T17:35:57.806020Z,140842689,0,not_recorded,empty_body,,,,empty_body
std_054311b5b64548fc8b1a79c138dd4d30,MU,Trade Tracker: Jim Lebenthal doubles his Micron position,https://finnhub.io/api/news?id=4ca063e105581cfd0e8d75a48e8897763106655097ddbd0fe42730e08d2c2d01,https://www.cnbc.com/video/2026/07/08/trade-tracker-jim-lebenthal-doubles-his-micron-position.html,CNBC,2026-07-08T12:47:53Z,2026-07-08T17:35:57.358760Z,140842683,134,failed,unsupported_media,200,trafilatura,2026-07-08T18:10:59.529624Z,explicit_enrichment_failure
std_2c06be37478446e88b6440657e2419b0,MU,Early Q3 Trend Reversal,https://finnhub.io/api/news?id=ad8d411e93d365583b72e2187a54a1c534b5266fd4e190db83d1d277b4149607,,SeekingAlpha,2026-07-08T12:00:00Z,2026-07-08T16:20:57.562267Z,140841560,0,not_recorded,empty_body,,,,empty_body
std_6d73054dd75f4194a9c7bcaaec2199fd,MU,"Nvidia, Micron, AMD Lead Chip Stock Selloff After Trump Said U.S.-Iran 'Truce Is Over'",https://finnhub.io/api/news?id=4355026199f0129cead1511569910124e99bafb50f0e0ec8cff43c402236e93b,https://finance.yahoo.com/technology/articles/nvidia-micron-amd-lead-chip-132126893.html,Yahoo,2026-07-08T13:21:26Z,2026-07-08T16:20:57.437322Z,140841614,56,failed,source_summary_only,200,jina_reader_markdown,2026-07-08T18:10:59.528639Z,explicit_enrichment_failure
std_cf1b89cbddbc47fb9399070802c095c1,MU,Micron (MU) Is Considered a Good Investment by Brokers: Is That True?,https://finnhub.io/api/news?id=f1f8ce7e85c3f5c692b7b779d5975e6e7583efde3a1a12e896dbdd6226589243,https://finance.yahoo.com/markets/stocks/articles/micron-mu-considered-good-investment-133003743.html,Yahoo,2026-07-08T13:30:03Z,2026-07-08T16:20:57.400536Z,140841645,250,failed,source_summary_only,200,jina_reader_markdown,2026-07-08T18:10:59.528110Z,explicit_enrichment_failure
std_9c05763f6d1c43368bc03ba117506f50,MU,Micron Stock Rises After Tumbling Into Bear Market,https://finnhub.io/api/news?id=65420b5d0c9d50f97324781745eb7b66b6455f9fb8aaea8d37f47fcabce41616,https://finance.yahoo.com/m/ada59daf-dc8d-3ad4-b87a-1b752a1abe42/micron-stock-rises-after.html,Yahoo,2026-07-08T14:00:00Z,2026-07-08T16:20:57.312083Z,140841590,106,failed,source_summary_only,200,trafilatura,2026-07-08T19:12:09.625923Z,explicit_enrichment_failure
std_5b6070bbebce427f8c040b3909b64e44,META,"French Regulator Imposes Interim Measures, Orders Meta To Negotiate In Good Faith With Press Agencies, Publishers",https://finnhub.io/api/news?id=155cd1acd1a5c56320d140979c8af7c9784277c8d19b7443e9eabb80bcd63b7b,https://www.benzinga.com/news/26/07/60328928/french-regulator-imposes-interim-measures-orders-meta-negotiate-good-faith-press-agencies-publishers,Benzinga,2026-07-08T08:26:35Z,2026-07-08T15:42:11.816249Z,140841405,138,failed,timeout,403,jina_reader_markdown,2026-07-08T15:42:41.608214Z,explicit_enrichment_failure
std_0c8d02864a884efa90b105d4ddef615d,META,Meta Stock Gains After New AI Image Launch,https://finnhub.io/api/news?id=68f482ad8576c79a5249b72ed9ba4c28f3a3d8bfa1c706c35c9845d7bb27b80f,https://finance.yahoo.com/technology/ai/articles/meta-stock-gains-ai-image-103035645.html,Yahoo,2026-07-08T10:30:35Z,2026-07-08T14:26:46.558853Z,140840436,75,failed,source_summary_only,200,jina_reader_markdown,2026-07-08T16:00:51.529230Z,explicit_enrichment_failure
std_a54b7b05ca324548a4a1a3e58d6b626e,META,Former OpenAI exec Kevin Weil is now on the board of Stoke Space,https://finnhub.io/api/news?id=7369726f6c88c5d7f56bbafef5100b020b8dc1c532d90490b9b42de1603b06f7,https://finance.yahoo.com/technology/articles/former-openai-exec-kevin-weil-120000744.html,Yahoo,2026-07-08T12:00:00Z,2026-07-08T14:26:46.503892Z,140840435,104,failed,source_summary_only,200,jina_reader_markdown,2026-07-08T19:42:40.146563Z,explicit_enrichment_failure
std_24325c0ba4ee41b989c4de47ffe1da9a,META,AI Stocks: Will Self-Improving Models Decide Who Wins Superintelligence Race?,https://finnhub.io/api/news?id=051280dbb3e874fdca7078835db8891d8ea9c710ec768e1ddcf71a96834447fd,https://finance.yahoo.com/m/f16b68d2-0ad1-32e7-a826-dcc567b8d7fe/ai-stocks:-will.html,Yahoo,2026-07-08T12:14:01Z,2026-07-08T14:26:46.442166Z,140840396,113,failed,source_summary_only,200,trafilatura,2026-07-08T20:30:58.216048Z,explicit_enrichment_failure
std_ca9fc6fbf1f540c7a2ca5eef97bef70e,MU,The AI Stock Rally Isn’t Over— It’s Just Moved to China,https://finnhub.io/api/news?id=e205c4a35e50673b50896093cad022795bda57a9f514ecce8b2969eb30bf36a2,https://finance.yahoo.com/m/91087fd9-8961-3fd3-b152-7ed7bfb2e4bf/the-ai-stock-rally-isn’t.html,Yahoo,2026-07-08T12:06:00Z,2026-07-08T14:17:26.024426Z,140840451,134,failed,source_summary_only,200,jina_reader_markdown,2026-07-08T14:53:52.261975Z,explicit_enrichment_failure
std_47045e1c02df4ac7b74d131b58b5801e,MU,"Dow Jones Futures Fall, Oil Prices Soar As Trump Says U.S.-Iran Ceasefire 'Over'",https://finnhub.io/api/news?id=8348267945daa038c90aa171f1d2b40e0f88bffbe8286fb277322272db70f3fe,"https://finance.yahoo.com/m/066551de-6a59-3094-97bf-62396c58c1ae/dow-jones-futures-fall,-oil.html",Yahoo,2026-07-08T12:10:06Z,2026-07-08T14:17:25.989932Z,140840450,116,failed,source_summary_only,200,jina_reader_markdown,2026-07-08T14:53:52.261480Z,explicit_enrichment_failure
std_2e5d3e18cf3f41f086dbbb3e5e24c5db,MU,The World’s Hottest Stock Market Just Fell Into a Bear Market. What History Says Happens Next.,https://finnhub.io/api/news?id=00e73326fb782f6f247f8012120cf5d29e6616e9672b019b59944ed374978358,https://finance.yahoo.com/m/91a74dfa-ee58-3009-b975-ad4c1837d707/the-world’s-hottest-stock.html,Yahoo,2026-07-08T13:17:00Z,2026-07-08T14:17:25.834888Z,140840445,224,failed,source_summary_only,200,jina_reader_markdown,2026-07-08T18:10:59.529109Z,explicit_enrichment_failure
std_051f09ae9a6347d5b73f929626b7e3e1,MU,"Zacks.com featured highlights include Micron Technology, Seagate and TD SYNNEX",https://finnhub.io/api/news?id=2187ee0bc5d6a91733a5060386df8378b61e221f0d57a335ab15f2ea12aa97ea,https://finance.yahoo.com/markets/stocks/articles/zacks-com-featured-highlights-micron-091600129.html,Yahoo,2026-07-08T09:16:00Z,2026-07-08T12:17:05.304068Z,140839580,133,failed,source_summary_only,200,jina_reader_markdown,2026-07-08T13:22:11.382551Z,explicit_enrichment_failure
std_104c50fae4cc4e7dbe0ebe9305f9408b,MU,"SK Hynix, Samsung Drag KOSPI Into Bear Market as Memory-Chip Selloff Deepens",https://finnhub.io/api/news?id=ce5ac7442aa0a7a66929f7aba5c7baebacf91637742562c0f18308ab3197f4e4,"https://finance.yahoo.com/m/91a74dfa-ee58-3009-b975-ad4c1837d707/sk-hynix,-samsung-drag-kospi.html",Yahoo,2026-07-08T09:22:00Z,2026-07-08T12:17:05.271487Z,140839579,464,failed,empty_extract,200,jina_reader_markdown,2026-07-08T13:52:20.695892Z,explicit_enrichment_failure
std_6205994eb0104877942895f2de11bbe2,MU,"Alibaba Stock Leads China AI Rally, Just as U.S. Tech Stumbles",https://finnhub.io/api/news?id=5b23830bc4130d88aca1e953cc5cb806633d2a210baa54a01ddac2d14546e093,https://finance.yahoo.com/m/91087fd9-8961-3fd3-b152-7ed7bfb2e4bf/alibaba-stock-leads-china-ai.html,Yahoo,2026-07-08T09:58:00Z,2026-07-08T12:17:05.247364Z,140839578,134,failed,empty_extract,200,jina_reader_markdown,2026-07-08T13:52:20.694921Z,explicit_enrichment_failure
std_69b0162f16314a5082d7ee8bf31f651b,MU,Micron Stock Tumbles Deeper Into Bear Market. Is It Time to Worry Yet?,https://finnhub.io/api/news?id=28a485a1f0de3805c0af308ba17ebe7164f4834867831b08d21396133c06e233,https://finance.yahoo.com/m/ada59daf-dc8d-3ad4-b87a-1b752a1abe42/micron-stock-tumbles-deeper.html,Yahoo,2026-07-08T10:17:00Z,2026-07-08T12:17:05.157365Z,140839541,106,failed,source_summary_only,200,jina_reader_markdown,2026-07-08T13:52:20.694408Z,explicit_enrichment_failure
std_1d6b778898954a1eb35fdf42924f5635,MU,"Dow Jones Futures Tumble, Oil Prices Soar As Trump Says U.S.-Iran Ceasefire 'Over'",https://finnhub.io/api/news?id=7698674c049960dc030e791f1b8be7bb515c6e751d6d139b93cda4800507af86,"https://finance.yahoo.com/m/066551de-6a59-3094-97bf-62396c58c1ae/dow-jones-futures-tumble,-oil.html",Yahoo,2026-07-08T11:56:55Z,2026-07-08T12:17:05.129267Z,140839574,116,failed,empty_extract,200,jina_reader_markdown,2026-07-08T14:53:52.263026Z,explicit_enrichment_failure
std_3afc5dec141448e08f4003f88fb2ebf9,META,/C O R R E C T I O N -- Lazada Group/,https://finnhub.io/api/news?id=1d43c7c4e82beb7e4bc8bb9b580c674bb79350319c812eb95f6d04fba3938260,https://finance.yahoo.com/media-advertising/articles/c-o-r-r-e-020000017.html,Yahoo,2026-07-08T02:00:00Z,2026-07-08T11:53:28.311263Z,140837482,367,failed,empty_extract,200,jina_reader_markdown,2026-07-08T13:51:32.924320Z,explicit_enrichment_failure
std_ac8bdd7a168046f5b4daed4e546d4368,META,Lazada Joins Meta's Affiliate Partnerships Programme to Streamline Social Shopping in Southeast Asia,https://finnhub.io/api/news?id=b3526900219d8fd8a55915cc5a21f6b76876235c99549f722871609c14c78a36,https://finance.yahoo.com/media-advertising/articles/lazada-joins-metas-affiliate-partnerships-020000214.html,Yahoo,2026-07-08T02:00:00Z,2026-07-08T11:53:28.278102Z,140837483,342,failed,source_summary_only,200,jina_reader_markdown,2026-07-08T13:51:32.924780Z,explicit_enrichment_failure
std_840fd4b9f4b84168a6dcf0ce50d9ea2e,META,"How many employees does Meta have in 2026? Its workforce, locations, & layoffs explained",https://finnhub.io/api/news?id=e23624e23f3fb0214f8c6c8d3ee1843119bd0e8e98f59d754d65043d5c348975,https://www.thestreet.com/investing/stocks/meta-employees,Yahoo,2026-07-08T03:18:43Z,2026-07-08T11:53:28.246949Z,140837475,293,failed,source_summary_only,200,jina_reader_markdown,2026-07-08T13:51:32.923902Z,explicit_enrichment_failure
std_0b1e4c648937455f947a01f515f2f315,META,Chamath Palihapitiya Says Meta 'Completely Fumbled It' on AI: Why Mark Zuckerberg Missed Big Tech's Next Major Leap,https://finnhub.io/api/news?id=3f6545a3b7fc0ccde343f6750922039815f55f8792e7640193be2832150fb1a8,https://finance.yahoo.com/technology/ai/articles/chamath-palihapitiya-says-meta-completely-075247988.html,Yahoo,2026-07-08T07:52:47Z,2026-07-08T11:53:28.147034Z,140838949,499,failed,source_summary_only,200,jina_reader_markdown,2026-07-08T13:51:32.923385Z,explicit_enrichment_failure
std_4fa87aba571c422193fac5ad92bd1329,MU,Nvidia’s $1 Trillion Slide Sends Valuation to Pre-AI Boom Levels,https://finnhub.io/api/news?id=2bc79881ed4efc6ecb92cb28534ef11862a32dee4e8ac1b829f2e62763f81bc6,https://finance.yahoo.com/markets/stocks/articles/nvidia-1-trillion-slide-sends-084308296.html,Yahoo,2026-07-08T08:43:08Z,2026-07-08T11:30:07.831064Z,140838914,500,failed,source_summary_only,200,jina_reader_markdown,2026-07-08T11:30:23.623681Z,explicit_enrichment_failure
std_e7adf57b7d344475bec00a205c97452f,META,TeraWulf Analysts Lift Targets After Anthropic Deal: 'Significant Positive',https://finnhub.io/api/news?id=262bd62d02e9e1d33bb6f8316045c1d9affc97bf6c74f926e9b0b88dbfa46cbe,https://finance.yahoo.com/markets/stocks/articles/terawulf-analysts-lift-targets-anthropic-170508675.html,Yahoo,2026-07-07T17:05:08Z,2026-07-07T20:23:19.460258Z,140834169,499,failed,source_summary_only,200,jina_reader_markdown,2026-07-07T20:41:36.060932Z,explicit_enrichment_failure
std_89ae4d9af8e340c58c6794f7e0bd3b42,META,"Meta Debuts New AI Image-Generation Model Inside Chatbot, Instagram",https://finnhub.io/api/news?id=6f4ff1f7ce1e5bddb5fd7ca8587eb9f73f93f8d66ef6c39b8b0b51a9592760e4,https://finance.yahoo.com/technology/ai/articles/meta-debuts-ai-image-generation-180000242.html,Yahoo,2026-07-07T18:00:00Z,2026-07-07T20:23:19.400388Z,140834150,500,failed,timeout,429,jina_reader_markdown,2026-07-07T20:41:36.059981Z,explicit_enrichment_failure
std_4b8e41b2846c411e8333dc496657513e,META,Amazon Plans $25 Billion Bond Sale,https://finnhub.io/api/news?id=a66b7993ad2f8cc050d714a681e9686b13ff651e37a0703d9ddcde04b6a521f2,https://finance.yahoo.com/markets/stocks/articles/amazon-plans-25-billion-bond-192227995.html,Yahoo,2026-07-07T19:22:27Z,2026-07-07T20:23:19.368845Z,140834105,90,failed,source_summary_only,200,jina_reader_markdown,2026-07-07T20:41:36.059448Z,explicit_enrichment_failure
std_1139b0f7b1824782976a2c71caf41ad8,META,"Eli Lilly price target boost, Vertex-Crinetics deal, Meta's new social media lawsuit",https://finnhub.io/api/news?id=3dee3c380dbc4187f0d906be11000872daccdc51b2f234fac9b30783554860f8,https://finance.yahoo.com/video/eli-lilly-price-target-boost-vertex-crinetics-deal-metas-new-social-media-lawsuit-192844891.html,Yahoo,2026-07-07T19:28:44Z,2026-07-07T20:23:19.343502Z,140834166,336,failed,unsupported_media,200,jina_reader_markdown,2026-07-07T20:41:36.058456Z,explicit_enrichment_failure
std_7ffd3a9741ab4e71b0fb02941734f4aa,MU,"Intel, Micron, SpaceX, GE Vernova, Caterpillar, and More Stocks That Explain Today’s Market",https://finnhub.io/api/news?id=ef11a5a3b4817e14114eb078498a838374c625f3c645224655ea99208a1d38c4,"https://finance.yahoo.com/m/a28ab6d4-84b9-3521-a2ea-41d28b89c2ff/intel,-micron,-spacex,-ge.html",Yahoo,2026-07-07T18:15:00Z,2026-07-07T20:16:25.545821Z,140834183,111,failed,source_summary_only,200,trafilatura,2026-07-07T21:51:02.441506Z,explicit_enrichment_failure
std_857b821d78e2435a829f44991e545e0f,MU,Update: Chip Stocks Weigh on Equities Intraday; Oil Rises on Hormuz Tensions,https://finnhub.io/api/news?id=43424fdf0726b3eb8a69490b7443df2a3649fe0a74bcc7779c0f5205f2498b46,https://finance.yahoo.com/markets/articles/chip-stocks-weigh-equities-intraday-183233629.html,Yahoo,2026-07-07T18:32:33Z,2026-07-07T20:16:25.499864Z,140834181,97,failed,source_summary_only,200,trafilatura,2026-07-07T21:51:02.441130Z,explicit_enrichment_failure
std_f0d0b01d7f10486da4f2d13436b9b68f,MU,Micron Bet Powers Appaloosa's Big First Half,https://finnhub.io/api/news?id=b4aaa6153c66d239f87130bcecdd16dc999d66087903f2c9deb76ebf8b798697,https://finance.yahoo.com/technology/articles/micron-bet-powers-appaloosas-big-191521332.html,Yahoo,2026-07-07T19:15:21Z,2026-07-07T20:16:25.423694Z,140834111,49,failed,source_summary_only,200,trafilatura,2026-07-07T21:51:02.440151Z,explicit_enrichment_failure
std_e7d9c18c4bcc48fc809b74075428d787,MU,Micron Just Locked in a Deal With Ford. Why the Stock Is Dropping.,https://finnhub.io/api/news?id=28197cd7acbbc739889d5674bbfc262cd113d24b353311908e15a81b9fb281c8,https://finance.yahoo.com/m/d5fa1017-6ce2-3437-98a8-44c168040835/micron-just-locked-in-a-deal.html,Yahoo,2026-07-07T16:16:00Z,2026-07-07T18:24:22.612136Z,140832949,398,failed,source_summary_only,200,jina_reader_markdown,2026-07-07T19:07:04.359313Z,explicit_enrichment_failure
std_fc201a631d2d43129464f30887d35e1d,MU,Samsung Highlights Risk For Tech Stocks: Lofty Earnings Expectations,https://finnhub.io/api/news?id=0861627883b66e83489bfcbda19d12b78c42cd19d71459e16be31af193309fd7,https://finance.yahoo.com/m/0a4bd3f7-d4cf-3cb1-801b-fc2990ee1a6c/samsung-highlights-risk-for.html,Yahoo,2026-07-07T16:54:18Z,2026-07-07T18:24:22.458430Z,140832944,564,failed,source_summary_only,200,trafilatura,2026-07-07T19:07:04.357911Z,explicit_enrichment_failure
std_95692a1708d744a5b578faf921c56b9b,META,Sector Update: Tech Stocks Fall Tuesday Afternoon,https://finnhub.io/api/news?id=2b548e26785a06defc115033ac6167c8edf460ef9dd0875323623f994d6d4b6d,https://finance.yahoo.com/markets/stocks/articles/sector-tech-stocks-fall-tuesday-174031642.html,Yahoo,2026-07-07T17:40:31Z,2026-07-07T18:17:21.544884Z,140832857,100,failed,empty_extract,200,jina_reader_markdown,2026-07-07T20:41:36.060459Z,explicit_enrichment_failure
std_ecb4cb9a835245b2ad3a1c965a7020a7,MU,Micron Just Locked in Ford. Why the Stock Is Dropping.,https://finnhub.io/api/news?id=36a32b91723cfc4ffcccf3f4984362bcdbadc73ee4f27c9fda43a1563d9fb2e8,https://finance.yahoo.com/m/d5fa1017-6ce2-3437-98a8-44c168040835/micron-just-locked-in-ford..html,Yahoo,2026-07-07T14:10:00Z,2026-07-07T16:21:42.431382Z,140831290,392,failed,empty_extract,200,jina_reader_markdown,2026-07-07T18:11:28.295431Z,explicit_enrichment_failure
std_93828e5e238a496dae7a08cbc22a1e86,MU,"General Motors (GM) Secures Micron Supply Deal, Is The Stock Now Overvalued?",https://finnhub.io/api/news?id=bdd6a6ccec6b7b4ac5a773cc3e153e72e656a0521204574e191a5cfc44504269,https://finance.yahoo.com/markets/stocks/articles/general-motors-gm-secures-micron-141145295.html,Yahoo,2026-07-07T14:11:45Z,2026-07-07T16:21:42.403649Z,140831289,499,failed,source_summary_only,200,jina_reader_markdown,2026-07-07T18:11:28.294899Z,explicit_enrichment_failure
std_8f5a9b76cd984c7da29156574a0347f5,MU,Phillip Securities Raises Price Target For Micron Technology (MU),https://finnhub.io/api/news?id=fad8f2f5b67dce35e876b25f0c907dac00925ac00e4136b9ccf5789b532c2ca6,https://finance.yahoo.com/markets/stocks/articles/phillip-securities-raises-price-target-141537502.html,Yahoo,2026-07-07T14:15:37Z,2026-07-07T16:21:42.346720Z,140831287,346,failed,source_summary_only,200,jina_reader_markdown,2026-07-07T18:11:28.294399Z,explicit_enrichment_failure
std_3bbc4ee715a34470bce4644927f21af3,MU,Samsung brings memory's bear market into focus: Why SK Hynix's IPO seems ominous,https://finnhub.io/api/news?id=7e18cc1ca82576277042b8879d36aeeef3e2466116ca251debec7b9db5f7c840,https://finance.yahoo.com/video/samsung-brings-memorys-bear-market-into-focus-why-sk-hynixs-ipo-seems-ominous-142127587.html,Yahoo,2026-07-07T14:21:27Z,2026-07-07T16:21:42.289720Z,140831285,235,failed,unsupported_media,200,trafilatura,2026-07-07T19:07:04.360237Z,explicit_enrichment_failure
std_ce307b9bbd584082b08ad3c825d57466,MU,"Micron, Chip Stocks Fall Despite Samsung Profit Surge",https://finnhub.io/api/news?id=94c5409fcc47bd647a1e52086a47606bbd89fa74b7b794682f23ae9d02515747,"https://finance.yahoo.com/m/1b9b4dbf-4271-3cc4-b80d-6822f25b3fc9/micron,-chip-stocks-fall.html",Yahoo,2026-07-07T14:28:13Z,2026-07-07T16:21:42.267065Z,140831259,139,failed,empty_extract,200,jina_reader_markdown,2026-07-07T19:07:04.359768Z,explicit_enrichment_failure
std_aaea6cb8791b4315861d9da6907b63db,META,DeepSeek Wants to Bypass US Sanctions With a Custom Chip. Why Nvidia Stock Is Sliding.,https://finnhub.io/api/news?id=b50f441a2fc643ce102a7049169a07c4356195061b71a7c238c0319ccb801fcb,https://finance.yahoo.com/m/a7cde5bd-127f-3704-bf33-522759b27461/deepseek-wants-to-bypass-us.html,Yahoo,2026-07-07T13:58:00Z,2026-07-07T16:14:44.925193Z,140831245,120,failed,source_summary_only,200,trafilatura,2026-07-07T18:13:24.501417Z,explicit_enrichment_failure
std_ff833748e7af411a9f770900b5f5d90b,META,Amazon Readies $25 Billion Bond With AI Costs Rising,https://finnhub.io/api/news?id=02b99b1b3c3bb6aeccac32efbb3694730e8feecd56e3b0b762690d56f132cf7c,https://finance.yahoo.com/m/b6471109-2c46-303a-99fb-f7279d063adb/amazon-readies-$25-billion.html,Yahoo,2026-07-07T15:42:54Z,2026-07-07T16:14:44.787335Z,140831209,328,failed,source_summary_only,200,trafilatura,2026-07-07T18:13:24.500036Z,explicit_enrichment_failure
std_db7d5103712d4336abd85c20e64a5c6c,META,Who will be the AI trade's real winners: The makers vs. the takers?,https://finnhub.io/api/news?id=8ec7b95ad2ef099405fd0152281258b73ce1244a48634d3542451af08cbea5b8,https://finance.yahoo.com/video/who-will-be-the-ai-trades-real-winners-the-makers-vs-the-takers-133155603.html,Yahoo,2026-07-07T13:31:55Z,2026-07-07T14:26:36.340615Z,140829933,474,failed,unsupported_media,200,trafilatura,2026-07-07T18:13:24.502414Z,explicit_enrichment_failure
std_a6b6a5eaac0346088c6acc7d54db20b4,MU,Micron Just Locked in a Big Customer With Ford. Why the Stock Is Dropping.,https://finnhub.io/api/news?id=4144973cfb751544445b1c87ace81aff91d393d9d3d428a143e1da0ee9cc8841,https://finance.yahoo.com/m/d5fa1017-6ce2-3437-98a8-44c168040835/micron-just-locked-in-a-big.html,Yahoo,2026-07-07T12:06:00Z,2026-07-07T14:15:10.995987Z,140830037,333,failed,empty_extract,200,jina_reader_markdown,2026-07-07T15:40:46.750456Z,explicit_enrichment_failure
std_f871713d105b4448abe5637d56634e30,MU,SpaceX Joins the Nasdaq-100. What the Fast-Track Addition Means for the Stock.,https://finnhub.io/api/news?id=52eb9e37013df18123c3d5a428e6313a510fe02ab60dd7ef04a0deb87aa6227e,https://finance.yahoo.com/m/3903bd54-50b0-3770-8309-92109d15f7f9/spacex-joins-the-nasdaq-100..html,Yahoo,2026-07-07T12:15:00Z,2026-07-07T14:15:10.930516Z,140829929,442,failed,timeout,429,jina_reader_markdown,2026-07-07T15:40:46.750034Z,explicit_enrichment_failure
std_66c8e21aaa454784856f28a3897e1c54,MU,Why Samsung’s Huge Earnings Beat Wasn’t Enough for the Stock,https://finnhub.io/api/news?id=f5f6449d2a5c4a5456af4cba24d91ef88bdaf031470b2033dbed1888b61c1d8d,https://finance.yahoo.com/m/27496bad-8ef4-347d-89b5-3d928b4fcb7c/why-samsung’s-huge-earnings.html,Yahoo,2026-07-07T12:20:00Z,2026-07-07T14:15:10.892972Z,140830034,130,failed,source_summary_only,200,jina_reader_markdown,2026-07-07T15:40:46.749564Z,explicit_enrichment_failure
std_d1ea5f022c444b01835c24085c2c1668,MU,The Market’s Hottest Stock Is Turning Cold,https://finnhub.io/api/news?id=5772a4bf4c412fce9293bb009d51718b6b3b2c9dda4b00e4eebf030d4c5e54fb,https://finance.yahoo.com/m/15bfdac6-3ce9-38d8-9ba1-f2ab9e744313/the-market’s-hottest-stock-is.html,Yahoo,2026-07-07T12:49:00Z,2026-07-07T14:15:10.852216Z,140830033,302,failed,source_summary_only,200,jina_reader_markdown,2026-07-07T15:40:46.749102Z,explicit_enrichment_failure
std_92be15f6712f40dc839e93cbce4d896b,MU,"Update: Tech Stock Decline, Oil Price Increase Dampen US Equity Futures Pre-Bell",https://finnhub.io/api/news?id=a2c319bbbc8e3b1a563879d34b591d087f4e2206a20aa53e78918dae2961aa6e,https://finance.yahoo.com/markets/stocks/articles/tech-stock-decline-oil-price-125424299.html,Yahoo,2026-07-07T12:54:24Z,2026-07-07T14:15:10.827851Z,140829985,96,failed,source_summary_only,200,jina_reader_markdown,2026-07-07T15:40:46.748262Z,explicit_enrichment_failure
std_cc08a1d75dd740d7a250c7a186489cd2,MU,Tech Stocks Drop as Investors Lock in Profit Amid AI Jitters,https://finnhub.io/api/news?id=7925a68248106d3aaab248486965dc68d05e8ed6f4b075415cd3a1b3db6f0315,https://finance.yahoo.com/m/5adea6e1-e688-3119-b241-714e059a7dc0/tech-stocks-drop-as-investors.html,Yahoo,2026-07-07T09:57:18Z,2026-07-07T12:19:43.324703Z,140829121,285,failed,source_summary_only,200,trafilatura,2026-07-07T13:43:47.157267Z,explicit_enrichment_failure
std_a85ea99c74ec44498299db1497360af0,MU,Sandisk Stock Was Red Hot but Get Set for a Cold Snap,https://finnhub.io/api/news?id=44ca2df105dc609907a07de8efdcd95b26cbcd511df7a245638111d337cbaf21,https://finance.yahoo.com/m/15bfdac6-3ce9-38d8-9ba1-f2ab9e744313/sandisk-stock-was-red-hot-but.html,Yahoo,2026-07-07T10:09:00Z,2026-07-07T12:19:43.267983Z,140829118,302,failed,source_summary_only,200,trafilatura,2026-07-07T13:43:47.156860Z,explicit_enrichment_failure
std_f4cfd74fb8054c319d49bbf1d1a58c1d,MU,Micron Locks in Big Customers But Memory-Chip Fears Drag on Stock,https://finnhub.io/api/news?id=3936fced7f1aaceb66f566eccd905eee797b50e60ca74cfa130afbaf5f1cb394,https://finance.yahoo.com/m/d5fa1017-6ce2-3437-98a8-44c168040835/micron-locks-in-big-customers.html,Yahoo,2026-07-07T10:50:00Z,2026-07-07T12:19:43.145225Z,140829112,333,failed,source_summary_only,200,trafilatura,2026-07-07T13:43:47.156298Z,explicit_enrichment_failure
std_4a769e03947c47ef85c5dabf794805ae,MU,"Samsung Dives After Huge Jump in Profit, Micron Rival Sinks Tech Stocks",https://finnhub.io/api/news?id=8632e0b922193d8cdc5b33d3587f1e91b6c4a7e852091b08817592283af2629a,https://finance.yahoo.com/m/27496bad-8ef4-347d-89b5-3d928b4fcb7c/samsung-dives-after-huge-jump.html,Yahoo,2026-07-07T10:51:00Z,2026-07-07T12:19:43.119714Z,140829111,130,failed,source_summary_only,200,trafilatura,2026-07-07T13:43:47.155409Z,explicit_enrichment_failure
std_5c961980f42149558ae821f552a5ac5e,META,3 Internet Stocks on Our Watchlist,https://finnhub.io/api/news?id=eb128046fd36b7abeee00fa7d3d1790f255142071073a33055e8e04b3eb26653,https://finance.yahoo.com/markets/stocks/articles/3-internet-stocks-watchlist-101752249.html,Yahoo,2026-07-07T10:17:52Z,2026-07-07T12:13:47.800977Z,140829101,395,failed,source_summary_only,200,jina_reader_markdown,2026-07-07T13:21:51.568634Z,explicit_enrichment_failure
std_eec373b7f9fe4f9ea14b487794690deb,META,Mag 7 Loses Market Swagger as AI Trade Spreads Beyond Behemoths,https://finnhub.io/api/news?id=18c63ca649353e3f26570098064a54e591fbf8cffd9ec7ab609b076a500e5290,https://finance.yahoo.com/markets/stocks/articles/mag-7-loses-market-swagger-104934165.html,Yahoo,2026-07-07T10:49:34Z,2026-07-07T12:13:47.775968Z,140829046,500,failed,source_summary_only,200,jina_reader_markdown,2026-07-07T13:21:51.568145Z,explicit_enrichment_failure
std_d0ab11054c5a4a949f187eeeb426f0af,META,AI-Linked Bond Sales Hit $220 Billion as Credit Risk Concerns Grow,https://finnhub.io/api/news?id=9f6a2fb8fcba8047187f9cfdc29df99f8f7560d7218496c792b129c0d68cb442,https://finance.yahoo.com/markets/stocks/articles/ai-linked-bond-sales-hit-113525774.html,Yahoo,2026-07-07T11:35:25Z,2026-07-07T12:13:47.675881Z,140829036,114,failed,source_summary_only,200,jina_reader_markdown,2026-07-07T13:21:51.566705Z,explicit_enrichment_failure
std_63ee9e58e13b441f9b01881d3e161d5e,META,Nigeria to investigate tech firms over news content use,https://finnhub.io/api/news?id=850df5d45533dd362a10d2b3cd8bddcf896e0710786b29e9525e083ab5892f7b,https://finance.yahoo.com/technology/articles/nigeria-investigate-tech-firms-over-083821333.html,Yahoo,2026-07-07T08:38:21Z,2026-07-07T11:55:04.985709Z,140828407,632,failed,source_summary_only,200,jina_reader_markdown,2026-07-07T11:55:41.337521Z,explicit_enrichment_failure
std_7f991edd2819470ab76bf4d701af83e1,META,Should You Buy Meta Platforms Inc. (META)’s Shares?,https://finnhub.io/api/news?id=8cc4c85a1c60b57b4e36d5363388a61655bd75b396f07bc1b5afe978aae1ff17,https://finance.yahoo.com/markets/stocks/articles/buy-meta-platforms-inc-meta-093156797.html,Yahoo,2026-07-07T09:31:56Z,2026-07-07T11:55:04.934390Z,140828416,336,failed,source_summary_only,200,jina_reader_markdown,2026-07-07T11:55:41.336715Z,explicit_enrichment_failure
std_ba376731fb79413f838d0762b1cbe518,META,"Meta Platforms, Inc. (META)’s Shares Down Significantly Since Jim Cramer Said They Should Be Up",https://finnhub.io/api/news?id=0d2a7d9da37dbdfcd638e308baf19133be0dc33935452bd4cf27fc2861e396bc,https://finance.yahoo.com/markets/stocks/articles/meta-platforms-inc-meta-shares-094319629.html,Yahoo,2026-07-07T09:43:19Z,2026-07-07T11:55:04.902494Z,140828415,357,failed,source_summary_only,200,jina_reader_markdown,2026-07-07T11:55:41.336279Z,explicit_enrichment_failure
std_f441e89bdcd34351bfa987f65643cdfb,META,AppLovin Corporation (APP) Stock Down Heavily Since Jim Cramer Was “Comfortable” Recommending It,https://finnhub.io/api/news?id=c57ed25ed5c181c0798ad748d60e8bf16b5b78d3c42510cb37749c2894d11042,https://finance.yahoo.com/markets/stocks/articles/applovin-corporation-app-stock-down-094406059.html,Yahoo,2026-07-07T09:44:06Z,2026-07-07T11:55:04.870405Z,140828405,349,failed,source_summary_only,200,jina_reader_markdown,2026-07-07T11:55:41.335404Z,explicit_enrichment_failure
std_793b7fd868e849eaa7f665dd0baf8e2e,MU,All to play for,https://finnhub.io/api/news?id=f8be83f44bc57ff4795aa1b5f822bc92ae19cd40fa4efa64e65873dbbd6c1748,https://www.privatebankerinternational.com/comment/all-to-play-for-weekly-investment-analysis/,Yahoo,2026-07-07T09:27:12Z,2026-07-07T11:30:23.846573Z,140828424,186,failed,poison_or_navigation_extract,200,trafilatura,2026-07-07T11:30:45.583873Z,explicit_enrichment_failure
std_c56992e0972f4cce878b92a263d871b3,MU,"Ford signs long-term chip supply deal with Micron, following GM",https://finnhub.io/api/news?id=a10defaba53c4a34be64e0a6cc8fa78698278acc4c50f513ec9b6103199e4e71,https://www.just-auto.com/news/ford-chip-supply-deal-micron/,Yahoo,2026-07-07T09:29:01Z,2026-07-07T11:30:23.823920Z,140828423,149,failed,poison_or_navigation_extract,200,trafilatura,2026-07-07T11:30:45.583482Z,explicit_enrichment_failure
std_0e901a73d9b64a3aad1da16762920cf2,META,The Ultimate List of Facebook Sympathy Plays,https://finnhub.io/api/news?id=5484c1171e080057e7ce6b044a6dfda07148e493b71aa179d7b5182c42942362,,Benzinga,2026-07-06T13:00:51Z,2026-07-06T20:52:22.362546Z,139929639,0,not_recorded,empty_body,,,,empty_body
std_99eca6d37e594315aa5c43bc0c510aea,MU,Tepper’s Appaloosa soars 32% in H1 on prescient memory-chip bets - report,https://finnhub.io/api/news?id=6f8494824000dd2e99b0c8f69c2a539c582da6664f0e8997ef6790333840b0f5,https://finance.yahoo.com/markets/stocks/articles/tepper-appaloosa-soars-32-h1-192008692.html,Yahoo,2026-07-06T19:20:08Z,2026-07-06T20:19:02.827650Z,140823475,369,failed,source_summary_only,200,jina_reader_markdown,2026-07-06T21:47:10.542049Z,explicit_enrichment_failure
std_5aeaadf391ed43db9519b22923262848,MU,"Micron-Ford chip deal, TeraWulf stock gets lift, private equity takes over easyJet",https://finnhub.io/api/news?id=8193cdb740784875db29543386b6737f48b5d90ee865c66dd7caa9bccb45f232,https://finance.yahoo.com/video/micron-ford-chip-deal-terawulf-stock-gets-lift-private-equity-takes-over-easyjet-193058739.html,Yahoo,2026-07-06T19:30:58Z,2026-07-06T20:19:02.803773Z,140823548,339,failed,unsupported_media,200,jina_reader_markdown,2026-07-06T21:47:10.541225Z,explicit_enrichment_failure
std_65aa28c6fbd4424f84a26a9ebbc7feb3,META,"Meta capex to surge in 2027, neocloud fears ’erroneous’ - SemiAnalysis",https://finnhub.io/api/news?id=9af85d4265bf7d1838079cccd0a6126297ae490898405eddcfd5255aec5c94e2,https://finance.yahoo.com/technology/ai/articles/meta-capex-surge-2027-neocloud-184617902.html,Yahoo,2026-07-06T18:46:17Z,2026-07-06T20:14:41.103218Z,140823540,391,failed,source_summary_only,200,jina_reader_markdown,2026-07-06T20:52:40.442258Z,explicit_enrichment_failure
std_2368fe4f1a85423a9bc6825a2680b983,META,Mark Zuckerberg wants in on prediction markets. Meta's reported plans sent these stocks lower as a result,https://finnhub.io/api/news?id=8a57d803654d07538179cd0f2dc369f7698c17ab3ca521cc4b68691f2dc69474,https://finance.yahoo.com/markets/options/articles/mark-zuckerberg-wants-prediction-markets-185500300.html,Yahoo,2026-07-06T18:55:00Z,2026-07-06T20:14:41.049521Z,140823538,83,failed,timeout,429,jina_reader_markdown,2026-07-06T20:52:40.441478Z,explicit_enrichment_failure
std_f3c50838ce2c4fbcaebc6bf55613e0ef,MU,Micron's auto push gets another major customer,https://finnhub.io/api/news?id=8aa8bd58db97b2e8e79ab3e3d08e533f733dd098bf748c1b5930102c2da90024,https://finance.yahoo.com/markets/stocks/articles/microns-auto-push-gets-another-162751922.html,Yahoo,2026-07-06T16:27:51Z,2026-07-06T18:26:16.096132Z,140822436,66,failed,source_summary_only,200,jina_reader_markdown,2026-07-06T19:31:32.550700Z,explicit_enrichment_failure
std_15e1ff1b33964cc1bbc8a15a36ac380c,MU,Bernstein Lifts PT on Sandisk Corporation (SNDK),https://finnhub.io/api/news?id=3c442558dc3e01c60aa4b51ce2a91ba5c485db4fb26f8d13cd1b671e48bab7fd,https://finance.yahoo.com/markets/stocks/articles/bernstein-lifts-pt-sandisk-corporation-163441219.html,Yahoo,2026-07-06T16:34:41Z,2026-07-06T18:26:16.072168Z,140822435,342,failed,source_summary_only,200,jina_reader_markdown,2026-07-06T19:31:32.550259Z,explicit_enrichment_failure
std_eb14c538fe0b4c38b7e4bdf658b2949c,MU,"Trump Wants You to Buy a Dell. The Stock Is Getting Bought, Too.",https://finnhub.io/api/news?id=01c38a366b62c68baf5cce4030f58775223fabf66df1df39ee7f04b474b57eec,https://finance.yahoo.com/m/e0a5d367-f9f9-3346-b526-ccd1aa1bd19a/trump-wants-you-to-buy-a.html,Yahoo,2026-07-06T16:40:00Z,2026-07-06T18:26:16.051731Z,140822434,188,failed,source_summary_only,200,jina_reader_markdown,2026-07-06T19:31:32.549805Z,explicit_enrichment_failure
std_cfbe607f5b69490a97f4d657cae10b9b,MU,UBS Stays Bullish on Micron as Memory Prices Rise,https://finnhub.io/api/news?id=d3662ca114e8ce2a06d74b5466bdbee75ff2cfae38219ca763fb93bca0e26988,https://finance.yahoo.com/markets/stocks/articles/ubs-stays-bullish-micron-memory-170023337.html,Yahoo,2026-07-06T17:00:23Z,2026-07-06T18:26:15.998806Z,140822431,74,failed,empty_extract,200,jina_reader_markdown,2026-07-06T19:31:32.549334Z,explicit_enrichment_failure
std_89893e8b3e664f12a7d2636cf08a3bee,MU,SanDisk Shares Jump After Goldman Unleashes 80% Price Target Hike,https://finnhub.io/api/news?id=f2d57b2df8d1f4d33f148d1a9172586772ced9a5c2f93c0cf6e52aab63ed6ff3,https://finance.yahoo.com/markets/stocks/articles/sandisk-shares-jump-goldman-unleashes-174657650.html,Yahoo,2026-07-06T17:46:57Z,2026-07-06T18:26:15.974829Z,140822430,59,failed,empty_extract,200,jina_reader_markdown,2026-07-06T19:31:32.548393Z,explicit_enrichment_failure
std_0fffc0b28cb146a083ff16ec7de0a55c,META,Broadcom to Supply Chips Under Expanded Partnership With Apple,https://finnhub.io/api/news?id=617da90474fb119a0f651be770726745266cd4a88c717ba5fe626b3577706f1d,https://finance.yahoo.com/technology/articles/broadcom-supply-chips-under-expanded-162817157.html,Yahoo,2026-07-06T16:28:17Z,2026-07-06T18:16:51.477520Z,140822340,100,failed,empty_extract,200,jina_reader_markdown,2026-07-06T20:01:14.803746Z,explicit_enrichment_failure
std_4116ee97312541aab1c8534b5214370d,META,"'Sweat Equity Goes So Much Further Than Anything Else,' Says Mark Cuban, But Most People Aren't Willing to Do the Work",https://finnhub.io/api/news?id=03ee9c34f67a00ccd14d3f10dbd1ee37e1fe94cc9acabc598ac7cf10a12ef16c,https://finance.yahoo.com/small-business/articles/sweat-equity-goes-much-further-163110929.html,Yahoo,2026-07-06T16:31:10Z,2026-07-06T18:16:51.452396Z,140822411,285,failed,source_summary_only,200,jina_reader_markdown,2026-07-06T20:01:14.803255Z,explicit_enrichment_failure
std_2096c90a91fd425ab699a9159e4337f7,META,Broadcom shares jump after surprise five-year Apple chip deal,https://finnhub.io/api/news?id=f286410526b0a115bbb9dfb485e578b05a76ce5d6653499af0b7628223158c8a,https://finance.yahoo.com/markets/stocks/articles/broadcom-shares-jump-surprise-five-164320062.html,Yahoo,2026-07-06T16:43:20Z,2026-07-06T18:16:51.427378Z,140822339,74,failed,empty_extract,200,jina_reader_markdown,2026-07-06T20:52:40.443608Z,explicit_enrichment_failure
std_3499caf2007740abb24b44dc3c012739,META,Micron Stock Rises After Landing Major Long-Term Ford Deal,https://finnhub.io/api/news?id=5b32e275aabf805d9737516bc2831d4ab611ec542e7648061ee8e1775afaa54d,https://finance.yahoo.com/markets/stocks/articles/micron-stock-rises-landing-major-164440543.html,Yahoo,2026-07-06T16:44:40Z,2026-07-06T18:16:51.399942Z,140822409,55,failed,source_summary_only,200,jina_reader_markdown,2026-07-06T20:52:40.443193Z,explicit_enrichment_failure
std_4c281a4c0a734252845c5174dd9bf640,META,"AMD Feels Goldman’s Love, and the Stock Jumps",https://finnhub.io/api/news?id=c4af976ae0ee3e0d8df83fd175fb401b860af56cd885cefb0ef9bc7963134982,"https://finance.yahoo.com/m/c08ee3d3-5905-312d-b585-9b6eefb74687/amd-feels-goldman’s-love,-and.html",Yahoo,2026-07-06T16:47:00Z,2026-07-06T18:16:51.373062Z,140822408,125,failed,source_summary_only,200,jina_reader_markdown,2026-07-06T20:52:40.442766Z,explicit_enrichment_failure
std_70fa69a5118f4a059f33195a80c0feef,META,"Final Trades: Meta, Alphabet, Apollo Global and Apple",https://finnhub.io/api/news?id=f2c27ab141b800898af33c1fbe95df260746e9d696f9928bed4fea2c0fbdcad4,https://www.cnbc.com/video/2026/07/06/final-trades-meta-alphabet-apollo-global-and-apple.html,CNBC,2026-07-06T13:08:49Z,2026-07-06T17:33:00.374631Z,140821860,80,failed,unsupported_media,200,trafilatura,2026-07-06T17:50:27.277857Z,explicit_enrichment_failure
std_06e5d060c1cd49faae19f274d85b8f24,MU,Why Micron’s Stock Dip Is a Buying Opportunity,https://finnhub.io/api/news?id=7b2b5b368886ed747442dd8ae5421734515e9de9de41778f6086720fa3306995,https://finance.yahoo.com/m/d8cf5abd-bbdc-39d2-b70d-dfa1bb7027d8/why-micron’s-stock-dip-is-a.html,Yahoo,2026-07-06T14:18:00Z,2026-07-06T16:20:01.649541Z,140821029,489,failed,source_summary_only,200,jina_reader_markdown,2026-07-06T18:15:34.625640Z,explicit_enrichment_failure
std_d29b1127000440f8abfb0a30c6a91502,MU,Micron is like the 'bottleneck within the bottleneck' of memory trade,https://finnhub.io/api/news?id=517fe1ea4ecf84cbd0d841c0fee10b029e00e827a6560575b2921de7fb9a45b3,https://finance.yahoo.com/video/micron-bottleneck-within-bottleneck-memory-143000218.html,Yahoo,2026-07-06T14:30:00Z,2026-07-06T16:20:01.594101Z,140821027,367,failed,unsupported_media,200,jina_reader_markdown,2026-07-06T18:15:34.624332Z,explicit_enrichment_failure
std_26ecf728a3c6467c84867e8db6bebba0,MU,Trump Wants You to ‘Go Out and Buy a Dell’ and the Endorsement Sends the Stock Soaring,https://finnhub.io/api/news?id=b574fb7335dc1ac6a9daee5105495e830a4f220b805b2acfffaef664ac44b6ee,https://finance.yahoo.com/m/e0a5d367-f9f9-3346-b526-ccd1aa1bd19a/trump-wants-you-to-‘go-out.html,Yahoo,2026-07-06T14:42:00Z,2026-07-06T16:20:01.530790Z,140821025,188,failed,empty_extract,200,jina_reader_markdown,2026-07-06T18:15:34.623857Z,explicit_enrichment_failure
std_96f98c22eb5149b2ac7b2c7eb57cc13a,MU,Children in the US will become 'very rich': Trump discusses newly launched Trump Accounts,https://finnhub.io/api/news?id=65d7106bddab093728a7e44962ec2ae4b81e982d12ebd40029e8a1b852d1fb0e,https://finance.yahoo.com/video/children-in-the-us-will-become-very-rich-trump-discusses-newly-launched-trump-accounts-150947793.html,Yahoo,2026-07-06T15:09:47Z,2026-07-06T16:20:01.399645Z,140821021,255,failed,timeout,429,jina_reader_markdown,2026-07-06T18:15:34.623038Z,explicit_enrichment_failure
std_629c8776b9854a35b157a7a716beaf4f,META,Micron stock has now plunged to a surprising level,https://finnhub.io/api/news?id=57d7d6993557b89c0d18e5977d2a2bf87fe72c8d4d99c37b17e8d3c2faf96f1d,https://finance.yahoo.com/markets/article/micron-stock-has-now-plunged-to-a-surprising-level-141142114.html,Yahoo,2026-07-06T14:11:42Z,2026-07-06T16:14:18.720171Z,140821013,47,failed,source_summary_only,200,jina_reader_markdown,2026-07-06T17:50:27.276976Z,explicit_enrichment_failure
std_a7a1c370ea404dbe8d5780e923abadb4,MU,Micron and Ford announce long-term memory supply agreement,https://finnhub.io/api/news?id=776cf904f9c0bf24895591ab1c4f6e5961bbc0d9e807609f6956083d2fba4afd,https://finance.yahoo.com/markets/stocks/articles/micron-ford-announce-long-term-130846435.html,Yahoo,2026-07-06T13:08:46Z,2026-07-06T14:15:30.321565Z,140820020,223,failed,source_summary_only,200,jina_reader_markdown,2026-07-06T14:58:52.997637Z,explicit_enrichment_failure
std_9682f143bd7d424fb920e8bbe1a88e3e,MU,SK Hynix seeks $28 billion in US IPO listing as memory maker rides AI wave,https://finnhub.io/api/news?id=20cb715155058c6d43d9876290e9fac0f19f7cbc0d371c0857fde2954e221cec,https://finance.yahoo.com/markets/article/sk-hynix-seeks-28-billion-in-us-ipo-listing-as-memory-maker-rides-ai-wave-132016294.html,Yahoo,2026-07-06T13:20:16Z,2026-07-06T14:15:30.262979Z,140820018,97,failed,source_summary_only,200,jina_reader_markdown,2026-07-06T14:58:52.996778Z,explicit_enrichment_failure
std_415f5bdcdb6748858b19dd513dbb1974,MU,"Micron, Ford sign semiconductor supply agreement for vehicles",https://finnhub.io/api/news?id=0176150f19f4ba5ebb238242ef9461b76bcefa2d07e302b6945f29a6cbf97288,https://finance.yahoo.com/technology/articles/micron-ford-sign-semiconductor-supply-132632237.html,Yahoo,2026-07-06T13:26:32Z,2026-07-06T14:15:30.209850Z,140820016,575,failed,source_summary_only,200,jina_reader_markdown,2026-07-06T14:58:52.995412Z,explicit_enrichment_failure
std_9bf6659cc367496381b14529459bb143,META,Bespoke Labs Announces $40M to Build the Environments That Train Reliable Agents,https://finnhub.io/api/news?id=c1c0c6d7c9c240ad845307f1e2d9b5ffeb9635d4b4bdc7ab5427f2b28ac45e4a,https://finance.yahoo.com/technology/ai/articles/bespoke-labs-announces-40m-build-130100239.html,Yahoo,2026-07-06T13:01:00Z,2026-07-06T14:14:42.026054Z,140820004,500,failed,source_summary_only,200,jina_reader_markdown,2026-07-06T17:50:27.278309Z,explicit_enrichment_failure
std_57c2118e913c45bc86688be81a41019d,MU,Memory stocks rebound as analysts flag a buying opportunity,https://finnhub.io/api/news?id=944a8d9503f822ae854ad2c77958a38fc39d31f86e519fc606546e0b4a8dfc02,https://finance.yahoo.com/markets/stocks/articles/memory-stocks-rebound-analysts-flag-113241138.html,Yahoo,2026-07-06T11:32:41Z,2026-07-06T13:00:58.242079Z,140819197,264,failed,source_summary_only,200,jina_reader_markdown,2026-07-06T13:26:07.795288Z,explicit_enrichment_failure
std_37c6f6b67d144d308fe7d2e94d1b306e,MU,This Week In AI Chips - AI Surge Fuels MLCC Demand and Supply Challenges,https://finnhub.io/api/news?id=3fbafad40fbf73d58bf5c7426cc4a8d1d04093ee6b2805e04f88c037b3de1237,https://finance.yahoo.com/technology/ai/articles/week-ai-chips-ai-surge-113816183.html,Yahoo,2026-07-06T11:38:16Z,2026-07-06T13:00:58.212018Z,140819145,498,failed,source_summary_only,200,jina_reader_markdown,2026-07-06T13:26:07.794741Z,explicit_enrichment_failure
std_84cfd2178c974863957152a81b67d920,MU,Equities Mostly Rise Pre-Bell as Investors Prepare for Fed Minutes,https://finnhub.io/api/news?id=cc375bfcac236103e0c7169601f6776ae6e3c642fca7663ff366182467c31237,https://finance.yahoo.com/markets/stocks/articles/equities-mostly-rise-pre-bell-115302414.html,Yahoo,2026-07-06T11:53:02Z,2026-07-06T13:00:58.161312Z,140819140,100,failed,source_summary_only,200,jina_reader_markdown,2026-07-06T13:26:07.793741Z,explicit_enrichment_failure
std_606fe9cf92694aa8962d3f6a3cfe968a,META,Meta CEO sends warning on its AI goal before earnings,https://finnhub.io/api/news?id=af819baf203e6651c875f30cb41fa86b1802ef02c5529b38fd6456b1fe1fb76e,https://www.thestreet.com/investing/stocks/meta-ceo-sends-warning-on-its-ai-goal-before-earnings,Yahoo,2026-07-04T02:33:00Z,2026-07-04T08:11:52.977498Z,140805414,297,failed,source_summary_only,200,jina_reader_markdown,2026-07-06T17:50:27.278785Z,explicit_enrichment_failure
std_64df296063af47c6b305ce5ff197703a,META,Meta Defends WhatsApp Usernames After India Raises Cybercrime Concerns and Seeks an Explanation,https://finnhub.io/api/news?id=4658ffde4fe7fc787093ffd7a5b3e40087cf35882fb7fb43e823e1b39278375c,https://finance.yahoo.com/technology/ai/articles/meta-defends-whatsapp-usernames-india-213105934.html,Yahoo,2026-07-03T21:31:05Z,2026-07-04T00:14:25.809750Z,140803745,293,failed,timeout,429,jina_reader_markdown,2026-07-06T17:50:27.279312Z,explicit_enrichment_failure
std_976dc1c56e0441bbaf230a3489ec9af7,MU,Micron & 2 Profitable Stocks to Buy in July for Explosive Upside,https://finnhub.io/api/news?id=021af20fa87f49a1552779e3d4b80594353f5367f7b99e7be34136bee5cf8487,https://finance.yahoo.com/markets/stocks/articles/micron-2-profitable-stocks-buy-190000663.html,Yahoo,2026-07-03T19:00:00Z,2026-07-03T22:12:23.537307Z,140802950,129,failed,timeout,429,jina_reader_markdown,2026-07-06T13:26:07.796331Z,explicit_enrichment_failure
std_5ad3a93e99fe4412b35e8a47641159c0,MU,"Can Micron Stock Really Hit $2,000?",https://finnhub.io/api/news?id=f335e089ffdc2b091042337258c190df82fa2b543ad1bd354e150cac3604a3c1,https://finance.yahoo.com/markets/stocks/articles/micron-stock-really-hit-2-212120295.html,Yahoo,2026-07-03T21:21:20Z,2026-07-03T22:12:23.512826Z,140803310,64,failed,source_summary_only,200,jina_reader_markdown,2026-07-06T13:26:07.795787Z,explicit_enrichment_failure
std_40456260172d47439a9fd29d7c28e07d,MU,"Stocks making big moves this week: IPG Photonics, Micron, CarGurus, Qualcomm, and Qualys",https://finnhub.io/api/news?id=82fb05f673b31268e36b1afa777c4ae4f199b944f9c576d612fe9311b5de28f2,https://finance.yahoo.com/markets/stocks/articles/stocks-making-big-moves-week-173806874.html,Yahoo,2026-07-03T17:38:06Z,2026-07-03T18:14:23.265203Z,140801086,51,failed,http_403,403,jina_reader_markdown,2026-07-06T10:00:44.940448Z,explicit_enrichment_failure
std_e46a2fc6784042bea5019a07ae862b0f,META,Meta Could Hand Samsung Its Biggest AI Chip Order Yet in $6.5 Billion Deal,https://finnhub.io/api/news?id=5da8335f9a9522fcfcb2a56762cb9aade0de9fbb9d072c218713e67aa522d1c6,https://finance.yahoo.com/technology/ai/articles/meta-could-hand-samsung-biggest-165853956.html,Yahoo,2026-07-03T16:58:53Z,2026-07-03T18:13:44.825744Z,140801077,69,failed,source_summary_only,200,jina_reader_markdown,2026-07-06T14:13:16.652516Z,explicit_enrichment_failure
std_a82a359d1202400097bf080860bd32cd,MU,"Trump Calls Micron a ‘Great’ Company, the Stock Is Falling",https://finance.yahoo.com/m/dfd4b131-8558-3196-b6d5-8e9dcf0dbb90/trump-calls-micron-a-‘great’.html,https://finance.yahoo.com/m/dfd4b131-8558-3196-b6d5-8e9dcf0dbb90/trump-calls-micron-a-‘great’.html,Yahoo,2026-07-02T14:49:00Z,2026-07-02T18:14:53.978933Z,140792958,13911,failed,empty_extract,200,jina_reader_markdown,2026-07-02T20:01:05.762738Z,explicit_enrichment_failure
std_95dee2385e034d36a7fb6a359ab137ae,MU,The Show-Me Phase of the AI Trade Has Arrived. 2 Strategies for Managing Risk.,https://finnhub.io/api/news?id=c5f34bb872022126108aff1de4ce0163a174bb37ed685c37f774d0b0a5d812e8,https://finance.yahoo.com/m/74bf1861-bbf3-312a-b77d-60d564eda028/the-show-me-phase-of-the-ai.html,Yahoo,2026-07-02T14:58:00Z,2026-07-02T18:14:53.955075Z,140792957,159,failed,source_summary_only,200,trafilatura,2026-07-02T20:01:05.760468Z,explicit_enrichment_failure
std_9b08918d9f8949318e9669bdf7837a5c,MU,Why Chip Stocks Won't Keep Outperforming Big Tech,https://finnhub.io/api/news?id=d8b1de999ce902b5a9fe65cc39562a80ed20714a0fa2279fb7aa8bb84a81cf3a,https://finance.yahoo.com/m/f098c6cc-f18a-3e30-ad22-a51c5d486b4f/why-chip-stocks-won't-keep.html,Yahoo,2026-07-02T15:25:13Z,2026-07-02T18:14:53.920245Z,140792878,212,failed,source_summary_only,200,jina_reader_markdown,2026-07-02T20:01:05.755644Z,explicit_enrichment_failure
std_1ccce9b5471f47e4aa75419eee9d427b,MU,Follow Stock Market Leaders To Stay In Step With Broader Market Health,https://finnhub.io/api/news?id=02e262b4f71bdfd524ae4440a179acf8ede2d7a30c377d429ba1900261068a55,https://finance.yahoo.com/m/01df79d7-b9e1-3c0d-8e10-661dcd096757/follow-stock-market-leaders.html,Yahoo,2026-07-02T15:59:07Z,2026-07-02T18:14:53.855190Z,140792954,125,failed,source_summary_only,200,jina_reader_markdown,2026-07-02T20:01:05.752843Z,explicit_enrichment_failure
std_52a3a668d7e14b06b4a8543c6c9fb32b,MU,"Tesla, Rivian, Strategy, Moderna, Sandisk, Blue Owl, and More Stocks That Explain Today’s Market",https://finnhub.io/api/news?id=e573ed15d365fa27ecc51d79658582f21c9e6fd32b7581b3896cb4c010a66615,"https://finance.yahoo.com/m/2e642161-0ef1-39fd-9ac2-f1ecca51b063/tesla,-rivian,-strategy,.html",Yahoo,2026-07-02T16:17:00Z,2026-07-02T18:14:53.773003Z,140792941,258,failed,timeout,429,jina_reader_markdown,2026-07-02T19:05:30.914559Z,explicit_enrichment_failure
std_5697901c9d654ca28b08ac6b6ffa13a0,MU,Global Tech Stocks Struggle Ahead of Jobs Report,https://finnhub.io/api/news?id=5285b118bb8e420b808ea0188c29024b69b171c6d16a41238a31c295a36fea7d,https://www.wsj.com/economy/central-banking/global-ai-selloff-extends-as-traders-ready-for-jobs-day-40ae7d78,Yahoo,2026-07-02T11:01:00Z,2026-07-02T14:14:33.749206Z,140790432,97,failed,http_401,401,curl_cffi_trafilatura,2026-07-02T19:05:30.920833Z,explicit_enrichment_failure
std_ef4d6effdd124885903ed6ba21718707,MU,Robinhood and 4 More Stocks That Were Just Added to This Firm’s ‘Top Picks’ List,https://finnhub.io/api/news?id=e336f6f5725859ac3cc9c6fdbc5490eade9b615eed9ea0f16ccf499ffbac008d,https://finance.yahoo.com/m/2d427b58-b7fd-3f63-a127-79a10177741b/robinhood-and-4-more-stocks.html,Yahoo,2026-07-02T12:20:00Z,2026-07-02T14:14:33.629199Z,140790429,123,failed,source_summary_only,200,trafilatura,2026-07-02T20:01:05.767497Z,explicit_enrichment_failure
std_8da8cadd498842d3a746fefc0f755b32,MU,These Experts See 'Screaming Buys' in AI Stocks After a Recent Pullback,https://finnhub.io/api/news?id=a7136c0a0f9b1d36e1b2f45679c573e350ae596f03dc3039ed94ec5272895e7c,https://www.investopedia.com/these-experts-see-screaming-buys-in-ai-stocks-after-a-recent-pullback-nvda-12010683,Yahoo,2026-07-02T12:48:21Z,2026-07-02T14:14:33.590024Z,140790403,100,failed,http_403,403,curl_cffi_trafilatura,2026-07-02T19:05:30.917743Z,explicit_enrichment_failure
std_3f4210225407411b9d1cc8c5a9f366aa,MU,"Micron Stock Drops Again, Memory Rivals SK Hynix and Samsung Sink KOSPI","https://finance.yahoo.com/m/dfd4b131-8558-3196-b6d5-8e9dcf0dbb90/micron-stock-drops-again,.html","https://finance.yahoo.com/m/dfd4b131-8558-3196-b6d5-8e9dcf0dbb90/micron-stock-drops-again,.html",Yahoo,2026-07-02T10:05:00Z,2026-07-02T12:14:26.364190Z,140789747,13285,failed,empty_extract,200,jina_reader_markdown,2026-07-02T20:01:05.775900Z,explicit_enrichment_failure
std_9b6d7590a6784a41b0a4dfc4b7590622,MU,"FOMO Vs. FOMU: What Do Apple, Nvidia And These IPOs Reveal?","https://finance.yahoo.com/m/628177a9-0d08-337f-9cb0-24eb4efe6816/fomo-vs.-fomu:-what-do-apple,.html","https://finance.yahoo.com/m/628177a9-0d08-337f-9cb0-24eb4efe6816/fomo-vs.-fomu:-what-do-apple,.html",Yahoo,2026-07-02T11:17:18Z,2026-07-02T12:14:26.293412Z,140789708,1662,failed,source_summary_only,200,trafilatura,2026-07-02T20:01:05.773184Z,explicit_enrichment_failure
std_f3a197a9e27747c0b20c84e1b097ea16,MU,General Motors signs chip supply agreement with Micron,https://finnhub.io/api/news?id=4c95732b88f06b735378a8d72143d7e9244acb8d72f27041fd7fcb0cfd29fa19,https://www.just-auto.com/news/gm-micron-automotive-chip-agreement/,Yahoo,2026-07-02T11:46:13Z,2026-07-02T12:14:26.243012Z,140789742,144,failed,poison_or_navigation_extract,200,trafilatura,2026-07-02T19:05:30.919948Z,explicit_enrichment_failure
std_b8717851598a407db5cb890704b3d2db,MU,"Dow Jones Futures Rise With Tesla, Jobs Report Ahead",https://finance.yahoo.com/m/da65a433-b7ba-3b63-9c9d-2ae1f8f32381/dow-jones-futures-rise-with.html,https://finance.yahoo.com/m/da65a433-b7ba-3b63-9c9d-2ae1f8f32381/dow-jones-futures-rise-with.html,Yahoo,2026-07-02T11:46:58Z,2026-07-02T12:14:26.222069Z,140789728,1404,failed,source_summary_only,200,trafilatura,2026-07-02T20:01:05.769607Z,explicit_enrichment_failure
std_da10a9d07b184b2fb91e7302fa2aa8c9,MU,AI Funds Were Unstoppable in the Second Quarter,https://finnhub.io/api/news?id=3c28e5118264968e8febedb0d23720aff4346048e4bf316e582dafec7be3cfb4,https://finance.yahoo.com/m/575b6ad9-dd31-38a5-98c0-2f7545716506/ai-funds-were-unstoppable-in.html,Yahoo,2026-07-02T05:00:00Z,2026-07-02T06:12:44.886659Z,140787621,131,failed,source_summary_only,200,trafilatura,2026-07-02T20:01:05.781397Z,explicit_enrichment_failure
std_206cb35e4c2d42b58807dd26ad778946,MU,How to AI-Proof Your Fund Portfolio,https://finnhub.io/api/news?id=76933c5eb56c441540e7d781468890b8c80bd3f892db7fd74b3e5d30d0fdb63e,https://finance.yahoo.com/m/35d3d156-b19f-3aac-85fa-9619503f2b10/how-to-ai-proof-your-fund.html,Yahoo,2026-07-02T05:00:00Z,2026-07-02T06:12:44.859697Z,140787624,214,failed,source_summary_only,200,trafilatura,2026-07-02T20:01:05.779287Z,explicit_enrichment_failure
std_4d9dd0d35c7b453ca205e844c6618a6e,MU,Meta Drives Mag 7 Pop. Chip Wipeout Clobbers Nasdaq.,https://finnhub.io/api/news?id=5b6b69afd080cd48f8637f7f18e5dcbe1a8f66d518e1aa7a788e4e8653ab0389,https://finance.yahoo.com/m/ef4d66f2-60fe-328d-9d4a-2beb9da4e12b/meta-drives-mag-7-pop.-chip.html,Yahoo,2026-07-01T20:01:52Z,2026-07-01T22:14:17.283668Z,140784630,266,failed,source_summary_only,200,jina_reader_markdown,2026-07-02T20:01:05.783699Z,explicit_enrichment_failure
std_6ed52094821f4523869c4810a19a66c0,MU,"Meta Leads Magnificent Seven Higher, Nvidia Drags",https://finance.yahoo.com/m/e85307b6-bcdf-3a11-893d-5c4399625c51/meta-leads-magnificent-seven.html,https://finance.yahoo.com/m/e85307b6-bcdf-3a11-893d-5c4399625c51/meta-leads-magnificent-seven.html,Yahoo,2026-07-01T16:01:26Z,2026-07-01T18:15:21.999753Z,140782468,1719,failed,timeout,404,jina_reader_markdown,2026-07-02T20:01:05.785258Z,explicit_enrichment_failure
std_4707e4b856604d4c81fa5a268172b4a4,MU,"The Zacks Analyst Blog Highlights Micron Technology, FormFactor, Texas Instruments and Taiwan Semiconductor Manufacturing",https://finnhub.io/api/news?id=938c729a24394ef54fa7c359cf6dfb74f539bd857f0f96f7946c039a9fd37ea9,https://finance.yahoo.com/markets/stocks/articles/zacks-analyst-blog-highlights-micron-131800011.html,Yahoo,2026-07-01T13:18:00Z,2026-07-01T16:15:07.034752Z,140780576,160,failed,timeout,429,jina_reader_markdown,2026-07-02T19:05:30.950432Z,explicit_enrichment_failure
std_5b1d22572f51466aa1c7c152eca054e6,MU,AMD Stock Falls From Record High. It Won’t Join the $1 Trillion Club Just Yet.,https://finnhub.io/api/news?id=9cb943647433231a1c503cb74ead4bfc50b96c89a0eafa1b8d3858b34911b985,https://finance.yahoo.com/m/5ed610cc-67c6-32d8-936d-c3505fb40ded/amd-stock-falls-from-record.html,Yahoo,2026-07-01T13:52:00Z,2026-07-01T16:15:06.957337Z,140780600,305,failed,timeout,200,jina_reader_markdown,2026-07-02T19:05:30.946294Z,explicit_enrichment_failure
std_5ec06e66e46b46e7b14016699c304854,MU,Dow falls 184 points as chip stocks pull back after record start to year,https://finnhub.io/api/news?id=a603257530c3fb2e3eb5c0b9ae1fb5d073a5c304bb0443643d326335a2f5586e,https://qz.com/dow-chip-stocks-decline-184-points-first-half-070126,Yahoo,2026-07-01T14:02:34Z,2026-07-01T16:15:06.932802Z,140780599,125,failed,timeout,200,jina_reader_markdown,2026-07-02T19:05:30.945984Z,explicit_enrichment_failure
std_26e731f813cf4b5db91b43db4d00ae32,MU,"Samsung, Micron and SK Hynix accused of spiking memory chip prices by 700%",https://finnhub.io/api/news?id=5c69c808374577e56251738d512b120054d3bdf93e5627964a0206bbd883fd6f,https://finance.yahoo.com/technology/articles/samsung-micron-sk-hynix-accused-143000032.html,Yahoo,2026-07-01T14:30:00Z,2026-07-01T16:15:06.811631Z,140780624,114,failed,timeout,429,jina_reader_markdown,2026-07-02T19:05:30.942262Z,explicit_enrichment_failure
std_aa87ab1307cc48e883a96affec45e29a,MU,Micron (MU) Lands GM Supply Deal And Backs Trump Accounts With $250 Million,https://finnhub.io/api/news?id=1542db5b358fb4355cb78851a9692557fa21b0a945d9c7cfa1b89ee4e2ae1f8a,https://finance.yahoo.com/markets/stocks/articles/micron-mu-lands-gm-supply-153306571.html,Yahoo,2026-07-01T15:33:06Z,2026-07-01T16:15:06.620835Z,140780616,498,failed,timeout,429,jina_reader_markdown,2026-07-02T19:05:30.930655Z,explicit_enrichment_failure
std_593839386061478bab976abbde852bbd,MU,Investors Plow Billions Into Leveraged ETFs — For This Good Reason,https://finnhub.io/api/news?id=ac0b4aba403603b556deac028adb37d36793a235e3f3bdc0265844697a7bbdcc,https://finance.yahoo.com/m/a0de49c6-68c1-3944-adbe-a28e059f6a65/investors-plow-billions-into.html,Yahoo,2026-07-01T12:00:58Z,2026-07-01T14:14:28.556708Z,140779423,97,failed,source_summary_only,200,trafilatura,2026-07-02T20:01:05.791707Z,explicit_enrichment_failure
std_a19081bcfe1345bd8a43a3ebcd730b92,MU,"Memory Prices Rose Again, but Micron Stock Is Slumping",https://finnhub.io/api/news?id=35535f67e346c1657d7cb32043148461640a9c2e6dd1a1d80c6b42c60273ad07,"https://finance.yahoo.com/m/b223ae50-cbdc-3605-8aaa-5fe2542efe6c/memory-prices-rose-again,-but.html",Yahoo,2026-07-01T12:01:00Z,2026-07-01T14:14:28.528217Z,140779422,215,failed,source_summary_only,200,jina_reader_markdown,2026-07-02T20:01:05.790026Z,explicit_enrichment_failure
std_2fb83f8e68a44c05961dd10cb9076cff,MU,Micron Stock Drops But Memory-Chip Prices Keep Rising,https://finnhub.io/api/news?id=bdfbe38a6314d06e1935c3784277b06b5efbc08dcba02072bb1e7fe5768add37,https://finance.yahoo.com/m/b223ae50-cbdc-3605-8aaa-5fe2542efe6c/micron-stock-drops-but.html,Yahoo,2026-07-01T10:07:00Z,2026-07-01T12:14:50.856691Z,140778767,215,failed,timeout,429,jina_reader_markdown,2026-07-02T19:05:30.969813Z,explicit_enrichment_failure
std_05dbb4a55d5a42f8b058dec021f892e1,MU,Stock Markets Enter a Crucial Period as Investors Play Defense to Inflation Risks,https://finnhub.io/api/news?id=093f94521c9db85f2d51a779c24aa3fca596623eab5093a6076f41de3aff8a5c,https://finance.yahoo.com/m/2840b238-3c67-3899-93bd-2d9f11687aff/stock-markets-enter-a-crucial.html,Yahoo,2026-07-01T10:18:00Z,2026-07-01T12:14:50.832235Z,140778732,116,failed,source_summary_only,200,jina_reader_markdown,2026-07-02T20:01:05.793170Z,explicit_enrichment_failure
std_60217094f65143a2b24a8223fb6bc526,MU,"Micron, Sandisk Lead Tech Stock Drops Premarket as Futures Fall",https://finnhub.io/api/news?id=6e3c657a226aa9b4f239e660bc11825bd77ef0baff93b9c33670cfaf1c452f6e,"https://finance.yahoo.com/m/a8dadf95-db2d-33da-8cd2-5cfaf6ec425d/micron,-sandisk-lead-tech.html",Yahoo,2026-07-01T10:29:07Z,2026-07-01T12:14:50.808253Z,140778736,240,failed,timeout,429,jina_reader_markdown,2026-07-02T19:05:30.969074Z,explicit_enrichment_failure
std_d9800b2db29c429ea174e105c88754d6,MU,Sandisk Leads Seven S&P 500 Stocks That Have Skyrocketed In 2026,https://finnhub.io/api/news?id=a5f382c66932d2b4871504c07f479d39cf47e49a81a0d239e1c7c56d53ab9e18,https://finance.yahoo.com/m/9a90e6cc-1f2b-3a38-8d53-2c94b52d752a/sandisk-leads-seven-s&p-500.html,Yahoo,2026-07-01T11:00:08Z,2026-07-01T12:14:50.785232Z,140778764,108,failed,source_summary_only,200,jina_reader_markdown,2026-07-02T20:01:05.792744Z,explicit_enrichment_failure
std_16d6a544161a4e118b1884a57a41e450,MU,HSBC just raised its Micron price target for the 5th time,https://finnhub.io/api/news?id=fccc1e2b18fa0f0665990e2e4890428f1f55679a57565de0b6e0ae0ebd748703,https://www.thestreet.com/investing/hsbc-just-raised-its-micron-price-target-for-the-5th-time,Yahoo,2026-07-01T02:03:00Z,2026-07-01T04:12:16.241190Z,140776939,299,failed,empty_extract,200,jina_reader_markdown,2026-07-02T19:10:16.164583Z,explicit_enrichment_failure
std_632a60d100084ab1a0ecb3de1a423739,MU,Micron (MU) Stock Looks Below Fair Value But Broader Checks Stay Mixed,https://finnhub.io/api/news?id=007ce78b0827aaf07a7d3c736aaed9e864a5722868a74814092d91737b394bc0,https://finance.yahoo.com/markets/stocks/articles/micron-mu-stock-looks-below-020816023.html,Yahoo,2026-07-01T02:08:16Z,2026-07-01T04:12:16.211169Z,140776938,494,failed,timeout,429,jina_reader_markdown,2026-07-02T19:10:16.164141Z,explicit_enrichment_failure
std_2779d7378abc48308bd1e2a95e97a37b,MU,Micron’s stock buybacks explained: When & why the chipmaker repurchases shares,https://finnhub.io/api/news?id=c8fc4366d8c36e1f27d53a8613c06bbd8c7b6c00ae078d780126a91758e16341,https://www.thestreet.com/investing/stocks/micron-stock-buybacks,Yahoo,2026-07-01T01:33:05Z,2026-07-01T02:14:01.944385Z,140776558,303,failed,empty_extract,200,jina_reader_markdown,2026-07-02T20:01:05.794727Z,explicit_enrichment_failure
std_968f45a0dafe47598b0cf2bb93e15055,MU,"Apple's Reported Push To Buy Chinese Memory Chips Isn't About Lower Prices, It's About Surviving A Worsening AI-Driven Supply Crunch, Says Analyst",https://finnhub.io/api/news?id=b17bbc03bda9387420449d48dc7a284d2fb56cf429b9bb5fd9532a29411da727,https://finance.yahoo.com/technology/ai/articles/apples-reported-push-buy-chinese-193124287.html,Yahoo,2026-06-30T19:31:24Z,2026-06-30T22:14:48.333840Z,140775194,259,failed,timeout,429,jina_reader_markdown,2026-07-02T19:10:16.181021Z,explicit_enrichment_failure
std_d10ee664f8aa4d71a6190f80439b8b4f,MU,Micron Stock Notches Best Ever Quarter. Why 1 Analyst Sees Even More Gains.,https://finnhub.io/api/news?id=70dbf0d1a3b480214d68d390850120fe52235f5b034cebeb5939ab737b6d757d,https://finance.yahoo.com/m/15ee206b-a77d-3202-8d0d-05b990ea059f/micron-stock-notches-best.html,Yahoo,2026-06-30T20:50:00Z,2026-06-30T22:14:48.250934Z,140775229,108,failed,source_summary_only,200,jina_reader_markdown,2026-07-02T20:01:05.796669Z,explicit_enrichment_failure
std_7916229b1b56435d801d9a510127b2b0,MU,"Micron, Intel and AMD add $2 trillion in value in Q2 rally",https://finnhub.io/api/news?id=0c33935880cb501fa457ec6608dcf929e32411e22c71348a3f66d628d29d52fa,https://finance.yahoo.com/technology/articles/micron-intel-amd-add-2-212134122.html,Yahoo,2026-06-30T21:21:34Z,2026-06-30T22:14:48.171937Z,140775174,191,failed,timeout,429,jina_reader_markdown,2026-07-02T19:10:16.172669Z,explicit_enrichment_failure
std_9f94d100ed444f33be65e6958494d890,MU,These Were the Best and Worst S&P 500 Stocks for the Second Quarter,https://finnhub.io/api/news?id=a8b97c71156b1e366f9afc680263cc4bb45864842805879b3c25a14f69c12702,https://finance.yahoo.com/m/71e8f4c9-fb46-31e4-8903-a36e85cce189/these-were-the-best-and-worst.html,Yahoo,2026-06-30T19:09:00Z,2026-06-30T20:14:10.158558Z,140774471,134,failed,source_summary_only,200,jina_reader_markdown,2026-07-02T20:01:05.798858Z,explicit_enrichment_failure
std_1c22992c0bfb447fb8660ee02ff68902,MU,"Micron and Apple Trade Blame as Prices Soar on Laptops, Phones, and More",https://finnhub.io/api/news?id=f7c89cdcfa20a5f783b3ff92dd4c1e86908588d01dbe05fe280433ac38a7c36b,https://finance.yahoo.com/m/bcc4678d-bb19-3809-b68e-838cfdf63d6d/micron-and-apple-trade-blame.html,Yahoo,2026-06-30T14:59:00Z,2026-06-30T18:14:32.207453Z,140773417,140,failed,source_summary_only,200,jina_reader_markdown,2026-07-02T20:01:05.801384Z,explicit_enrichment_failure
std_c83fbd756b2d488492f3840d58f9b7d1,MU,Chip Stocks Stand Out in a Rough Quarter for Tech,https://finnhub.io/api/news?id=78782ffdf29c9658bbeecadf3af6510830a2525615858cdf83774449abbe979e,https://finance.yahoo.com/m/45cce88e-d114-3102-a8a2-037a9dad67c6/chip-stocks-stand-out-in-a.html,Yahoo,2026-06-30T16:57:20Z,2026-06-30T18:14:32.061174Z,140773456,210,failed,empty_extract,200,jina_reader_markdown,2026-07-02T20:01:05.800413Z,explicit_enrichment_failure
std_4e2a9b99c0dd4802afb31cb0d856484d,MU,AAOI Rides on Datacenter and CATV Businesses: More Growth Ahead?,https://finnhub.io/api/news?id=9df44db6956782d7bd22d7224c8816afc7a2b8391259ae7569216913cf0611b3,https://finance.yahoo.com/technology/ai/articles/aaoi-rides-datacenter-catv-businesses-125800189.html,Yahoo,2026-06-30T12:58:00Z,2026-06-30T16:15:10.049798Z,140772777,133,failed,empty_extract,200,jina_reader_markdown,2026-07-02T20:01:05.805224Z,explicit_enrichment_failure
std_1357b20f1ae54098b2d605861cf0d733,MU,"Pre-Markets Dip into Red, Jobs & Housing Data Today",https://finnhub.io/api/news?id=e32c090fdcc3c864e1a2646b694195c244a2ea195d13998d7d7f2c352d16200d,https://finance.yahoo.com/economy/articles/pre-markets-dip-red-jobs-142500710.html,Yahoo,2026-06-30T14:25:00Z,2026-06-30T16:15:09.913998Z,140772773,75,failed,timeout,429,jina_reader_markdown,2026-07-02T20:01:05.803710Z,explicit_enrichment_failure
std_bbf94aac357c4ef1802d34c8c578d091,MU,Memory stocks are still “early innings” — here’s the ETF to invest in now,https://finnhub.io/api/news?id=80b0dcef1c1e50b92e4ae70a906d0d49ed89f9697ace7f04f58715f963061218,https://cdn.jwplayer.com/previews/ORPawpZX,Yahoo,2026-06-30T14:28:56Z,2026-06-30T16:15:09.858027Z,140772771,342,failed,unsupported_media,200,trafilatura,2026-07-02T20:06:29.737446Z,explicit_enrichment_failure
std_00df030b81ec413f8facd10b2529a839,MU,"Top Midday Stories: Air Products Ends Louisiana Clean Energy Project; Patrick Industries, LCI to Merge in All-Stock Deal",https://finnhub.io/api/news?id=3a8c38473c77b5932ff08950482ab712b281e6589094436f56d375637113cf61,https://finance.yahoo.com/markets/stocks/articles/top-midday-stories-air-products-153558249.html,Yahoo,2026-06-30T15:35:58Z,2026-06-30T16:15:09.723284Z,140772696,100,failed,timeout,429,jina_reader_markdown,2026-07-02T19:10:16.195235Z,explicit_enrichment_failure
std_39cd33ace7684219afa178bc724a0449,MU,Goldman Highlights American Tower (AMT) Diversification and Data Center Exposure,https://finnhub.io/api/news?id=4f11018a11bccecd64298a84907927374aae8795cf020ce253b0a4a5a7d884f8,https://finance.yahoo.com/markets/stocks/articles/goldman-highlights-american-tower-amt-102646063.html,Yahoo,2026-06-30T10:26:46Z,2026-06-30T12:14:04.026279Z,140771506,321,failed,timeout,429,jina_reader_markdown,2026-07-02T19:10:16.221744Z,explicit_enrichment_failure
std_30ebac51f87941babb379ddc73672b41,MU,Micron: AI Momentum Keeps The Bull Case Intact,https://finnhub.io/api/news?id=595269ab068a72812115901a7e80b5212daa06f267989e0a1411851e06384199,https://seekingalpha.com/article/4918751-micron-ai-momentum-keeps-the-bull-case-intact,SeekingAlpha,2026-06-30T05:37:55Z,2026-06-30T09:50:58.160031Z,140771059,105,failed,timeout,403,jina_reader_markdown,2026-07-02T19:13:54.419436Z,explicit_enrichment_failure
std_23afac4e28864c939ce6c3e3d830d0c1,MU,"Cantor Fitzgerald Maintains Overweight on Micron Technology, Raises Price Target to $2000",https://finnhub.io/api/news?id=c53162d039817dafcad292b15c9eda00e31ac9a073b6c65b13ee43d645b97402,https://www.benzinga.com/news/26/06/60160167/cantor-fitzgerald-maintains-overweight-micron-technology-raises-price-target-2000,Benzinga,2026-06-29T10:44:12Z,2026-06-29T23:51:20.164439Z,140767709,145,failed,timeout,200,jina_reader_markdown,2026-07-02T19:13:54.478625Z,explicit_enrichment_failure
std_c683dfa2914a453199ed977bf1fa315a,MU,Micron Wobbles. Are Memory-Chip Makers Illegally Price-Gouging Customers?,https://finnhub.io/api/news?id=2fca9b159e1f2133962ecc6f2f5cc3fb64b18ce18c9de9db1a4e912fa46a38c3,https://finance.yahoo.com/m/76230e22-cdb7-3a0e-88fe-be00c6019784/micron-wobbles.-are.html,Yahoo,2026-06-29T20:36:48Z,2026-06-29T22:15:08.682675Z,140766726,134,failed,source_summary_only,200,jina_reader_markdown,2026-07-02T20:01:05.809733Z,explicit_enrichment_failure
std_a685bc00fa5640f587885d36b98022ab,MU,"'Samsung, SK hynix, And Micron Sued Over Alleged DRAM Price Fixing Amid Record Memory Costs — Lawsuit Claims Coordinated HBM Shift Was Cover To Curtail DDR3 And DDR4 Production' - Tom's Hardware",https://finnhub.io/api/news?id=ffa93ea5e244d17e19f800f8a9eff931503bd503be4f7911a758e75dd82f5741,https://www.benzinga.com/news/26/06/60155464/samsung-sk-hynix-and-micron-sued-over-alleged-dram-price-fixing-amid-record-memory-costs-lawsuit-cla,Benzinga,2026-06-29T09:25:17Z,2026-06-29T19:42:56.113641Z,140765185,131,failed,timeout,200,jina_reader_markdown,2026-07-02T19:13:54.484891Z,explicit_enrichment_failure
std_bdb931032a5d448d8e4fc8bd306347db,MU,Wall Street Weans Itself From Tech in Early Summer Rotation,https://finnhub.io/api/news?id=f66c6c884b789f473a03696027af6d22db699e2c481b42ef1c86f2f732c3aac2,https://finance.yahoo.com/m/1cdd530b-f77a-303d-8c5c-50744401c0be/wall-street-weans-itself-from.html,Yahoo,2026-06-29T11:41:00Z,2026-06-29T14:15:31.264997Z,140761474,330,failed,timeout,404,jina_reader_markdown,2026-07-02T20:01:05.813744Z,explicit_enrichment_failure
std_3526ebeb7a574667b716e01320195ec2,MU,"Micron Stock Faces $500 Billion Memory Threat From SK Hynix, Samsung",https://finnhub.io/api/news?id=cd438b763e9de5473deb8ba152fdae3b096cf8caa1e8d4cd7bbf1b5d009398d3,https://finance.yahoo.com/m/8db950ea-cd73-3020-a0d6-8ae88c6987a1/micron-stock-faces-$500.html,Yahoo,2026-06-29T12:14:00Z,2026-06-29T14:15:31.238766Z,140761535,133,failed,source_summary_only,200,jina_reader_markdown,2026-07-02T20:01:05.811369Z,explicit_enrichment_failure
std_8a4cb92a6faf49c7b43e5be6b9cd444f,MU,2 Unpopular Stocks That Deserve Some Love and 1 We Avoid,https://finnhub.io/api/news?id=2ed3b70ed6375bc5c5736ba1edd4849aaba302ea20d71ee1c132b6980a557506,https://finance.yahoo.com/markets/stocks/articles/2-unpopular-stocks-deserve-love-104215362.html,Yahoo,2026-06-29T10:42:15Z,2026-06-29T12:14:21.390059Z,140760790,224,failed,timeout,429,jina_reader_markdown,2026-07-02T19:13:54.478992Z,explicit_enrichment_failure
std_8b822bce6c914cc3a003c38c230aef5b,MU,"Jobs, Home Prices, Nike, Constellation, and More to Watch This Week",https://finnhub.io/api/news?id=0d36217483f46901f2ab42c9e08b496bda4f5e8b5906d7c2dabe4877d4ac0ca4,"https://finance.yahoo.com/m/2379ba65-8e8e-33dc-b8a8-83627f36895c/jobs,-home-prices,-nike,.html",Yahoo,2026-06-28T18:00:00Z,2026-06-28T20:12:28.900577Z,140755740,132,failed,source_summary_only,200,jina_reader_markdown,2026-07-02T20:01:05.815475Z,explicit_enrichment_failure
std_202df5dc70f440d18a246bc945ddf96d,MU,"Is Micron Technology, Inc. (MU) Among the Best Semiconductor Stocks to Buy According to Billionaires?",https://finnhub.io/api/news?id=02d966a7ffc2392d975f5135959922a39a1c02be23c268edad8df3aa34d574f8,https://finance.yahoo.com/markets/stocks/articles/micron-technology-inc-mu-among-184446313.html,Yahoo,2026-06-28T18:44:46Z,2026-06-28T20:12:28.825115Z,140755749,387,failed,timeout,429,jina_reader_markdown,2026-07-02T19:13:54.512182Z,explicit_enrichment_failure
std_de71fa0d84804c5abb1deada191af905,MU,The ultimate AI proxy trade isn’t a tech stock—It’s something more humble,https://finnhub.io/api/news?id=bdc2bdeadb335e95059cfb485a3b108ef747490d7a48a049a5fc9278a7321d9b,https://www.thestreet.com/investing/the-ultimate-ai-proxy-trade-isnt-a-tech-stock-its-something-more-humble,Yahoo,2026-06-27T16:47:00Z,2026-06-27T18:11:59.695971Z,140747182,302,failed,empty_extract,200,jina_reader_markdown,2026-07-02T19:24:05.385082Z,explicit_enrichment_failure
std_fa8d8ea192444ff08bd5956514673ba4,MU,Bankers Investment Trust PLC (LSE:BNKR) (Q2 2026) Earnings Call Highlights: Navigating Market ...,https://finnhub.io/api/news?id=65273b6f12d45056ff73d40ab7c659050ff350664bda8a82a3c4f596c140efbc,https://finance.yahoo.com/markets/stocks/articles/bankers-investment-trust-plc-lse-010014141.html,Yahoo,2026-06-27T01:00:14Z,2026-06-27T02:13:29.369123Z,140742338,163,failed,timeout,404,jina_reader_markdown,2026-07-02T20:01:05.817939Z,explicit_enrichment_failure
std_cd18add967c144b8b6d82f2cdfbf5594,MU,"Outlook For AI Chip Sector: The Party Goes On, Bigger Than Ever",https://finnhub.io/api/news?id=0efc050bfe3a3f22e22cdbe23949b1e60f74bbe318de6a5fa781db7cee8eb2d0,https://seekingalpha.com/article/4918179-outlook-for-ai-chip-sector-the-party-goes-on-bigger-than-ever,SeekingAlpha,2026-06-26T19:08:49Z,2026-06-26T23:30:20.694058Z,140741192,148,failed,timeout,403,jina_reader_markdown,2026-07-02T19:24:05.406151Z,explicit_enrichment_failure
std_93f1a85ef47245c682627ecf58019d94,MU,How To Invest: 5 Tips For Dealing With This Stock Market,https://finnhub.io/api/news?id=9ac88fa9f4a5b635fc9f2080ea3b22d301b510a369a5cae66805502fa8407294,https://finance.yahoo.com/m/73e1c37b-07dd-32fa-8dcc-dfd09a497be0/how-to-invest:-5-tips-for.html,Yahoo,2026-06-26T20:04:37Z,2026-06-26T22:13:37.433057Z,140740398,130,failed,timeout,429,jina_reader_markdown,2026-07-02T19:24:05.404563Z,explicit_enrichment_failure
std_8392dee9dbc740b3aceb74de5e8f87c8,MU,Credo: The AI Memory Supercycle Needs More Bandwidth,https://finnhub.io/api/news?id=4eb16a17293b3abce7d9edfd5d3f767e77905ed8ca0ced9a1f4af42199af6c8b,https://seekingalpha.com/article/4918166-credo-the-ai-memory-supercycle-needs-more-bandwidth,SeekingAlpha,2026-06-26T17:14:06Z,2026-06-26T21:30:30.442105Z,140739984,163,failed,timeout,403,jina_reader_markdown,2026-07-02T19:24:05.415178Z,explicit_enrichment_failure
std_aa163c09945047bab27b0694f1209f33,MU,"The Year 2000 Called, And It Wants Its Semiconductor Chart Back",https://finnhub.io/api/news?id=00b97ef46dd1df78bee8689b164f13c8ff74d700b00a53962f58d1c6533fd5c1,https://seekingalpha.com/article/4918126-the-year-2000-called-and-it-wants-its-semiconductor-chart-back,SeekingAlpha,2026-06-26T17:00:00Z,2026-06-26T21:20:58.883247Z,140739884,141,failed,timeout,403,jina_reader_markdown,2026-07-02T19:24:05.417308Z,explicit_enrichment_failure
std_eeb7d18ba72f424e8f0df1218e5a5755,MU,"Moderna, Nvidia, Sandisk, Palantir, ON Semi, and More Stocks That Explain Today’s Market",https://finnhub.io/api/news?id=093aa118cb2ad79fd96ec2971794ddc98a863a844a9ea0656861e49b8af7c81c,"https://finance.yahoo.com/m/c25cca86-c787-3667-8302-bd681912e561/moderna,-nvidia,-sandisk,.html",Yahoo,2026-06-26T16:22:00Z,2026-06-26T18:14:39.385180Z,140737975,258,failed,timeout,404,jina_reader_markdown,2026-07-02T19:24:05.420629Z,explicit_enrichment_failure
std_bf9e0ec5089a498a82caa616957b9a39,MU,"Stock Market Weekly Review: S&P 500, Nasdaq Below 50-Day Line; Micron, Apple In Focus",https://finnhub.io/api/news?id=caf4b503b54fb3472aa112131cf77ab6a60d2e317563b968ddcae65ed65ce4f5,https://finance.yahoo.com/m/277afe3c-68a1-3e8d-b035-73e0e5e237be/stock-market-weekly-review:.html,Yahoo,2026-06-26T14:00:42Z,2026-06-26T16:14:40.239854Z,140736321,142,failed,timeout,429,jina_reader_markdown,2026-07-02T19:24:05.428169Z,explicit_enrichment_failure
std_82963e9d862b4196bb3a6f5160091cd2,MU,Nvidia Stock Keeps Falling as ‘Hot Money’ Heads Elsewhere,https://finnhub.io/api/news?id=7e909cc896da889391c39e0b7d99a3397d28b38ecb43d29337439565d026ca36,https://finance.yahoo.com/m/7c387169-1ad5-3cef-a5f4-de504c3d6c43/nvidia-stock-keeps-falling-as.html,Yahoo,2026-06-26T14:16:00Z,2026-06-26T16:14:40.220670Z,140736395,293,failed,timeout,429,jina_reader_markdown,2026-07-02T19:24:05.427214Z,explicit_enrichment_failure
std_1edf7e6deeca471bb0a709070f9474c6,MU,OpenAI IPO Delay: A Symptom Of A Tech Bubble?,https://finnhub.io/api/news?id=5085a76b59833a38b5fcc12f9829f947a107950246caeed54285d236338cf5a3,https://seekingalpha.com/article/4918051-openai-ipo-delay-a-symptom-of-a-tech-bubble,SeekingAlpha,2026-06-26T10:56:14Z,2026-06-26T15:11:12.087843Z,140735916,149,failed,timeout,403,jina_reader_markdown,2026-07-02T19:24:05.444008Z,explicit_enrichment_failure
std_1d55ccdfa1aa458eafc09246a222d923,MU,"Apple, Microsoft Face Bigger Problems Than Micron’s Memory Prices",https://finnhub.io/api/news?id=1fbd70ec5b9f2ca0b1cc947f451669d5e8df04f22e32b41ec9f97406a27417ab,"https://finance.yahoo.com/m/fb1160fc-8742-36ae-a5f4-07f07888d1e8/apple,-microsoft-face-bigger.html",Yahoo,2026-06-26T12:13:00Z,2026-06-26T14:13:58.236667Z,140735270,140,failed,source_summary_only,200,jina_reader_markdown,2026-07-02T20:01:05.823820Z,explicit_enrichment_failure
std_894ffe5aba85470594d5058ccd2526e8,MU,Stocks Fall Pre-Bell as Tech Weakness Persists,https://finnhub.io/api/news?id=547ef03fb5debcb3f282909d11963e686723e29190348bcbf3d8614bb13667e1,https://finance.yahoo.com/markets/stocks/articles/stocks-fall-pre-bell-tech-114509137.html,Yahoo,2026-06-26T11:45:09Z,2026-06-26T12:13:38.908433Z,140734488,100,failed,timeout,200,jina_reader_markdown,2026-07-02T19:24:05.438324Z,explicit_enrichment_failure
std_65cedb7d5a944c3db43a2cdd5bc0f3c8,MU,Why Micron Technology’s (MU) New York Fab Plan Matters for U.S. AI Memory Capacity,https://finnhub.io/api/news?id=18482ebe2539decb218cc1791f464610c588d8d1b0d2f40a091d64b77bf7f8c5,https://finance.yahoo.com/technology/ai/articles/why-micron-technology-mu-york-160938665.html,Yahoo,2026-06-23T16:09:38Z,2026-06-23T18:14:18.910618Z,140704206,367,failed,timeout,429,jina_reader_markdown,2026-07-02T19:29:22.018579Z,explicit_enrichment_failure
std_faced2a753d0476c9911fd14f30ad064,MU,Memory Stocks Tumble As South Korean Rout Spreads,https://finnhub.io/api/news?id=60eef95b54f0b677edcbcbcb12d39580ec86c805f0dccddd972e2c91e623b859,https://app.moby.co/home/news/news-memory-stocks-tumble-as-south-korean-rout-spreads?utm_source=yahoo_finance&utm_medium=rss&.tsrc=rss,Yahoo,2026-06-23T16:28:07Z,2026-06-23T18:14:18.815724Z,140704202,102,failed,empty_extract,200,empty_extract,2026-07-02T19:29:22.016541Z,explicit_enrichment_failure
std_25c7b2e0f4af4688836456dfe2e05cb1,MU,"Infleqtion, IBM, and Other Quantum Stocks Defy the Tech Selloff",https://finnhub.io/api/news?id=9a4c2f684e5d0bf48b05d8cdb5b3c90e2e3c93361f24f723e7f485bd38ac2f58,"https://finance.yahoo.com/m/8f97a1c6-9608-3cc8-9b7b-615379092f0a/infleqtion,-ibm,-and-other.html",Yahoo,2026-06-23T12:47:00Z,2026-06-23T14:14:34.311101Z,140701359,115,failed,source_summary_only,200,jina_reader_markdown,2026-07-02T20:01:05.825067Z,explicit_enrichment_failure
std_3825ed49157546fd97dcad03ded11ac7,MU,South Korea leveraged ETF crisis sparks global chip selloff,https://finnhub.io/api/news?id=5ef551689a2e3c5891e26372614095be8df9ac130cc7c5d6483daa6fd64ca00a,https://finance.yahoo.com/markets/stocks/articles/south-korea-leveraged-etf-crisis-124927381.html,Yahoo,2026-06-23T12:49:27Z,2026-06-23T14:14:34.284453Z,140701401,500,failed,timeout,429,jina_reader_markdown,2026-07-02T19:29:22.026228Z,explicit_enrichment_failure
std_583549aadfa74648a1fadb219f66f2a2,MU,"The Look Ahead: June 18, 2026",https://finnhub.io/api/news?id=81f9775259180d282f129e63b2a893bf655c4c94b23a782b95e1bd7902d61ced,https://www.cnbc.com/video/2026/06/20/the-look-ahead-june-18-2026.html,CNBC,2026-06-20T00:00:01Z,2026-06-23T09:58:01.436784Z,140679184,80,failed,unsupported_media,200,trafilatura,2026-07-02T20:01:05.845031Z,explicit_enrichment_failure
std_605a36361344420291c8bf902e1e148b,MU,"Micron, FedEx Set To Headline Earnings Next Week",https://finnhub.io/api/news?id=06c6f9361b3967de1d4ab2912a69abb097ab86d649d79a7cb92b70968e3c84fb,https://seekingalpha.com/article/4916158-micron-fedex-set-to-headline-earnings-next-week,SeekingAlpha,2026-06-20T11:00:00Z,2026-06-23T09:58:01.408892Z,140678428,147,failed,http_403,,curl_cffi_trafilatura,2026-06-28T16:51:22.757190Z,explicit_enrichment_failure
std_ef655ebce6d14b53836ce4e17bff00b2,MU,From FAANG to MANGOS — Wall Street is searching for the next 'Magnificent 7': Chart of the Day,https://finnhub.io/api/news?id=006823b1dfb76b129fd3b822f04e56ec450cc895c81c5b2825f3ca6e65aefd9f,https://finance.yahoo.com/markets/article/from-faang-to-mangos--wall-street-is-searching-for-the-next-magnificent-7-chart-of-the-day-112331299.html,Yahoo,2026-06-20T11:23:31Z,2026-06-23T09:58:01.385683Z,140677310,56,failed,http_429,,curl_cffi_trafilatura,2026-06-28T16:51:22.756946Z,explicit_enrichment_failure
std_068e713c26ea41efa1a7de6d8dbdbf7c,MU,"Dow Jones Futures: Iran Closes Strait Of Hormuz; Nvidia Near Buy Point, Watch For This SpaceX Move",https://finnhub.io/api/news?id=b9528065c2716b361d6f7d2ca989d07822773d4ec7a7c490e978891bd896b52d,https://finance.yahoo.com/m/aa0411a1-2ba1-3057-bff9-1381bd5225f7/dow-jones-futures:-iran.html,Yahoo,2026-06-20T15:48:27Z,2026-06-23T09:58:01.357843Z,140678652,163,failed,http_429,,curl_cffi_trafilatura,2026-06-28T16:51:22.756683Z,explicit_enrichment_failure
std_b7b55942270746d38d6887057897e7e0,MU,Where Will Micron Technology Be in 5 Years?,https://finnhub.io/api/news?id=b52519a1cc557d0e7caa4e9967247fead10875d9a43abf837e43f8bd342e9c60,https://www.fool.com/investing/2026/06/20/where-will-micron-technology-be-in-5-years/,Yahoo,2026-06-21T00:43:00Z,2026-06-23T09:58:01.326927Z,140682256,136,failed,http_429,,curl_cffi_trafilatura,2026-06-28T16:51:22.756367Z,explicit_enrichment_failure
std_ea1a07b398064dde9a3248bd64827c45,MU,"Dow Jones Futures: Iran Says Hormuz Closed But New Talks To Start; Nvidia, SpaceX Are Stocks To Watch",https://finnhub.io/api/news?id=ad48eccc18120f1905f0fc3416d7d91b63bdca885c9fc879739ec41018ddc62f,https://finance.yahoo.com/m/aa0411a1-2ba1-3057-bff9-1381bd5225f7/dow-jones-futures:-iran-says.html,Yahoo,2026-06-21T02:38:05Z,2026-06-23T09:58:01.299031Z,140682807,126,failed,http_429,,curl_cffi_trafilatura,2026-06-28T16:51:22.756077Z,explicit_enrichment_failure
std_733f4bf0bcd14ceb90adcad8e82002c4,MU,Micron's Stock May Be Heading For Another Post-Earnings Plunge,https://finnhub.io/api/news?id=156f422d4ae4138ce020c98a52ce3c0f5b07e7c53ef4ec279b432f84b051849f,https://seekingalpha.com/article/4916523-micron-stock-may-be-heading-for-another-post-earnings-plunge,SeekingAlpha,2026-06-21T06:45:00Z,2026-06-23T09:58:01.268677Z,140684076,150,failed,http_403,,curl_cffi_trafilatura,2026-06-28T16:51:22.755809Z,explicit_enrichment_failure
std_5795274712d3463dbe7734a2c94a5486,MU,Wall Street Week Ahead,https://finnhub.io/api/news?id=f7c44453ddb4054c05a4c5a2d9cf01682e8bb797316e673640860f05e731b0f6,https://seekingalpha.com/article/4916536-wall-street-week-ahead,SeekingAlpha,2026-06-21T07:05:39Z,2026-06-23T09:58:01.234977Z,140684136,102,failed,http_403,,curl_cffi_trafilatura,2026-06-28T16:51:22.755536Z,explicit_enrichment_failure
std_8f52429aeff7405a8646ee4126e9f495,MU,TSMC: The Buying Opportunity Is Finally Flashing (Rating Upgrade),https://finnhub.io/api/news?id=0ad4ce0b85a22cc899bf31fa842314b3c6ff6de05fe9a2e7eb585ff42810853a,https://seekingalpha.com/article/4916537-tsmc-buying-opportunity-finally-flashing-rating-upgrade,SeekingAlpha,2026-06-21T09:00:00Z,2026-06-23T09:58:01.206922Z,140684598,75,failed,http_403,,curl_cffi_trafilatura,2026-06-28T16:51:22.755287Z,explicit_enrichment_failure
std_8253a82245ad44bdb3a03531a7d070bd,MU,"Micron Just Crossed $1,000 a Share. Here's the Math on Where It Goes Next.",https://finnhub.io/api/news?id=b98274190b249e4d5c08b329f7a13dee81b780b662a3efd37bbbc8ab31552d42,https://www.fool.com/investing/2026/06/21/micron-just-crossed-1000-a-share-heres-the-math-on/,Yahoo,2026-06-21T12:01:00Z,2026-06-23T09:58:01.094861Z,140684796,101,failed,http_429,,curl_cffi_trafilatura,2026-06-28T16:51:22.753957Z,explicit_enrichment_failure
std_71c41dab515f49f99daa80fd1d997299,MU,Don't Forget About Western Digital Amid Sandisk Euphoria,https://finnhub.io/api/news?id=95884ca1a714410c49ee2295f8e31837630e95923bccb0704944025ee27e7add,https://www.fool.com/investing/2026/06/21/dont-forget-about-western-digital-amid-sandisk-eup/,Yahoo,2026-06-21T15:22:00Z,2026-06-23T09:58:00.960391Z,140685270,111,failed,http_429,,curl_cffi_trafilatura,2026-06-28T16:51:22.751812Z,explicit_enrichment_failure
std_878da1602ca34322a04b45d5f7f3e191,MU,3 AI Tech Stocks That Just Crushed Earnings: Are They Still Buys for the Long Term?,https://finnhub.io/api/news?id=6982cff82d932a0fecaa7d1b5d5d1b7e9b9799cf13200e2f1008b42ca9cd4762,https://www.fool.com/investing/2026/06/21/3-ai-stocks-crushed-earnings-buys-long-term/,Yahoo,2026-06-21T16:05:00Z,2026-06-23T09:58:00.908767Z,140685878,95,failed,http_429,,curl_cffi_trafilatura,2026-06-28T16:51:22.751033Z,explicit_enrichment_failure
std_1412daaadd6e49f1ba3bb4eaed4eaf67,MU,"Inflation Data, FedEx, Micron, KB Home, Darden, and More to Watch This Week",https://finnhub.io/api/news?id=027a30b29085d3dd81aa03f8bc95b244a9816dc0c0f739aef501b4bf987cb1a1,"https://finance.yahoo.com/m/6c2140a9-1da0-3016-912a-aceffed6ed58/inflation-data,-fedex,.html",Yahoo,2026-06-21T18:00:00Z,2026-06-23T09:58:00.882777Z,140686467,147,failed,http_429,,curl_cffi_trafilatura,2026-06-28T16:51:22.750795Z,explicit_enrichment_failure
std_780394626e18444c8446f60b7afe8715,MU,"Micron Q3 earnings, new home sales, Fed's preferred inflation data: What to watch this week",https://finnhub.io/api/news?id=5b439ec64432b6c51d59e5fb6eba749327ac3408a35a8b357f54c0c8dfc62e51,https://finance.yahoo.com/video/micron-q3-earnings-home-sales-200000931.html,Yahoo,2026-06-21T20:00:00Z,2026-06-23T09:58:00.862364Z,140687076,253,failed,http_429,,curl_cffi_trafilatura,2026-06-28T16:51:22.750492Z,explicit_enrichment_failure
std_04c072b8c1f048c5b2c7721f5c42e202,MU,The Entire Micron Investment Thesis Comes Down to This One Number,https://finnhub.io/api/news?id=ab25f99357e768e2fd77476dd51ab3f90cf3f4e7af9dc0e8250e72e8bc434ac6,https://www.fool.com/investing/2026/06/21/the-entire-micron-investment-thesis-comes-down-to/,Yahoo,2026-06-21T20:20:00Z,2026-06-23T09:58:00.833997Z,140687068,147,failed,http_429,,curl_cffi_trafilatura,2026-06-28T16:51:22.750239Z,explicit_enrichment_failure
std_9d1339e04222488b9c32a7e0aaae90da,MU,"MRVL, INTC, MU Stocks Hit 52-Week Highs Last Week: What Fueled The Surge?",https://finnhub.io/api/news?id=987df0ebc6cf214a777e38bf64a177ced26dca502b22c917b515c6206e755854,https://stocktwits.com/news-articles/markets/equity/mrvl-intc-mu-stocks-hit-52-week-highs-last-week-what-fueled-the-surge/cZKthsyR7JD,Yahoo,2026-06-22T01:52:38Z,2026-06-23T09:58:00.810642Z,140688245,124,failed,http_403,,curl_cffi_trafilatura,2026-06-28T16:51:22.749944Z,explicit_enrichment_failure
std_6a181cf39979443cb72a27347f52d01d,MU,Micron Technology (MU) – Among the Top 12 Dividend Stocks to Buy According to Billionaire Cliff Asness,https://finnhub.io/api/news?id=8d7d9be8d9b246aab7452a6680693e6e4dccd3bd1f73a4f2e10b1d364b420541,https://finance.yahoo.com/markets/stocks/articles/micron-technology-mu-among-top-025055442.html,Yahoo,2026-06-22T02:50:55Z,2026-06-23T09:58:00.761849Z,140688769,365,failed,http_429,,curl_cffi_trafilatura,2026-06-28T16:51:22.749202Z,explicit_enrichment_failure
std_702eb49732fa4a9e8d04ca4536100a10,MU,SK Hynix dethrones Samsung Electronics as South Korea's most valuable company,https://finnhub.io/api/news?id=05add22de0525e9b98bec7ab9f50848c7325351ae65124ecce7028c0a5e59f32,https://finance.yahoo.com/markets/stocks/articles/sk-hynix-dethrones-samsung-electronics-040835000.html,Yahoo,2026-06-22T04:08:35Z,2026-06-23T09:58:00.708072Z,140689355,505,failed,http_429,,curl_cffi_trafilatura,2026-06-28T16:51:22.748519Z,explicit_enrichment_failure
std_111c1002a3eb4e43b0d8421017499ff1,MU,S&P 500 Earnings: Micron Technology Reports This Week,https://finnhub.io/api/news?id=02c72dadd2563c216718955974499b99b177ab21ff2dea8429d8406baaabd382,https://seekingalpha.com/article/4916617-sp500-earnings-micron-technology-reports-this-week,SeekingAlpha,2026-06-22T04:20:00Z,2026-06-23T09:58:00.685155Z,140689978,189,failed,http_403,,curl_cffi_trafilatura,2026-06-28T16:51:22.748264Z,explicit_enrichment_failure
std_22d5aad015e34144a5c4ed5d25446f9d,MU,"MU, SNDK, Memory Stocks Buck Market Selloff After Fresh Trump Threats To Iran: Retail Traders Say 'Never Sell, Buy Dips’",https://finnhub.io/api/news?id=772443f271c8469fb9e2216f3a8b7738f12ae4f4c09307236f85acd9b46a34b7,https://stocktwits.com/news-articles/markets/equity/mu-sndk-memory-stocks-buck-market-selloff-after-fresh-trump-threats-to-iran-retail-traders-say-never-sell-buy-dips/cZKtk8kR7B2,Yahoo,2026-06-22T04:55:31Z,2026-06-23T09:58:00.628859Z,140689339,152,failed,http_403,,curl_cffi_trafilatura,2026-06-28T16:51:22.748019Z,explicit_enrichment_failure
std_24c8853f60e34e4fbac9fe7e5847b9ff,MU,Micron (MU) Picks Bechtel For Historic New York Chip Plant Build,https://finnhub.io/api/news?id=b93aaafc25a720488bf898b10bc461347df9bc2cdf10a2f959cda3a2efc67ad6,https://finance.yahoo.com/technology/ai/articles/micron-mu-picks-bechtel-historic-060718744.html,Yahoo,2026-06-22T06:07:18Z,2026-06-23T09:58:00.557480Z,140689856,498,failed,http_429,,curl_cffi_trafilatura,2026-06-28T16:51:22.746972Z,explicit_enrichment_failure
std_88bd19c047f74112b5c0399fd64b33eb,MU,Morning Call Sheet: AI momentum outweighs geopolitical risks for markets,https://finnhub.io/api/news?id=868988156c1681902287fcfce45b30b3ebc076a92388e80ec77e67999249f256,https://www.cnbc.com/video/2026/06/22/morning-call-sheet-ai-momentum-outweighs-geopolitical-risks-for-markets.html,CNBC,2026-06-22T07:58:29Z,2026-06-23T09:58:00.462549Z,140693388,273,failed,unsupported_media,200,trafilatura,2026-07-02T20:01:05.841151Z,explicit_enrichment_failure
std_f1a7f47fa5fd44fbaf40c1b9193fc402,MU,"Nasdaq, S&P 500, Dow Futures Mixed As Hormuz Tensions Ease, China Tightens Export Curbs: Why SPCX, MU, INTC, SLS, MLTX, GETY Are In Focus",https://finnhub.io/api/news?id=9c6a7da04100e88cdefd1373e6721103623e76b0ded20502ce9421dbdd9492af,https://stocktwits.com/news-articles/markets/equity/dow-nasdaq-sp500-futures-iran-relief-china-trade-curbs-mu-spcx-mltx-gety-stocks/cZKtYyxR7Bg,Yahoo,2026-06-22T08:50:48Z,2026-06-23T09:58:00.411199Z,140690288,78,failed,http_403,,curl_cffi_trafilatura,2026-06-28T16:51:22.744911Z,explicit_enrichment_failure
std_8c4cd90d3c294c68af47cf7132a54c24,MU,"DRAM ETF Climbs 3% Premarket: Ahead Of Potential US IPO, SK Hynix Beats Samsung As South Korea’s Most Valuable Company",https://finnhub.io/api/news?id=eaa81e7d42a1f7219fb850fa110ff41b7059fa39ef21ddb6b77b3d7a68844cca,https://stocktwits.com/news-articles/markets/equity/dram-etf-climbs-3-premarket-ahead-of-potential-us-ipo-sk-hynix-beats-samsung-as-south-korea-s-most-valuable-company/cZKtqJeR7BW,Yahoo,2026-06-22T09:00:27Z,2026-06-23T09:58:00.389951Z,140690287,106,failed,http_403,,curl_cffi_trafilatura,2026-06-28T16:51:22.744623Z,explicit_enrichment_failure
std_e3035bfcc76448cfa06567b6307cdbd3,MU,Prediction: Micron Stock Will Skyrocket After June 24,https://finnhub.io/api/news?id=99f8100074771e102c365160adc7b5cc630ba5ec35f6fb523996594941c8eb5a,https://www.fool.com/investing/2026/06/22/prediction-micron-stock-will-skyrocket-after-june/,Yahoo,2026-06-22T09:04:00Z,2026-06-23T09:58:00.319906Z,140690262,91,failed,http_429,,curl_cffi_trafilatura,2026-06-28T16:51:22.743703Z,explicit_enrichment_failure
std_9f0b810fede94b709b09d156ee3c060d,MU,The Software Sell-Off Is Overdone - Here Are My 3 Picks,https://finnhub.io/api/news?id=db1593ec281b047c0ff6062cd89e83105412788278f6f18b786c148dc330a9df,https://seekingalpha.com/article/4916446-the-software-sell-off-is-overdone-here-are-my-3-picks,SeekingAlpha,2026-06-22T09:30:00Z,2026-06-23T09:58:00.270165Z,140691380,153,failed,http_403,,curl_cffi_trafilatura,2026-06-28T16:51:22.742927Z,explicit_enrichment_failure
std_495875db80364af0985fd7c521519f29,MU,"US Equity Investors to Watch Out for Micron Technology's Earnings, PCE Inflation, Iran Peace Talks This Week",https://finnhub.io/api/news?id=119e9a4043c8ea213fed3d68edae0fa80dc6773de7f1987f5ed85dce4efab914,https://finance.yahoo.com/markets/stocks/articles/us-equity-investors-watch-micron-093712823.html,Yahoo,2026-06-22T09:37:12Z,2026-06-23T09:58:00.250184Z,140690285,100,failed,http_429,,curl_cffi_trafilatura,2026-06-28T16:51:22.742686Z,explicit_enrichment_failure
std_7f7b7fbb93014419a6857e0d22c8160f,MU,"Intel, Micron, SpaceX, Apogee Therapeutics, and More Stocks That Explain Today’s Market",https://finnhub.io/api/news?id=e076d65030f34b14c17dd73f00cc95e2c23027a787c64e57f3884d941a6d63b6,"https://finance.yahoo.com/m/d4fe16e6-6515-3a84-a5e3-da4c80fbc6a3/intel,-micron,-spacex,-apogee.html",Yahoo,2026-06-22T09:56:00Z,2026-06-23T09:58:00.224384Z,140690789,114,failed,http_429,,curl_cffi_trafilatura,2026-06-28T16:51:22.742415Z,explicit_enrichment_failure
std_bdc40a8b4baf415bbdd85811ae64bd1f,MU,"Micron earnings, PCE data, gas prices: What to watch this week",https://finnhub.io/api/news?id=8d88561952d8e75ea61bf9763e4f56d7e20a264713adbddfeaca7cf26f1ab776,https://finance.yahoo.com/markets/article/micron-earnings-pce-data-gas-prices-what-to-watch-this-week-100000040.html,Yahoo,2026-06-22T10:00:00Z,2026-06-23T09:58:00.201240Z,140690808,64,failed,http_429,,curl_cffi_trafilatura,2026-06-28T16:51:22.742160Z,explicit_enrichment_failure
std_eeb59e3f97f544599667822047d9d935,MU,Micron Earnings Will Likely Whip Up AI Frenzy. Why That’s Bad for Markets.,https://finnhub.io/api/news?id=7768e2e83a63a226a36cd557ba98a663ea803bf40b2880924a25e7e0b1652dd9,https://finance.yahoo.com/m/41d54d30-1d87-3ec0-8de7-cb2863379618/micron-earnings-will-likely.html,Yahoo,2026-06-22T10:28:00Z,2026-06-23T09:58:00.149783Z,140690807,162,failed,http_429,,curl_cffi_trafilatura,2026-06-28T16:51:22.741404Z,explicit_enrichment_failure
std_254cd2c7196d43bfbe3adee986716123,MU,"Market Open: June 22, 2026",https://finnhub.io/api/news?id=aee1bc97f670fc184771c18182e486ea788c86c554c861793ba440d4b3412e5e,https://www.cnbc.com/video/2026/06/22/market-open-june-22-2026.html,CNBC,2026-06-22T10:31:51Z,2026-06-23T09:58:00.128333Z,140693272,80,failed,unsupported_media,200,trafilatura,2026-07-02T20:01:05.837359Z,explicit_enrichment_failure
std_1d41538ab5bc429bb82981cb96ede7c5,MU,"Social Buzz: Wallstreetbets Stocks Mixed Pre-Bell Monday; Sandisk to Advance, Space Exploration Technologies to Decline",https://finnhub.io/api/news?id=ca59339e636b02c801eba769b17ff9265ce5751fc5dd49f5430670b59f81f258,https://finance.yahoo.com/markets/stocks/articles/social-buzz-wallstreetbets-stocks-mixed-104210780.html,Yahoo,2026-06-22T10:42:10Z,2026-06-23T09:58:00.103125Z,140690757,99,failed,http_429,,curl_cffi_trafilatura,2026-06-28T16:51:22.740859Z,explicit_enrichment_failure
std_3e5d9e79f1dd4226b9f25163b402f2b3,MU,Micron Stock Jumps Again But Analyst Warns Memory Chips Won’t Rise Forever,https://finnhub.io/api/news?id=744732dd99a1cce5d5cf6e6dbacdddd27ab530766ded122dc37352b48093790f,https://finance.yahoo.com/m/c45f3a1f-bfb6-3ee2-ab8e-4136c3d551c9/micron-stock-jumps-again-but.html,Yahoo,2026-06-22T10:49:00Z,2026-06-23T09:58:00.053018Z,140690804,116,failed,http_429,,curl_cffi_trafilatura,2026-06-28T16:51:22.740220Z,explicit_enrichment_failure
std_6990a348c82846f9a399782078f9fea2,MU,Micron: The 4-To-1 Catalyst Is Now A Revenue Supercharger,https://finnhub.io/api/news?id=66d1aebb6e58be6f98080d54dd111ad167ec056ae75e3a0121490380d0d3c2b1,https://seekingalpha.com/article/4916724-micron-the-4-to-1-catalyst-is-now-a-revenue-supercharger,SeekingAlpha,2026-06-22T11:09:32Z,2026-06-23T09:58:00.002902Z,140692190,161,failed,http_403,,curl_cffi_trafilatura,2026-06-28T16:51:22.739518Z,explicit_enrichment_failure
std_05fa18d11db64a80a7480ac9e7f0aaf8,MU,"Persian Gulf Outlook, Oil Prices Steady Wall Street Pre-Bell; Asia Mixed, Europe Off",https://finnhub.io/api/news?id=75247666a316f8e22cfe1c6474587da247a3ac7b336a2964b056faf2336a8b55,https://finance.yahoo.com/markets/commodities/articles/persian-gulf-outlook-oil-prices-111131657.html,Yahoo,2026-06-22T11:11:31Z,2026-06-23T09:57:59.977314Z,140690803,100,failed,http_429,,curl_cffi_trafilatura,2026-06-28T16:51:22.739297Z,explicit_enrichment_failure
std_26efdacb3d0d4aee8209159456a6b262,MU,"Stocks Down Pre-Bell as Traders Assess US-Iran Deal Progress, Await Key Inflation Report",https://finnhub.io/api/news?id=76f4d870d6168be8710ba217b8c508f299b5d71eaffdcd917c7623779aa6ae2c,https://finance.yahoo.com/markets/stocks/articles/stocks-down-pre-bell-traders-112959748.html,Yahoo,2026-06-22T11:29:59Z,2026-06-23T09:57:59.957556Z,140690802,100,failed,http_429,,curl_cffi_trafilatura,2026-06-28T16:51:22.739051Z,explicit_enrichment_failure
std_6420b706d0e94fb49521c395f5ffe9c7,MU,AI Chips Update - AI Drives Next-Level Network Operations Innovation,https://finnhub.io/api/news?id=17d6e3e3ea58a1fd72fa77067436d21e3c6bcf4af37a3cbcc608a0b8edfc1860,https://finance.yahoo.com/technology/ai/articles/ai-chips-ai-drives-next-113752607.html,Yahoo,2026-06-22T11:37:52Z,2026-06-23T09:57:59.909163Z,140690751,492,failed,http_429,,curl_cffi_trafilatura,2026-06-28T16:51:22.738353Z,explicit_enrichment_failure
std_a995da84793d49e3828b09e27caf5139,MU,US Equity Futures Largely Flat Pre-Bell As US-Iran Talks Start in Switzerland,https://finnhub.io/api/news?id=7406fa495d34a76412f54867269b30142a42e92ac1bab6f9cc016121006f9429,https://finance.yahoo.com/markets/stocks/articles/us-equity-futures-largely-flat-115457629.html,Yahoo,2026-06-22T11:54:57Z,2026-06-23T09:57:59.861178Z,140691550,100,failed,http_429,,curl_cffi_trafilatura,2026-06-28T16:51:22.737881Z,explicit_enrichment_failure
std_aab031a97c6a4569904893d02fd36992,MU,QQQ: The AI Business Model Is Likely Collapsing,https://finnhub.io/api/news?id=023ff249fc8ffe182ddb40eb582ce38c9239d6fd45bdef217342357f552d0d55,https://seekingalpha.com/article/4916736-qqq-the-ai-business-model-is-collapsing,SeekingAlpha,2026-06-22T11:56:03Z,2026-06-23T09:57:59.841784Z,140692433,151,failed,http_403,,curl_cffi_trafilatura,2026-06-28T16:51:22.737618Z,explicit_enrichment_failure
std_9d5b1853b78f46c1bb26a5f3056c915a,MU,5 Things to Know Before the Stock Market Opens,https://finnhub.io/api/news?id=f082f173ddaac508b1fa41eda4426082acabffc8a9e233f9d83fae63eb15dd75,https://www.investopedia.com/5-things-to-know-before-the-stock-market-opens-june-22-2026-12003658,Yahoo,2026-06-22T12:08:17Z,2026-06-23T09:57:59.820089Z,140691549,33,failed,http_403,,curl_cffi_trafilatura,2026-06-28T16:51:22.737299Z,explicit_enrichment_failure
std_90a37643afe0468d8dabec75d5e7322b,MU,Micron (MU) Appoints Dr. Alexis Black Björlin to Board of Directors,https://finnhub.io/api/news?id=7d1990625aaeedb3a10594fa3a2df3ea4df18eb3ad79b8758fec739e1279eba0,https://finance.yahoo.com/technology/ai/articles/micron-mu-appoints-dr-alexis-120918909.html,Yahoo,2026-06-22T12:09:18Z,2026-06-23T09:57:59.790532Z,140691548,339,failed,timeout,429,jina_reader_markdown,2026-07-02T19:29:22.067960Z,explicit_enrichment_failure
std_640a1f7a00714b95bdbd3b0f991d52a1,MU,Micron Q3 Earnings Preview: What to Expect From Upcoming Report,https://finnhub.io/api/news?id=7fc286cce61956fcfc317309a1c5c4d009d876b69754339fef56e0b90bffd6d4,https://finance.yahoo.com/markets/stocks/articles/micron-q3-earnings-preview-expect-131951647.html,Yahoo,2026-06-22T13:19:51Z,2026-06-23T09:57:59.455618Z,140691540,69,failed,timeout,429,jina_reader_markdown,2026-07-02T19:29:22.061892Z,explicit_enrichment_failure
std_da9e37dc9d2e4569a77c64f80b75e5ac,MU,"SK Hynix soars to new heights, becomes South Korea's most valuable company",https://finnhub.io/api/news?id=d957a7c97f7c761842f87bd7c99776ea9f4b9cbac92d3d68ebf2dfa7d47e0762,https://finance.yahoo.com/video/sk-hynix-soars-to-new-heights-becomes-south-koreas-most-valuable-company-144802872.html,Yahoo,2026-06-22T14:48:02Z,2026-06-23T09:57:59.215323Z,140692509,244,failed,unsupported_media,200,jina_reader_markdown,2026-07-02T20:01:05.833307Z,explicit_enrichment_failure
std_c498d40c1a4a41828d8a3fd7f33d44d0,MU,Micron Leads AI Trade Higher. Expectations Are Rising Ahead of the Memory Chipmaker's Earnings.,https://finnhub.io/api/news?id=a7603a1dc9393c2587c36cb9f69e70ab466eb3275d0ea3fc68c457a671b81e0e,https://www.investopedia.com/micron-leads-ai-trade-higher-expectations-are-rising-ahead-of-the-memory-chipmaker-earnings-mu-12003674,Yahoo,2026-06-22T15:30:29Z,2026-06-23T09:57:59.142732Z,140693783,114,failed,http_403,403,curl_cffi_trafilatura,2026-07-02T19:29:22.055780Z,explicit_enrichment_failure
std_429b8d0e22244ed0986ac38a4a07998c,MU,Micron shares come to Solana just in time for earnings,https://finnhub.io/api/news?id=0bc9405af984a067843dd8fdf48aa9cd58d7ec119cfbcac3d70b394a0d63ee6b,https://www.thestreet.com/crypto/markets/micron-shares-come-to-solana-just-in-time-for-earnings,Yahoo,2026-06-22T17:00:00Z,2026-06-23T09:57:58.795389Z,140693774,289,failed,timeout,403,jina_reader_markdown,2026-07-02T19:29:22.050868Z,explicit_enrichment_failure
std_17b67049dca34476b616a407f2848206,MU,Micron Earnings Seen Rising 987% Amid AI Megatrend,https://finnhub.io/api/news?id=9519d9c42abfb8e9a796370ff5cc88bff093677761b819e7013156e4b45a927b,https://finance.yahoo.com/m/3e57d44f-b895-3c73-8a2a-8e94c7046d05/micron-earnings-seen-rising.html,Yahoo,2026-06-22T17:46:16Z,2026-06-23T09:57:58.724883Z,140693772,121,failed,source_summary_only,200,jina_reader_markdown,2026-07-02T20:01:05.832396Z,explicit_enrichment_failure
std_a2a47f64a5ea4d66a931877478a21374,MU,Micron Stock Heads for Record Closing High Following Supply Deal with Anthropic,https://finnhub.io/api/news?id=b52308ad232ff9e945d9f2c54aa98023ed1225631e85bc7883f2160159ff3d3b,https://finance.yahoo.com/m/c45f3a1f-bfb6-3ee2-ab8e-4136c3d551c9/micron-stock-heads-for-record.html,Yahoo,2026-06-22T18:35:00Z,2026-06-23T09:57:58.510955Z,140694998,103,failed,timeout,429,jina_reader_markdown,2026-07-02T20:01:05.831373Z,explicit_enrichment_failure
std_8dc1e68a14284640bbe535ddfe4a35ee,MU,"Should You Buy, Hold, or Sell Micron Stock Ahead of Q3 Earnings?",https://finnhub.io/api/news?id=8c263cf33e975b975bd465e8bb81fda37ca4258fcd8ab92b1b5e58a5b85012eb,https://finance.yahoo.com/markets/stocks/articles/buy-hold-sell-micron-stock-190000346.html,Yahoo,2026-06-22T19:00:00Z,2026-06-23T09:57:58.456970Z,140696161,135,failed,timeout,429,jina_reader_markdown,2026-07-02T19:29:22.045439Z,explicit_enrichment_failure
std_ccbbfa12651447f389565011a5a41753,MU,The Best-Performing Dividend ETFs Have a Big AI Bet,https://finnhub.io/api/news?id=d20d999b1478c3685dc602e973486cc841da34d29eee03383894675ce912fe6b,https://finance.yahoo.com/m/f02ba111-6d7d-3f52-8f4b-81b5b04991bf/the-best-performing-dividend.html,Yahoo,2026-06-22T19:16:00Z,2026-06-23T09:57:58.433762Z,140694996,198,failed,source_summary_only,200,jina_reader_markdown,2026-07-02T20:01:05.830090Z,explicit_enrichment_failure
std_c3f80cdd2e6042889565650ef08cf39f,MU,Micron’s Stock Keeps Hitting New Highs. Here’s How Much Traders Expect It Could Move After Earnings,https://finnhub.io/api/news?id=d6fa711df4ddbba3877a77055a8e8f0c42168ea40f72e6396b34cee281709d2c,https://www.investopedia.com/micron-stock-keeps-hitting-new-highs-here-is-how-much-traders-expect-it-could-move-after-earnings-mu-12004077,Yahoo,2026-06-22T20:45:27Z,2026-06-23T09:57:58.183008Z,140696157,171,failed,http_403,403,curl_cffi_trafilatura,2026-07-02T19:29:22.040987Z,explicit_enrichment_failure
std_66e9279d07044652a2a0ca8f76c8ee70,MU,"Dow Jones Futures: Tech Stocks Tumble As SpaceX Plunges; Amazon, Alphabet, Nvidia Sell Off",https://finnhub.io/api/news?id=1ed29dddf604cdae46d801701ecd45101459d1bb7f8061d058b2a14dd327f982,https://finance.yahoo.com/m/f11416f8-c834-35f7-baf0-31b6803875a2/dow-jones-futures:-tech.html,Yahoo,2026-06-22T21:13:48Z,2026-06-23T09:57:58.149961Z,140696083,140,failed,source_summary_only,200,jina_reader_markdown,2026-07-02T20:01:05.828925Z,explicit_enrichment_failure
std_21ac43a835734987b457c3202254fe72,MU,Why Micron (MU) Stock Is Up Today,https://finnhub.io/api/news?id=9789ef42d73536fc000c2ae8e2398494f6eabd730a4113cc1c4b97d921f422a9,https://finance.yahoo.com/markets/stocks/articles/why-micron-mu-stock-today-221119459.html,Yahoo,2026-06-22T22:11:19Z,2026-06-23T09:57:58.049770Z,140697363,205,failed,timeout,429,jina_reader_markdown,2026-07-02T19:29:22.039038Z,explicit_enrichment_failure
std_d8f4f934b66845b3bb5a08328cb0c932,MU,Navellier explains why Micron is better than SpaceX,https://finnhub.io/api/news?id=fc0d4b5c9a75be2cceb43a25156124de8020d51ce6403983b143236146c9599d,https://www.thestreet.com/investing/navellier-explains-why-micron-is-better-than-spacex,Yahoo,2026-06-23T04:13:00Z,2026-06-23T09:57:57.903801Z,140699175,290,failed,source_summary_only,200,jina_reader_markdown,2026-07-02T20:06:29.741166Z,explicit_enrichment_failure
std_ba55eee4afac480a9da30297445b94f4,INTC,How to Profit From Sharp Stock Moves—Up or Down,https://finnhub.io/api/news?id=aee316a2e4ea3b7d7eeed93edcfb5d81217016c50f2f9b7da53db6d63b439f32,,Yahoo,2026-09-09T06:00:00Z,2026-09-09T08:11:50.018898Z,141982179,170,not_recorded,not_attempted_or_no_result,,,,finnhub_summary_only_no_enrichment_result
std_76f726e91cae47038a6fd6544e41dbab,META,"Meta Muse AI Launch: Shopify, Y Combinator CEOs Praise New Tool As Alexandr Wang Touts Major App Integrations",https://finnhub.io/api/news?id=06dbfcae38f7d7892a82c622b88f42ab40132388c4e44e2e88613841b7fad483,,Yahoo,2026-09-09T07:09:51Z,2026-09-09T08:11:03.725203Z,141985685,118,not_recorded,not_attempted_or_no_result,,,,finnhub_summary_only_no_enrichment_result
std_b49ca2b2389d4991b79124cf69f193b2,MU,"SpaceX, Nvidia Lead Schwab Buys As Software Rally Spurs Profit-Taking – Trading Gauge Posts First Dip Since April",https://finnhub.io/api/news?id=f45e9e76d0bcf0ac3ed6f2e6897bd118b798036f26dead34cacd05d37bf181f1,,Yahoo,2026-09-09T05:27:01Z,2026-09-09T06:12:21.705152Z,141970797,97,not_recorded,not_attempted_or_no_result,,,,finnhub_summary_only_no_enrichment_result
std_5ed811bf250b40b6943bffc41e7d7acc,META,"AI Is Splitting the Magnificent Seven Into Winners and Laggards, Says Lo Toney",https://finnhub.io/api/news?id=295d1ca04b1994d29202edb1db6ace19d7653a6722d3e4c8c6e3ade3c63b8dad,,Yahoo,2026-09-09T04:44:50Z,2026-09-09T06:12:18.028974Z,141969102,131,not_recorded,not_attempted_or_no_result,,,,finnhub_summary_only_no_enrichment_result
std_0f3889919f39453eb828cf30d4e240a5,INTC,INTC Stock Slips Overnight: AMD Reaffirms TSMC Ties Amid Intel Foundry Buzz — But Keeps Supplier Options Open,https://finnhub.io/api/news?id=0d1f8be4db92c0789a22133ca5542b7309d1e5bcf12c827c8bfd76a0b7bac735,,Yahoo,2026-09-09T03:45:07Z,2026-09-09T04:12:45.596301Z,141962633,136,not_recorded,not_attempted_or_no_result,,,,finnhub_summary_only_no_enrichment_result
std_13e2c934b4d24a7e823e2017ef144568,META,Meta Unleashes a New AI Weapon. Wall Street Sees Huge Upside for META Stock,https://finnhub.io/api/news?id=e351811b3ca343a47745347b97757eeee20d7841c09d7cfd451fcde193daa108,,Yahoo,2026-09-08T20:29:53Z,2026-09-09T04:12:26.358482Z,141962629,170,not_recorded,not_attempted_or_no_result,,,,finnhub_summary_only_no_enrichment_result
std_da9a4630390a4564b58dcb4edd980c3a,INTC,"Applied Materials, AMD, Broadcom, Lam Research, and Marvell Technology Shares Skyrocket, What You Need To Know",https://finnhub.io/api/news?id=7faead45d0862b2bb97857274399d1789bc228c0e1d23f9985b3f2002a11ca1e,,Yahoo,2026-09-09T01:27:18Z,2026-09-09T02:12:59.258134Z,141960548,500,not_recorded,not_attempted_or_no_result,,,,finnhub_summary_only_no_enrichment_result
std_7b27b9478f7248ab8a61342a45caf418,INTC,"Intel, Amkor, Nova, Qualcomm, and FormFactor Stocks Trade Up, What You Need To Know",https://finnhub.io/api/news?id=a9724375792e41c8f1ed0416c10e23e6effc86b5ff75384f88f11cfbd429a0cc,,Yahoo,2026-09-09T01:43:18Z,2026-09-09T02:12:59.235114Z,141961116,500,not_recorded,not_attempted_or_no_result,,,,finnhub_summary_only_no_enrichment_result
std_6d0574b71ec64aa2a9185680228f6bd6,META,"Meta Platforms Settles Major Lawsuit, Pays $18 Billion",https://finnhub.io/api/news?id=5f31aa1688ce6739aeaf219c3674b3e7415c138734496e4490764e314dc75f56,,Yahoo,2026-09-09T01:00:28Z,2026-09-09T02:12:42.372006Z,141959778,77,not_recorded,not_attempted_or_no_result,,,,finnhub_summary_only_no_enrichment_result
std_5a29422b834c44a9b0bf1af59a3170d3,MU,Can SanDisk Stock Keep Climbing When It Cannot Make Enough To Sell?,https://finnhub.io/api/news?id=d40e448b62837dad5bda9b149908518fbeb8bee3e46b5ba3a845d1fe9c5e000f,,Yahoo,2026-09-08T23:45:58Z,2026-09-09T01:50:45.665902Z,141956493,338,not_recorded,not_attempted_or_no_result,,,,finnhub_summary_only_no_enrichment_result
std_2373ff692b614329b8070ae7f5b5278b,MU,STX Stock: The Math Hidden In Its Price,https://finnhub.io/api/news?id=2ba8234a152bee2685ddbbb6c6d3b901688811cddc9b29da2c95ab7f173aae12,,Yahoo,2026-09-08T23:57:42Z,2026-09-09T01:50:45.644382Z,141957798,188,not_recorded,not_attempted_or_no_result,,,,finnhub_summary_only_no_enrichment_result
std_5beca27eafa24adca110e6f1510a08a3,INTC,"Super Micro Computer Sees AI Demand Driving Growth, Diversification and Cash Flow",https://finnhub.io/api/news?id=e3d378dffaa91888566ba915206aa49f018868ad7cce4aca9c992bce67bb3454,,Yahoo,2026-09-09T01:02:01Z,2026-09-09T01:20:55.400512Z,141959133,298,not_recorded,not_attempted_or_no_result,,,,finnhub_summary_only_no_enrichment_result
std_df10cc5ba016491ebc1907fe4c4a0da6,META,Constellation Energy's Biggest AI Power Deal Doesn't Start Paying Until June 2027,https://finnhub.io/api/news?id=c3f7479f0ef0e61dc2f603c5537982ee47ceb78678bde79027b3c3042d7329dc,,Yahoo,2026-09-08T23:58:01Z,2026-09-09T00:32:47.742405Z,141956366,122,not_recorded,not_attempted_or_no_result,,,,finnhub_summary_only_no_enrichment_result
std_5e17281326b64a4da342b2aef596632c,MU,Micron and Sandisk Face a New China Threat -- 1 Has a Much Bigger Problem,https://finnhub.io/api/news?id=27fae03a53ec2f0398647477746a382cdb2cab20f58afe4aabc05f8300ce2dfc,,Yahoo,2026-09-08T16:00:07Z,2026-09-09T00:19:52.422516Z,141956215,166,not_recorded,not_attempted_or_no_result,,,,finnhub_summary_only_no_enrichment_result
std_27c14f3deac04e929b0aa4d758a1c84c,MU,Druckenmiller Exited Micron and Bought Alphabet. The AI Risks Moved With Him,https://finnhub.io/api/news?id=e840de6c3e3b8f8ad7453a5c1174ae3f5e3348e614cd098f6600218f0452b8ee,,Yahoo,2026-09-08T23:00:42Z,2026-09-09T00:19:52.327860Z,141956207,360,not_recorded,not_attempted_or_no_result,,,,finnhub_summary_only_no_enrichment_result
std_4a9110c8e82e48bdbaeef11ead0a8104,META,Meta Sued Over Crypto Scams,https://finnhub.io/api/news?id=05172f8619ca73ce85162cff565835791c8c50d97e1818cc7ae6c39900aad443,,Yahoo,2026-09-08T20:00:31Z,2026-09-09T00:18:09.835851Z,141956213,146,not_recorded,not_attempted_or_no_result,,,,finnhub_summary_only_no_enrichment_result
std_4d4398246bb44994aaaf763ab1bc2ef3,INTC,Marvell Is Growing Faster And Its Margin Guide Is Standing Still,https://finnhub.io/api/news?id=f40d4a35a446667d8f084ca40e2197e439f8563387629f30ace47e12a71d6d34,,Yahoo,2026-09-08T22:08:48Z,2026-09-09T00:17:20.200861Z,141956196,298,not_recorded,not_attempted_or_no_result,,,,finnhub_summary_only_no_enrichment_result
std_b499c2bff62743bf9462d9f50ec99ef1,INTC,AMKR Stock Gains After-Hours — Amkor Doubles Down On US Chip Manufacturing With $12B Arizona Campus Expansion,https://finnhub.io/api/news?id=b51d30b25dccee7414e606f2c9facd77b2ba9b2c83e4af4d091cc731d8484c21,,Yahoo,2026-09-08T23:42:07Z,2026-09-09T00:17:20.174186Z,141956226,129,not_recorded,not_attempted_or_no_result,,,,finnhub_summary_only_no_enrichment_result
std_7fc1c60c107742fb838c1606bd618720,INTC,Nancy Pelosi Bought the Dip on Bloom Energy Stock: Gains are 7x Congressional Salary in Two Months,https://finnhub.io/api/news?id=7610ec2a6858658c3b6c5a7b5faa056f50e221535188a60ba91392e2ba430675,,Benzinga,2026-09-08T16:11:57Z,2026-09-08T23:01:34.479596Z,141955797,78,not_recorded,not_attempted_or_no_result,,,,finnhub_summary_only_no_enrichment_result
std_fdf4f92fc56f41cf88e42de4896dd544,MU,Micron: Left In The Dirt As Peers Continue To Outperform It,https://finnhub.io/api/news?id=f4c1afef57943d5dfa47786abf3bcc03662192d20752c539253e67174cb50b18,,SeekingAlpha,2026-09-08T18:21:44Z,2026-09-08T22:40:01.856605Z,141955574,126,not_recorded,not_attempted_or_no_result,,,,finnhub_summary_only_no_enrichment_result
std_0557d5fed455444db4250e3b0c57a5f0,MU,Thinking of Buying Micron Stock Now? Here's 1 Green Flag and 1 Red Flag.,https://finnhub.io/api/news?id=f19ff9cc5d1c016329b626a5d120cd84c64374d18d22accf5c3b072231faf995,,Yahoo,2026-09-08T19:50:00Z,2026-09-08T22:14:34.167674Z,141955052,132,not_recorded,not_attempted_or_no_result,,,,finnhub_summary_only_no_enrichment_result
std_847f94e20f064ea69daf19263f1e81a4,MU,Goldman Says the Worst May Be Over for Micron and SanDisk,https://finnhub.io/api/news?id=978c5ad7fb30ebe61cedfa75169d8e1c7be1f3564078c6ea56e8d36a0832a2d2,,Yahoo,2026-09-08T21:31:51Z,2026-09-08T22:14:34.130275Z,141955051,125,not_recorded,not_attempted_or_no_result,,,,finnhub_summary_only_no_enrichment_result
std_ca713bc9e9904401a62fa796712273a5,MU,Micron and Sandisk Soar as Goldman Sees New Memory Stock Rally,https://finnhub.io/api/news?id=d25a76745ee3c6e6a5a63128880017b026becb8db6e54b1b2af14f6030e27c10,,Yahoo,2026-09-08T21:33:48Z,2026-09-08T22:14:34.101507Z,141955050,73,not_recorded,not_attempted_or_no_result,,,,finnhub_summary_only_no_enrichment_result
std_46458d2afc6b4b1c943d0e3561bd3979,MU,Micron (MU) Falls More Steeply Than Broader Market: What Investors Need to Know,https://finnhub.io/api/news?id=7331dd1d522511618aaef8ef85c9a8837a56e2d2cc0e1a4e32474fe9b0067faf,,Yahoo,2026-09-08T21:45:07Z,2026-09-08T22:14:34.062399Z,141955049,108,not_recorded,not_attempted_or_no_result,,,,finnhub_summary_only_no_enrichment_result
std_7a27f7bc400842cc997a3153d63c2ef1,META,The Unusual Cash Offer Sitting In TTD Stock,https://finnhub.io/api/news?id=e625189bc9fae1182705a511b6545e48ddaf12f02058e548eddd9d38d7c12662,,Yahoo,2026-09-08T20:11:30Z,2026-09-08T22:14:12.167846Z,141955025,166,not_recorded,not_attempted_or_no_result,,,,finnhub_summary_only_no_enrichment_result
std_5e54c520df1e44fdac3f4239d27344cb,META,AMD Reveals AI Numbers That Sent Its Stock Soaring,https://finnhub.io/api/news?id=ec7cc1818978bad99345c01dfea2ef676f33f43a28cac6c5bf211eb5676ae5e9,,Yahoo,2026-09-08T20:48:36Z,2026-09-08T22:14:12.143444Z,141955045,77,not_recorded,not_attempted_or_no_result,,,,finnhub_summary_only_no_enrichment_result
std_5992ea46530745a18b4877645c590f30,META,Meta Launches Simple-To-Use Muse Personal AI Agent,https://finnhub.io/api/news?id=396be105faf7e848966dd983608f23fa40642f7281b60c0dfdb7dde7adaa1d2b,,Yahoo,2026-09-08T20:53:32Z,2026-09-08T22:14:12.112468Z,141955047,335,not_recorded,not_attempted_or_no_result,,,,finnhub_summary_only_no_enrichment_result
std_2b0efa3ffde64723a605bb98ca66bf27,META,AMD Guides to $70 Billion of 2027 Data Center Revenue,https://finnhub.io/api/news?id=cfc6cf7db8086ed621155f91ed042f19b6b67753f986ed4c43d3283cf8f2aa82,,Yahoo,2026-09-08T21:11:35Z,2026-09-08T22:14:12.089667Z,141955046,58,not_recorded,not_attempted_or_no_result,,,,finnhub_summary_only_no_enrichment_result
std_74f44140ecac4decaa7fdaf9b752674b,META,Why AMD Stock Popped Today?,https://finnhub.io/api/news?id=781ed3e2dcedccb92e1ecbcaa06a0d54cb142fde26d777f8553ea817c4d7ad14,,Yahoo,2026-09-08T21:20:23Z,2026-09-08T22:14:12.059807Z,141955044,50,not_recorded,not_attempted_or_no_result,,,,finnhub_summary_only_no_enrichment_result
std_974c445622e04b8da7ce1373712e8c89,INTC,US Equity Markets End Lower After Houthi Attack on Saudi Arabia Energy Facilities,https://finnhub.io/api/news?id=55b2affc0119aa1d496eb09ecc9194e5a6878fe9c60d15eaad4a9f64ca4fe032,,Yahoo,2026-09-08T20:15:08Z,2026-09-08T22:13:18.953274Z,141955090,100,not_recorded,not_attempted_or_no_result,,,,finnhub_summary_only_no_enrichment_result
std_b72a6a9679b64ec79ce3626674233712,INTC,"AMD, Amgen, Novartis, Qualcomn, Corning, and More Stocks That Explain Today’s Market",https://finnhub.io/api/news?id=d2230444116caaee267ba7fa13217fd189e5ab1e2ca883b2705ce76e6663f6e2,,Yahoo,2026-09-08T20:21:00Z,2026-09-08T22:13:18.926020Z,141955006,275,not_recorded,not_attempted_or_no_result,,,,finnhub_summary_only_no_enrichment_result
std_2410f07fa7494376940f08cb0899596c,INTC,"An AI chip machine so pricey, three rivals had to say yes",https://finnhub.io/api/news?id=86c6034c3337e62fd54389d89f1abc9b6b2a33d45b2613162e826f95ba23c736,,Yahoo,2026-09-08T20:33:00Z,2026-09-08T22:13:18.902074Z,141955091,113,not_recorded,not_attempted_or_no_result,,,,finnhub_summary_only_no_enrichment_result
std_e08fdaf099894c169930227809d0524e,INTC,"Intel Leads Chip Stocks Rally as Qualcomm, AMD and Broadcom Stocks Jump",https://finnhub.io/api/news?id=d739d186225075e9056a68cc4ae547229f640d03a5923e585c062ac070f8f2e0,,Yahoo,2026-09-08T20:49:45Z,2026-09-08T22:13:18.876666Z,141955024,73,not_recorded,not_attempted_or_no_result,,,,finnhub_summary_only_no_enrichment_result
std_c84ab88fcaec47f58d0c736b8d780552,INTC,Bank of America Sees ASML Stock's Next Big AI Trigger,https://finnhub.io/api/news?id=867048b2be5890cee2758a5efcb8bb39971374c4bed31b8422108d97fc8aebe7,,Yahoo,2026-09-08T20:54:58Z,2026-09-08T22:13:18.856234Z,141955089,55,not_recorded,not_attempted_or_no_result,,,,finnhub_summary_only_no_enrichment_result
std_580c36f8c443403f8fa06b456dcf7840,INTC,"Stock Market Today, Sept. 8: Stocks Slide Amid Surging Oil Prices, Persistent Geopolotical Tenisons",https://finnhub.io/api/news?id=d2ea5b0f59e05f25075d247e66ad40d0621c6259bf2187fa7fcca4a520fefbfc,,Yahoo,2026-09-08T21:36:26Z,2026-09-08T22:13:18.836258Z,141955086,119,not_recorded,not_attempted_or_no_result,,,,finnhub_summary_only_no_enrichment_result
std_8d1a60852f3646fa8a1b3fae593c580d,MU,Micron Price Targets Are Rising - Bull Put Credit Spreads in MU Are Attractive for Investors with Limited Funds,https://finnhub.io/api/news?id=3684c202ad2ad7fc3dc96d7f8ac2aaaee96b090a5cf76d6999984c69cfdc5a41,,Yahoo,2026-09-08T13:15:01Z,2026-09-08T20:13:57.303571Z,141953721,205,not_recorded,not_attempted_or_no_result,,,,finnhub_summary_only_no_enrichment_result
std_5a3d50dbc9494244864f6103e0a92148,INTC,Intel Hits 1 Million-Wafer Milestone With ASML’s Next-Gen Chip Technology,https://finnhub.io/api/news?id=60d18db57bb66fc05e6ae106de50d46528265c681053aed36185927f886ea19d,,Benzinga,2026-09-08T05:39:47Z,2026-09-08T20:13:01.347265Z,141953884,129,not_recorded,not_attempted_or_no_result,,,,finnhub_summary_only_no_enrichment_result
std_a27a32082c2b4deb968f75a8cd88783c,INTC,"Northland Capital Markets Upgrades Intel to Outperform, Announces $120 Price Target",https://finnhub.io/api/news?id=5528e086718a354b4176c6d7d0d8126f43b83e55f47ad9a044713d816538f52c,,Benzinga,2026-09-08T11:25:00Z,2026-09-08T20:13:01.264293Z,141953880,144,not_recorded,not_attempted_or_no_result,,,,finnhub_summary_only_no_enrichment_result
std_87de03ee1ff548d98e84ce7db5543f33,INTC,"Amgen, Novartis, Qualcomn, Corning, Lumentum, and More Stocks That Explain Today’s Market",https://finnhub.io/api/news?id=93d5ffbc590b2c7809629c42dcbb93b3f18193a0a67df60a540b0b3e988ba933,,Yahoo,2026-09-08T16:49:00Z,2026-09-08T20:13:00.882457Z,141953265,355,not_recorded,not_attempted_or_no_result,,,,finnhub_summary_only_no_enrichment_result
std_bd994ad7062c485482b0dc79be83e0d7,MU,SK hynix Vs. Micron: 'This Time Is Different',https://finnhub.io/api/news?id=acd123bfa33c7782f3bdbf5912fc133ab071051ff421a60218a35654c6cb17ed,,SeekingAlpha,2026-09-08T14:32:58Z,2026-09-08T18:50:13.613186Z,141953090,163,not_recorded,not_attempted_or_no_result,,,,finnhub_summary_only_no_enrichment_result
std_1e6f2010cdcd4c49a2d872984e20f776,META,Why Is Oracle Stock Surging on Tuesday?,https://finnhub.io/api/news?id=678f91924082a6999314491b9a1fbb3e87614f8a0cf9bbcd677557b986516360,,Benzinga,2026-09-08T07:55:45Z,2026-09-08T18:42:42.958048Z,141953042,148,not_recorded,not_attempted_or_no_result,,,,finnhub_summary_only_no_enrichment_result
std_4c29c7856a3e453886494030ee7845b1,META,"How To Trade SPY, QQQ, AAPL, MSFT, NVDA, GOOGL, META, And TSLA",https://finnhub.io/api/news?id=f4d59c0083c7ea507a9092ca7edb64dd55c07e128db6f3b6c668c8acd344e5f2,,Benzinga,2026-09-08T10:57:11Z,2026-09-08T18:42:42.889627Z,141953041,207,not_recorded,not_attempted_or_no_result,,,,finnhub_summary_only_no_enrichment_result
std_48a8f59f421243089758f307c65a9afd,META,"Microsoft Breaks Out Azure Sales at $100 Billion Annualized Pace, Reorganizes AI Segments",https://finnhub.io/api/news?id=3fc754d5688f1e120ace874e0cd06cc46d4993535d5119108ef0106a30c1398f,,Benzinga,2026-09-08T12:30:30Z,2026-09-08T18:42:42.834192Z,141953038,161,not_recorded,not_attempted_or_no_result,,,,finnhub_summary_only_no_enrichment_result
std_666406ac3e154285af80fc6cd48e998a,META,9 Communication Services Stocks With Whale Alerts In Today’s Session,https://finnhub.io/api/news?id=0e851fb0678c22874b693c1b5c78e5f1d5b8925b62715f9107170db92bc63e28,,Benzinga,2026-09-08T13:35:21Z,2026-09-08T18:42:42.714783Z,141952983,219,not_recorded,not_attempted_or_no_result,,,,finnhub_summary_only_no_enrichment_result
std_bfc36348e0654e66a7a45aec3cc08b65,META,"Does Michael Burry Have It Wrong? Nvidia Chips Retain Value, Data Shows",https://finnhub.io/api/news?id=149d4b0678ce4cd66dd7f1777de0b7f56e0e77c5c9722dac505869ee107bdea5,,Benzinga,2026-09-08T13:49:57Z,2026-09-08T18:42:42.682859Z,141953036,129,not_recorded,not_attempted_or_no_result,,,,finnhub_summary_only_no_enrichment_result
std_b4716c5009824eb88e0ba64c6c6d1a4d,INTC,Curious about the most active stocks on Tuesday?,https://finnhub.io/api/news?id=e7ff2c19b1ea0dd0b5fc7c743285265a03298aa5dceb13fe5ea04cab8325a641,,ChartMill,2026-09-08T18:00:00Z,2026-09-08T18:30:59.627923Z,141952859,93,not_recorded,not_attempted_or_no_result,,,,finnhub_summary_only_no_enrichment_result
std_2af9fc9decc5462890bacd3e86e75ec8,INTC,Which S&P500 stocks are the most active on Tuesday?,https://finnhub.io/api/news?id=71df634472679672cbba113b47bdb93092bfd0fa038e96e7e1e616b1bf5b7146,,ChartMill,2026-09-08T18:05:00Z,2026-09-08T18:30:59.600665Z,141952860,180,not_recorded,not_attempted_or_no_result,,,,finnhub_summary_only_no_enrichment_result
std_47c59485ca9a4a048f246cdc23354f9a,INTC,Why Intel Stock Rallied Tuesday Morning,https://finnhub.io/api/news?id=4d1acd96f6ba4a20eb3c1087ffe2e6d8f568490b88fa6ce59b55c9c7b530394b,,Yahoo,2026-09-08T15:49:06Z,2026-09-08T18:13:48.791495Z,141952585,95,not_recorded,not_attempted_or_no_result,,,,finnhub_summary_only_no_enrichment_result
std_04f4970e98df4a31bd2d60d2f20e88cc,INTC,"Intel Could Be Set to Raise Prices, Again. The Stock Is Soaring",https://finnhub.io/api/news?id=8174041e58ed17f1f2a83df4c0f790234b2b9ae903a7c1c5a8476e7e71aa5338,,Yahoo,2026-09-08T15:51:24Z,2026-09-08T18:13:48.757689Z,141952536,82,not_recorded,not_attempted_or_no_result,,,,finnhub_summary_only_no_enrichment_result
std_037aecbade1a4ff784ac4526f70a8ba3,INTC,"Intel Stock Jumps 9% on Chip Price Hike Report, US Stake Gains $36 Billion",https://finnhub.io/api/news?id=7a7dccfcb5e2dba618b1c4ca291dd288263192e5047856d67ebfe573b1bce7c0,,Yahoo,2026-09-08T16:30:52Z,2026-09-08T18:13:48.734921Z,141952583,111,not_recorded,not_attempted_or_no_result,,,,finnhub_summary_only_no_enrichment_result
std_b43a276bb9ae4d748ddcec8d3d38a956,INTC,Intel's 8% Jump Adds $39 Billion as High-NA Hits One Million Wafers,https://finnhub.io/api/news?id=a77db47e359501e979046b037c3b9febb8cef5c05e400e75c8a25bfefd565d12,,Yahoo,2026-09-08T16:55:30Z,2026-09-08T18:13:48.698612Z,141952582,88,not_recorded,not_attempted_or_no_result,,,,finnhub_summary_only_no_enrichment_result
std_d4246f019c5146ebbe51d2d6b5e65b5b,INTC,ASML Shares Jump on Breakthrough Chipmaking Plans With Intel and TSMC,https://finnhub.io/api/news?id=7066cafcc8b9ffd94892889f8da79f44dbb6ce5922b821575d362fcd1597c671,,Yahoo,2026-09-08T17:00:37Z,2026-09-08T18:13:48.567628Z,141952581,67,not_recorded,not_attempted_or_no_result,,,,finnhub_summary_only_no_enrichment_result
std_497cf2eb0c234ea887f1b916536e4cb8,INTC,Intel Jumps 10% as Analyst Says Musk’s Terafab Could Give Foundry Much-Needed Scale,https://finnhub.io/api/news?id=9c7e82266bc6ad69c7605e2126c4697789fcaef6c311ddd66b6f32e5e8b554b2,,Yahoo,2026-09-08T17:08:31Z,2026-09-08T18:13:48.539168Z,141952552,287,not_recorded,not_attempted_or_no_result,,,,finnhub_summary_only_no_enrichment_result
std_281ce0ad17f74a8ea08608f991dc52a1,INTC,Intel Stock Rises 5% on Reported 10% CPU Price Increase,https://finnhub.io/api/news?id=db98c25e36e279048aa8a9c8442b601479276a9a03e75e3226179c2cebd523e1,,Yahoo,2026-09-08T17:21:48Z,2026-09-08T18:13:48.513398Z,141952579,76,not_recorded,not_attempted_or_no_result,,,,finnhub_summary_only_no_enrichment_result
std_6466869f08e0493bb9192db7de4db479,INTC,Intel planning another 10% PC chip price hike in October,https://finnhub.io/api/news?id=555b70798b3a3016ddfc21cf8f2b889633d748e93c15f475fc337b756590d69f,,Yahoo,2026-09-08T17:22:57Z,2026-09-08T18:13:48.486213Z,141952578,95,not_recorded,not_attempted_or_no_result,,,,finnhub_summary_only_no_enrichment_result
std_5e70382feae64f648cb6bbd3a8cbbc4a,INTC,Intel Stock Jumps on Major Analyst Upgrade,https://finnhub.io/api/news?id=49a3447dff7403c9eca797433ba74d6f3d682c62f57a8bcc013d2782d463f1f3,,Yahoo,2026-09-08T17:26:36Z,2026-09-08T18:13:48.464940Z,141952548,69,not_recorded,not_attempted_or_no_result,,,,finnhub_summary_only_no_enrichment_result
std_a326598ef066463b9eaebce386e6d633,INTC,Top Midday Gainers,https://finnhub.io/api/news?id=0847765489fd164b7ba68471321ee4879f1e66ee636697799778159c6a302678,,Yahoo,2026-09-08T17:27:47Z,2026-09-08T18:13:48.441274Z,141952587,100,not_recorded,not_attempted_or_no_result,,,,finnhub_summary_only_no_enrichment_result
std_85c740167b6b43868eeca035be3fd562,INTC,Sector Update: Tech Stocks Gain Tuesday Afternoon,https://finnhub.io/api/news?id=36fcd8baf08f803b3dfd780713c80799ffe2fc5d5abc3464db5d761d1a0c9975,,Yahoo,2026-09-08T17:41:46Z,2026-09-08T18:13:48.417908Z,141952526,100,not_recorded,not_attempted_or_no_result,,,,finnhub_summary_only_no_enrichment_result
std_4f296f3b3dff40148272a1d0e022fa29,MU,Dr. Copper Says the AI Boom Is Spreading Through the Real Economy,https://finnhub.io/api/news?id=5e39419c5a91f3226d36b019d8e3b671c73990e68eb2932b7a1fc983b554fd8f,,Yahoo,2026-09-08T14:26:42Z,2026-09-08T18:13:16.864599Z,141952545,238,not_recorded,not_attempted_or_no_result,,,,finnhub_summary_only_no_enrichment_result
std_cd9ee2ce6a6743b78bc660b3bb7a371a,INTC,"S&P 500, Nasdaq Slip as $98 Brent Reignites Inflation Fears: Stock Market Today",https://finnhub.io/api/news?id=8a08431f98f3c0ced87a42b6ba908de51fc05a9b6d1925de869901f1a4b29dab,,Benzinga,2026-09-08T13:13:16Z,2026-09-08T17:42:17.469601Z,141952366,152,not_recorded,not_attempted_or_no_result,,,,finnhub_summary_only_no_enrichment_result
std_dc94fa9bb8bc42e9b98b7b4da532f98f,META,"Netflix Faces South Africa Price Probe, Putting Stock Under Pressure",https://finnhub.io/api/news?id=ab7b1d25304f047d3b19ae983dd06c614335f4fadd864efbd4af73e6b6050476,,Benzinga,2026-09-08T12:02:10Z,2026-09-08T17:41:50.151438Z,141952298,156,not_recorded,not_attempted_or_no_result,,,,finnhub_summary_only_no_enrichment_result
std_967cd09771d0423b98614a2985bc729e,INTC,These S&P500 stocks are moving in today's session,https://finnhub.io/api/news?id=4f341f3695cce0e1c75c9e82065703aa89431c0b92533b280737ef8d0233cb27,,ChartMill,2026-09-08T16:35:01Z,2026-09-08T17:12:17.132423Z,141952072,139,not_recorded,not_attempted_or_no_result,,,,finnhub_summary_only_no_enrichment_result
std_1f9c8acf3ba44b5b9a2ea0531fedc145,MU,What's Going On With SK Hynix Stock Tuesday?,https://finnhub.io/api/news?id=c2c3ca5a987530d8bf27cfec984c302467cb28fe3ddbfccee93dbcff868e947b,,Benzinga,2026-09-08T08:14:01Z,2026-09-08T16:36:56.643841Z,141951895,130,not_recorded,not_attempted_or_no_result,,,,finnhub_summary_only_no_enrichment_result
std_846957ec8b26467ca93b93543e4f72e9,MU,What's Going On With Sandisk Stock Tuesday?,https://finnhub.io/api/news?id=bea74bc7c3d68e8b3afaae36da8f3332e072702858314407019af5f31ebe990a,,Benzinga,2026-09-08T09:30:04Z,2026-09-08T16:36:56.603283Z,141951894,127,not_recorded,not_attempted_or_no_result,,,,finnhub_summary_only_no_enrichment_result
std_bd6c7dbd07454236bee9f59375a28aad,MU,"Undercovered Dozen: Blue Owl Capital, Archer Aviation, Apollo Commercial And More",https://finnhub.io/api/news?id=de09e4799f3fda798f7ed715ea53922ada9dbb0dba237b9a9b575adfdd404cb3,,SeekingAlpha,2026-09-08T12:03:28Z,2026-09-08T16:36:56.530123Z,141951511,103,not_recorded,not_attempted_or_no_result,,,,finnhub_summary_only_no_enrichment_result
std_278eb7e04d494407bbb8ea968e6ffc42,META,Big Tech's AI Buildout Comes With A Bill Taxpayers Are Paying,https://finnhub.io/api/news?id=30ad89cd54c429c989984c73919039472be7a7df19bf20b2b1dc9ff86c6c6af6,,Benzinga,2026-09-08T11:18:05Z,2026-09-08T16:35:24.967982Z,141951950,218,not_recorded,not_attempted_or_no_result,,,,finnhub_summary_only_no_enrichment_result
std_2b3259d930184d1bb864b3866f29d910,INTC,Wall Street Lunch: Nvidia's Huang Declares 'AGI Has Arrived' After OpenAI's GPT-6 Astra Launch,https://finnhub.io/api/news?id=69f3b6fbb1513ba769ae191f223e0e60a0f4592dfd5eeba87a2ebb11815f98b5,,SeekingAlpha,2026-09-08T12:17:00Z,2026-09-08T16:34:35.474692Z,141951824,150,not_recorded,not_attempted_or_no_result,,,,finnhub_summary_only_no_enrichment_result
std_b44641e3805443c0a00e5c42dd42a87d,MU,"Why SNDK, DELL, PANW Stocks Are Rallying Overnight Ahead Of Fresh Trading Week",https://finnhub.io/api/news?id=889d363f9ddd7bf0515c085d5fb76224118d6b035c0ebeb8144264c1fc8f4d55,,Yahoo,2026-09-08T02:03:01Z,2026-09-08T16:17:27.541967Z,141776113,95,not_recorded,not_attempted_or_no_result,,,,finnhub_summary_only_no_enrichment_result
std_2b82870519d747f9b184802a13fac155,MU,"Dow, S&P 500 Futures Decline Amid Rising Oil Prices As Iran War Escalates: MU, ORCL, INTC, BE Stocks In Focus",https://finnhub.io/api/news?id=bf8be819f932c8de42602a5c607dc76fc75fa3186311170e8e38ffeafe8fd318,,Yahoo,2026-09-08T02:19:20Z,2026-09-08T16:17:27.507510Z,141802509,190,not_recorded,not_attempted_or_no_result,,,,finnhub_summary_only_no_enrichment_result
std_ef348a142368451086fdee8c2fc22635,MU,AI Memory Crunch Is About to Hit ‘10 Out of 10’ Craziness,https://finnhub.io/api/news?id=e738ade16054926671efeee8a692c12a7787b378def85470586a2606996a0be0,,Yahoo,2026-09-08T09:45:13Z,2026-09-08T16:17:27.445490Z,141949930,306,not_recorded,not_attempted_or_no_result,,,,finnhub_summary_only_no_enrichment_result
std_240173aa56a54d1da2d44064abb321db,MU,Micron vs. Sandisk: 1 Artificial Intelligence (AI) Memory Winner Is Down 20% and Clearly the Superior Buy Today,https://finnhub.io/api/news?id=df9407e0a8dffe9ecf7bc29c65174d27dbdc17d6666131b99fb96e092bed7c3d,,Yahoo,2026-09-08T11:30:00Z,2026-09-08T16:17:27.402550Z,141939994,42,not_recorded,not_attempted_or_no_result,,,,finnhub_summary_only_no_enrichment_result
std_f2ef7db48eed483fa6f1f12fbc6b98d5,MU,"Goldman Spots Breakout Signal for Micron, SanDisk Stocks",https://finnhub.io/api/news?id=8595f7af5b323f24a4e37de1945d4cb4b8902ec006c5d9c2d7d0991b3d1fa71a,,Yahoo,2026-09-08T12:25:50Z,2026-09-08T16:17:27.377199Z,141949923,60,not_recorded,not_attempted_or_no_result,,,,finnhub_summary_only_no_enrichment_result
std_dd5f0101b2434635a7ba964814c4c057,MU,Why Micron Technology Stock Surged 16.5% Last Month,https://finnhub.io/api/news?id=b7116f941615072d4c8764a7acc7e38d01b0492493be2d18a956040476ead78a,,Yahoo,2026-09-08T12:33:04Z,2026-09-08T16:17:27.336519Z,141949922,117,not_recorded,not_attempted_or_no_result,,,,finnhub_summary_only_no_enrichment_result
std_4f5d350d95dc40c5ae01bc9c3a2e8ef4,MU,Billionaire David Tepper Just Bought These 2 Artificial Intelligence (AI) Stocks That Wall Street Thinks Could Soar by 50% or More,https://finnhub.io/api/news?id=992293df6958c1eafa2e71dd4756feba6d4174d515caa4cc316126c89a8ae390,,Yahoo,2026-09-08T12:50:01Z,2026-09-08T16:17:27.306681Z,141949865,63,not_recorded,not_attempted_or_no_result,,,,finnhub_summary_only_no_enrichment_result
std_add6e8a84b8f436d9af4f8707206e875,MU,"Oracle, Adobe, Micron, Alphabet and Nvidia are part of Zacks Earnings Preview",https://finnhub.io/api/news?id=6b169f4ffab59e651a9473f00890c2f672105f2cba845f4aa091bcae33a643f0,,Yahoo,2026-09-08T13:28:00Z,2026-09-08T16:17:27.277701Z,141949862,135,not_recorded,not_attempted_or_no_result,,,,finnhub_summary_only_no_enrichment_result
std_d5102df225a14e58afcd141a93277aa6,MU,Buy 5 High ROE Stocks as Rate Hike Fears Keep Markets at Bay,https://finnhub.io/api/news?id=5cfdefe0e67b47b9ed36a433c85c8dc3477691ff6b8b46109eef063e6b0f5e61,,Yahoo,2026-09-08T13:57:00Z,2026-09-08T16:17:27.249615Z,141949936,111,not_recorded,not_attempted_or_no_result,,,,finnhub_summary_only_no_enrichment_result
std_19287da3eb054b079bb419867692e01a,MU,Micron Technology (MU) Rose on Elevated Demand for High-Bandwidth Memory,https://finnhub.io/api/news?id=b2312f63d192782390b1bea922dad6a2a176324c4ae54d5d3120c841aa8c1bf5,,Yahoo,2026-09-08T14:32:54Z,2026-09-08T16:17:27.220727Z,141949921,359,not_recorded,not_attempted_or_no_result,,,,finnhub_summary_only_no_enrichment_result
std_570b6af3946048b8bf67e8ca14db514d,MU,Why Micron Stock Can Benefit from Fresh Memory-Chip Price Data,https://finnhub.io/api/news?id=e075f79a765c37f7d18fcfabdc10c28809ec1f1cfcab671d6219c9a804657f65,,Yahoo,2026-09-08T14:45:00Z,2026-09-08T16:17:27.189291Z,141949935,107,not_recorded,not_attempted_or_no_result,,,,finnhub_summary_only_no_enrichment_result
std_0302c05f8b97465a808abe4fb31922ef,MU,AMKR Stock Falls 10% in a Month: Why the Dip is a Buying Opportunity,https://finnhub.io/api/news?id=cba45dc917ca97488ddc3990b1e31ebc082270b4907838ad8cec9d675a6cf2bb,,Yahoo,2026-09-08T14:50:00Z,2026-09-08T16:17:27.161314Z,141949934,139,not_recorded,not_attempted_or_no_result,,,,finnhub_summary_only_no_enrichment_result
std_87e47847bbf34ae5ad32938d5589fd20,META,charcha 2026: India's largest collaborative convening returns to Delhi for its 7th edition,https://finnhub.io/api/news?id=936ecefb1294776098f253c562bc9b858eafebe7c3e702392c54ced9c69f5218,,Yahoo,2026-09-08T04:30:00Z,2026-09-08T16:17:06.795784Z,141878009,293,not_recorded,not_attempted_or_no_result,,,,finnhub_summary_only_no_enrichment_result
std_e2aebf3b55ad44e1ba2a51ced9744c1b,META,Local Data Center Fights Are Reshaping the Midterms—Here’s How,https://finnhub.io/api/news?id=1b1c80f7023d444030e48226f4bef51e44165fbadfe511c40f3248badcec60de,,Yahoo,2026-09-08T05:00:00Z,2026-09-08T16:17:06.764675Z,141863736,114,not_recorded,not_attempted_or_no_result,,,,finnhub_summary_only_no_enrichment_result
std_3badb35e09774ebbbac1216e6567a7d9,META,"Nvidia, Palantir, and Meta Platforms Are Rattling Wall Street With This $18.6 Billion Warning",https://finnhub.io/api/news?id=59ce76ab007686cc3ba80e86da97d6d07d27a056ed2a95386f84ba8ab3a978a1,,Yahoo,2026-09-08T09:26:01Z,2026-09-08T16:17:06.709240Z,141893830,99,not_recorded,not_attempted_or_no_result,,,,finnhub_summary_only_no_enrichment_result
std_51218696619f477aafa467c5be4f17b0,META,"Amazon, Meta among ‘Hyper 5’ facing AI cash-flow test",https://finnhub.io/api/news?id=fa29d6c40bd5244ed3c32cfa2e94ba0108797fb2d303f678302be7a3ce773516,,Yahoo,2026-09-08T10:24:00Z,2026-09-08T16:17:06.680702Z,141949829,138,not_recorded,not_attempted_or_no_result,,,,finnhub_summary_only_no_enrichment_result
std_5218d4eff0924af5ace237fc660872ec,META,"Alphabet vs. Meta Platforms: Which ""Magnificent Seven"" Titan Has More Room to Run in September?",https://finnhub.io/api/news?id=2baa68ad1716d81df4ba1ece72f946f03f07ab847efe6ffb67213bc1e11dedb7,,Yahoo,2026-09-08T10:35:00Z,2026-09-08T16:17:06.654277Z,141924737,55,not_recorded,not_attempted_or_no_result,,,,finnhub_summary_only_no_enrichment_result
std_e3d6550dde264e3182b355c02e4a4a5f,META,AI Could Nearly Triple America's Data Center Footprint by 2030,https://finnhub.io/api/news?id=aac17b508bc0201b1557f35fb79dec877156ba3c26125ffa1c757c491bbc1f1d,,Yahoo,2026-09-08T12:29:55Z,2026-09-08T16:17:06.507246Z,141949815,113,not_recorded,not_attempted_or_no_result,,,,finnhub_summary_only_no_enrichment_result
std_22926554e60a481d92d655e39d6c2118,META,AI Stocks: OpenAI Declares The 'AGI Era' Is Here Amid IPO Fervor,https://finnhub.io/api/news?id=c9e636bf34730d1b774906d767827cde4732812c54b99b2c0b06f9cf0315a55f,,Yahoo,2026-09-08T12:31:15Z,2026-09-08T16:17:06.479503Z,141949916,126,not_recorded,not_attempted_or_no_result,,,,finnhub_summary_only_no_enrichment_result
std_fdffe82a63394b90bc088a18b8f26773,INTC,Intel Foundry and ASML Collaborate to Accelerate Industry Readiness for High NA EUV,https://finnhub.io/api/news?id=86f942c96b0781c30494f1326ccd05988c2107dc35de39d97565b8dce0d80ffa,,Yahoo,2026-09-08T06:03:00Z,2026-09-08T16:15:08.177871Z,141808039,121,not_recorded,not_attempted_or_no_result,,,,finnhub_summary_only_no_enrichment_result
std_38efd02d9cd14c3595e40a7eb9985121,INTC,"ASML Wins Over TSMC, Samsung for New EUV Machines as AI Demand Surges",https://finnhub.io/api/news?id=17177fef1ca7bf317dcc93cda3f133854e00d7ce7a932e729985430f169fc70d,,Yahoo,2026-09-08T06:05:00Z,2026-09-08T16:15:08.155637Z,141862096,220,not_recorded,not_attempted_or_no_result,,,,finnhub_summary_only_no_enrichment_result
std_2df4e1880a6a479997bdde0ce10ea5dd,INTC,"Dow, S&P 500, Nasdaq Futures Slide As Iran Conflict Sends Oil Back Toward $100: TSLA,  NVDA, ORCL, INTC, BIDU, BABA, BE In Focus",https://finnhub.io/api/news?id=d5a94a395e24ff1e3dacea1d66ee21aef24b3c94faaaa133f9831ebf2832e600,,Yahoo,2026-09-08T08:31:35Z,2026-09-08T16:15:08.113481Z,141883185,118,not_recorded,not_attempted_or_no_result,,,,finnhub_summary_only_no_enrichment_result
std_23befd81ee954658b5c216e93d3ec0fa,INTC,"INTC Stock Jumps Premarket As Intel Takes Early Lead In ASML's Next-Gen Chipmaking Technology – Samsung, TSMC Are Next",https://finnhub.io/api/news?id=cb4425668e54a16afe1d48cd8edb0a7f591705a569393068ff5eff3b3cb14997,,Yahoo,2026-09-08T11:46:59Z,2026-09-08T16:15:08.066620Z,141950056,127,not_recorded,not_attempted_or_no_result,,,,finnhub_summary_only_no_enrichment_result
std_d06e62446e8b4a619fda0e1e2fd33a94,INTC,Insider Alert: Nvidia Director Sold $410 Million in Shares,https://finnhub.io/api/news?id=e3487b90f926e35f4b0e053ce2c8c5bab958d038238cdb48290fbdd64f402f52,,Yahoo,2026-09-08T12:10:11Z,2026-09-08T16:15:08.043235Z,141950058,47,not_recorded,not_attempted_or_no_result,,,,finnhub_summary_only_no_enrichment_result
std_b0c5dca07b5f45cdba21e9b15d204a22,INTC,"TSMC, Samsung and Intel Just Gave ASML a Powerful Endorsement",https://finnhub.io/api/news?id=767e2bb12cb21607f1f14b9f94bd6c10961fa0bc253583419f6cbd476eb84922,,Yahoo,2026-09-08T12:11:54Z,2026-09-08T16:15:08.014477Z,141950055,77,not_recorded,not_attempted_or_no_result,,,,finnhub_summary_only_no_enrichment_result
std_2642d73a28294b79bcc65deaddf5817a,INTC,"Here Are Tuesday’s Top Wall Street Analyst Research Calls: Amgen, Baidu, Best Buy, Circle Internet, Corning, Intel, Lockheed Martin SpaceX, TeraWulf and More",https://finnhub.io/api/news?id=562d1e5cd2f5eb65e0c08404e36e1d414e3d2995b2696069d2bbd2a6eda7ce20,,Yahoo,2026-09-08T12:15:28Z,2026-09-08T16:15:07.990678Z,141950054,210,not_recorded,not_attempted_or_no_result,,,,finnhub_summary_only_no_enrichment_result
std_673a3dd9e3bc44b8a985c32da5be4a57,INTC,ASML Stock Rises 3% on TSMC and Samsung Commitments,https://finnhub.io/api/news?id=0d57670d3b28aa80e9abb8b7e9276f8c5fad812fdae58f89bf56cf4cdde6ddf4,,Yahoo,2026-09-08T12:17:14Z,2026-09-08T16:15:07.965980Z,141950057,66,not_recorded,not_attempted_or_no_result,,,,finnhub_summary_only_no_enrichment_result
std_29efd4c73eb3467d99ea989b1503b933,INTC,Buy Super Micro Computer for Handsome Returns & Attractive Valuations,https://finnhub.io/api/news?id=1fd5889abefab55688e8fbe88475ee2835e9f1896ce04c5cb973404862f0fe3e,,Yahoo,2026-09-08T12:23:00Z,2026-09-08T16:15:07.944328Z,141950005,118,not_recorded,not_attempted_or_no_result,,,,finnhub_summary_only_no_enrichment_result
std_27266b16a3e6458f8359f83b2fdd0e8c,INTC,Intel Just Hit a Key Milestone in Its Foundry Comeback,https://finnhub.io/api/news?id=8aa05883b5144d55187cecf57412a5b17df44eec2db204ad25d47b4de2b5aca9,,Yahoo,2026-09-08T13:21:32Z,2026-09-08T16:15:07.911885Z,141950053,74,not_recorded,not_attempted_or_no_result,,,,finnhub_summary_only_no_enrichment_result
std_9ed3d0992a0349a281e9d25eac14be38,INTC,"Intel Climbs 5% on High-NA EUV Production Lead, ASML and Taiwan Semiconductor Advance 3%",https://finnhub.io/api/news?id=22bf7995134c56689342d46246942c2317a4832289f98b6e61b534cfd0edfc48,,Yahoo,2026-09-08T13:32:21Z,2026-09-08T16:15:07.890332Z,141950052,254,not_recorded,not_attempted_or_no_result,,,,finnhub_summary_only_no_enrichment_result
std_816f39a85c1b4b61b6e8079b1251291f,INTC,"QCOM Showered Owners With Cash, But The Stock Still Lagged The Market",https://finnhub.io/api/news?id=84e795fd3bcef4fb700a41be6f2040d469a66ad24cc045aebee304be390e8b9f,,Yahoo,2026-09-08T13:58:13Z,2026-09-08T16:15:07.866571Z,141949880,168,not_recorded,not_attempted_or_no_result,,,,finnhub_summary_only_no_enrichment_result
std_80232ca123384e5b8390ae5e70b85f17,INTC,"Qualcomm, Amgen, Novartis, Corning, Boeing, and More Stocks That Explain Today’s Market",https://finnhub.io/api/news?id=edaebbac91cdcc9f363ab45f75cc1e7e02e0d87c1d4624d76d4652b86d421ac3,,Yahoo,2026-09-08T14:11:00Z,2026-09-08T16:15:07.844240Z,141949849,104,not_recorded,not_attempted_or_no_result,,,,finnhub_summary_only_no_enrichment_result
std_743cb9af244f4754ab53a3c5974f2f51,META,Sandisk: NAND Just Had A Game-Changing Week,https://finnhub.io/api/news?id=96b6711cf535d8591e7643d00c3b5d213b2c2d97883c27638a00ec6cc8e08f5a,,SeekingAlpha,2026-09-08T11:26:57Z,2026-09-08T15:51:06.171157Z,141949685,146,not_recorded,not_attempted_or_no_result,,,,finnhub_summary_only_no_enrichment_result
std_268bc2b628df433cb73d7437cbcd719f,INTC,5 Stock Picks Last Week From Wall Street's Most Accurate Analysts,https://finnhub.io/api/news?id=34807f05a11839bed702639eb164a4681f995f33fc8e756592e78570e1861bc0,,Benzinga,2026-09-08T05:50:22Z,2026-09-08T15:13:44.088250Z,141949487,146,not_recorded,not_attempted_or_no_result,,,,finnhub_summary_only_no_enrichment_result
std_1637c2f77e8343e8b12cbeecc3477a4c,INTC,What's Going On With Arm Holdings Stock Tuesday?,https://finnhub.io/api/news?id=1c83fea0b958898e6a6f30deb00344225f86cc65ee2af3502e544d5fef3a8b11,,Benzinga,2026-09-08T09:40:29Z,2026-09-08T15:13:44.032453Z,141949488,123,not_recorded,not_attempted_or_no_result,,,,finnhub_summary_only_no_enrichment_result
std_4461bb13338540089cb8825d4a2f4635,INTC,"Roivant Sciences, Pharvaris, IonQ And Other Big Stocks Moving Higher On Tuesday",https://finnhub.io/api/news?id=a4b85fb554a6fc1cc365a2cf88bfe4fe9a653883b671ed409d42e42be50082a2,,Benzinga,2026-09-08T10:03:08Z,2026-09-08T15:13:43.987230Z,141949530,149,not_recorded,not_attempted_or_no_result,,,,finnhub_summary_only_no_enrichment_result
std_64b6a1660b8e45cfab3e459a4cd0cbb5,META,Ride The Bull Before The Market Comes To Its Senses,https://finnhub.io/api/news?id=72035caca0246098310e5716ec070c77b0f4156beec0e808277e82d80b170238,,SeekingAlpha,2026-09-08T09:00:00Z,2026-09-08T13:20:32.881805Z,141949077,152,not_recorded,not_attempted_or_no_result,,,,finnhub_summary_only_no_enrichment_result
std_de34d469de3d4e7db68765868195a594,META,Meta: Such An Opportunity May Take Years To Happen Again,https://finnhub.io/api/news?id=30db95c94932baee7251d2a8df11669306ebbde96a94ed6ab177ca5122b952a2,,SeekingAlpha,2026-09-08T09:01:03Z,2026-09-08T13:20:32.849230Z,141949072,134,not_recorded,not_attempted_or_no_result,,,,finnhub_summary_only_no_enrichment_result
std_6432c36b56a74e2c879fb9a0f3743d50,META,Meta Platforms Is Too Attractive To Ignore,https://finnhub.io/api/news?id=14457dc17f1060ef9e48b97de9cd538c9cae4ff978c2f856434285df49b8fd30,,SeekingAlpha,2026-09-08T00:58:08Z,2026-09-08T05:20:48.116484Z,141778362,135,not_recorded,not_attempted_or_no_result,,,,finnhub_summary_only_no_enrichment_result
std_69dfd3e744ca4ab3b60c62433c0c0d78,META,Meta Is Underperforming Every Trillion-Dollar Stock but Tesla. This Trade Pays You While Wall Street Waits It Out.,https://finnhub.io/api/news?id=9720774465d802d632aa846ff2070e338d6fc17cac95b483be52a51263369d89,,Yahoo,2026-09-07T13:14:39Z,2026-09-08T01:51:10.417157Z,141771706,151,not_recorded,not_attempted_or_no_result,,,,finnhub_summary_only_no_enrichment_result
std_8b2c6c13256a43f991fd4acc8d1edcd6,META,"Nvidia, Microsoft at Center of $7 Trillion AI Boom",https://finnhub.io/api/news?id=7578c01e5da9c31eff3455e301bdf6e7889d9632266e7b4e01c264aa71c10c03,,Yahoo,2026-09-07T19:26:52Z,2026-09-08T01:51:10.372862Z,141771464,82,not_recorded,not_attempted_or_no_result,,,,finnhub_summary_only_no_enrichment_result
std_63eff4f86aaa43c6a1e587605a2af055,META,Jim Cramer Says Meta (META) is “At the Price” After Settlement Eases Major Legal Overhang,https://finnhub.io/api/news?id=ef85ff3a170c4c1d0a474afcd5c81923ffd82206bb00efff2447f7a83662f09e,,Yahoo,2026-09-07T20:31:46Z,2026-09-08T01:51:10.349534Z,141771746,305,not_recorded,not_attempted_or_no_result,,,,finnhub_summary_only_no_enrichment_result
std_454d8aad410d4dfb9833ce4c63bda80b,META,"How a 64-Year-Old’s $1.2 Million in VOO Turned Into a $456,000 Bet on a Single Sector",https://finnhub.io/api/news?id=bf0151f40257f0de10c85ce76e33ed207bb2c153bfcfbf3fe22c8f6beff57c9f,,Yahoo,2026-09-07T21:25:21Z,2026-09-08T01:51:10.317600Z,141771136,310,not_recorded,not_attempted_or_no_result,,,,finnhub_summary_only_no_enrichment_result
std_43bf39c566314ef39c9db3abc9836062,META,"Palantir Stock Leads August Rally -- Nvidia, Salesforce and Super Micro Jump",https://finnhub.io/api/news?id=89ee1437c35b1ea43ff04c0695734f1b0ef289bd07ced8822ca70a45052719c9,,Yahoo,2026-09-07T21:58:55Z,2026-09-08T01:51:10.295581Z,141771358,84,not_recorded,not_attempted_or_no_result,,,,finnhub_summary_only_no_enrichment_result
std_2b40e00e81d6446283ab6e1ad2fbee64,META,Bank of America sends wake-up call to Meta stock investors,https://finnhub.io/api/news?id=b6c0b78e103c23d828af8af98c79270c61723f02b2fb7f99cc97f447464a1a04,,Yahoo,2026-09-07T23:00:00Z,2026-09-08T01:51:10.270841Z,141771743,97,not_recorded,not_attempted_or_no_result,,,,finnhub_summary_only_no_enrichment_result
std_74e1c18a96574964aefdbde75ff69b06,MU,Not Nvidia. Not Micron. This Is My Top AI Infrastructure Stock to Buy Right Now (Hint: It Can Double Within 3 Years),https://finnhub.io/api/news?id=f2246fe2a0760553c84b6ea2765611f76f4236059b249c67e8465da788dba1d6,,Yahoo,2026-09-07T16:23:01Z,2026-09-08T01:41:39.795134Z,141772467,106,not_recorded,not_attempted_or_no_result,,,,finnhub_summary_only_no_enrichment_result
std_f66ea04c84ce476c8910868ff010353d,MU,Why Micron and SK Hynix Sit in the Most Valuable Spot in the Entire Compute Stack,https://finnhub.io/api/news?id=7ee0aadd8c5eaa7115125cf3b39781041b5850c300c35d3bfd3460abf56db0fa,,Yahoo,2026-09-07T16:45:33Z,2026-09-08T01:41:39.762097Z,141771691,184,not_recorded,not_attempted_or_no_result,,,,finnhub_summary_only_no_enrichment_result
std_281d7a46f71f432592b1d0ddb12a5d1b,MU,Is Micron Technology Stock Running Out of Steam?,https://finnhub.io/api/news?id=706ef8aa7f6b2140d5672b1d948a032384697c2f94cbdd87ff8100cd5de0c96a,,Yahoo,2026-09-07T17:32:31Z,2026-09-08T01:41:39.741483Z,141772460,86,not_recorded,not_attempted_or_no_result,,,,finnhub_summary_only_no_enrichment_result
std_5a45c1cddf5f476a86432779e2258a2c,MU,"Micron, SanDisk get new aggressive price targets from top analyst",https://finnhub.io/api/news?id=ba584ca197a9df126a968b89f43f85148fb26c911e00700625a0fab8cdf28e0e,,Yahoo,2026-09-07T20:33:00Z,2026-09-08T01:41:39.633127Z,141772346,51,not_recorded,not_attempted_or_no_result,,,,finnhub_summary_only_no_enrichment_result
std_5700d75b46884d89aa4808b5397f9112,MU,Micron's $50 Billion Guide Gets an 8.3% Signal From Seoul,https://finnhub.io/api/news?id=efc6d941584256a59879b4304d05eee3063316c6b314f9d9bfcbbc646eb15c43,,Yahoo,2026-09-07T21:51:38Z,2026-09-08T01:41:39.604045Z,141771259,105,not_recorded,not_attempted_or_no_result,,,,finnhub_summary_only_no_enrichment_result
std_47df5f299acd41acbbfcb5ff7a961f50,MU,Apple's $54 Billion iPhone Engine Hits an AI Memory Squeeze,https://finnhub.io/api/news?id=1cc30c007c58834929bcda9920921d05fef698377528637e031ed829abbd720f,,Yahoo,2026-09-07T21:56:12Z,2026-09-08T01:41:39.576794Z,141771258,95,not_recorded,not_attempted_or_no_result,,,,finnhub_summary_only_no_enrichment_result
std_a76b07407a9043fb85dde683b20bb2d8,INTC,DELL Expands Consumer PC Reach: Can It Challenge HPQ & AAPL?,https://finnhub.io/api/news?id=4827504f7d6cf76007c1a9eb3a66bf9032af94ad171d57b69d8f65e679074aeb,,Yahoo,2026-09-07T16:50:00Z,2026-09-08T01:40:22.796555Z,141771352,146,not_recorded,not_attempted_or_no_result,,,,finnhub_summary_only_no_enrichment_result
std_877a942d182a47ceaa8b98c6c5f24668,INTC,Nvidia Is No Longer Just a Chip Company. It’s the Infrastructure Platform for All of AI,https://finnhub.io/api/news?id=eaa5c51960ebe59ecc4e565df68f93bd6df94e9ddca360aea4292c63210cc210,,Yahoo,2026-09-07T16:50:14Z,2026-09-08T01:40:22.764097Z,141771608,238,not_recorded,not_attempted_or_no_result,,,,finnhub_summary_only_no_enrichment_result
std_5ea7d77b50364884b5422d81bec1c7e0,INTC,5-star analyst resets Intel stock price target,https://finnhub.io/api/news?id=d079f801d656e68c623ea409bb2a4efe23ad66879a4d3f00ab0ee2ecd9477071,,Yahoo,2026-09-07T21:33:00Z,2026-09-08T01:40:22.693166Z,141772438,44,not_recorded,not_attempted_or_no_result,,,,finnhub_summary_only_no_enrichment_result
std_b2d4d69511b64cc7aa47f2792e6cade3,META,Tracking Chase Coleman's Tiger Global Portfolio - Q2 2026 Update,https://finnhub.io/api/news?id=4bbe3f6b03058c2dfc665caf549debb0f9f373d42038beb99391bbe921c28385,,SeekingAlpha,2026-09-07T20:44:00Z,2026-09-08T01:01:49.949559Z,141771791,134,not_recorded,not_attempted_or_no_result,,,,finnhub_summary_only_no_enrichment_result
std_b0f86606d908471e86da7b489461df35,MU,"Micron and SanDisk Stocks Rebound as Investors Bet on AI Boom, Cheap Valuations",https://finnhub.io/api/news?id=11f09b5f10b7173372ba9cb6bfb54031828273ccdd32f19dc897d75f9e073085,,Benzinga,2026-09-06T13:52:58Z,2026-09-07T23:41:50.498548Z,141770925,137,not_recorded,not_attempted_or_no_result,,,,finnhub_summary_only_no_enrichment_result
std_540538b77ec04c1c9f44da64dbeebd1f,MU,"Why Rising Bond Yields May Be Just 'Noise' For Stocks, Jordi Visser Says",https://finnhub.io/api/news?id=58a5383cee0fcd2bc2fe4daf23054d7545f79f98c155115cdaa82cb073ed59dd,,Benzinga,2026-09-07T13:00:08Z,2026-09-07T23:41:50.292862Z,141770923,141,not_recorded,not_attempted_or_no_result,,,,finnhub_summary_only_no_enrichment_result
std_08f6351665ad40528cde67c364e0b4a6,MU,Here’s How Much You Would Have Made Owning Micron Technology Stock In The Last 5 Years,https://finnhub.io/api/news?id=6090a5db96d35f5dcc2dcd6420639beaa131db0f5f0b801d116341ad2f1455ff,,Benzinga,2026-09-07T16:00:24Z,2026-09-07T23:41:50.150122Z,141770921,218,not_recorded,not_attempted_or_no_result,,,,finnhub_summary_only_no_enrichment_result
std_5c4dcdd071a345e0b9b14f8aa657c066,MU,Bloom Energy Stock Faces Key Risks as Growth Fuels S&P 500 Index Inclusion,https://finnhub.io/api/news?id=301f6ffe2bc4d902bfd74b003ef397e14f1d55407f32be0dfb17e0a38f8eb2ef,,Benzinga,2026-09-06T13:45:15Z,2026-09-07T20:25:47.500624Z,141769200,127,not_recorded,not_attempted_or_no_result,,,,finnhub_summary_only_no_enrichment_result
std_9694473495c34dfd8b9e18005e25d0a5,MU,"Trump Says He's Made 'Hundreds of Billions' on Stocks, But Not for Himself: 'I Do This for Our Country'",https://finnhub.io/api/news?id=54e4a02ae58b3775488c71d165b1b09c82653d6936c305aa3a20aa7ccf224cd4,,Benzinga,2026-09-06T22:02:37Z,2026-09-07T20:25:47.448581Z,141769208,130,not_recorded,not_attempted_or_no_result,,,,finnhub_summary_only_no_enrichment_result
std_f87f2ba29c7e48968142d35824eb2050,INTC,10 Information Technology Stocks Whale Activity In Today’s Session,https://finnhub.io/api/news?id=43a8a38da65284da5c1235de0e1b4dca9e8ffd6554b08a9531ffed6f80231d57,,Benzinga,2026-09-07T13:35:15Z,2026-09-07T20:24:32.986869Z,141769207,219,not_recorded,not_attempted_or_no_result,,,,finnhub_summary_only_no_enrichment_result
std_18499dac64a645d6925cf8dc17091e63,META,AMD Is Behind The AI Chip Shift Nobody Is Talking About,https://finnhub.io/api/news?id=ed58ccb2a6d417bdb7eafb56f307cb7f915d6a5ce939224d2e07ec6d5f917b32,,Yahoo,2026-09-07T15:40:57Z,2026-09-07T16:14:04.093187Z,141765104,241,not_recorded,not_attempted_or_no_result,,,,finnhub_summary_only_no_enrichment_result
std_5763fca1d5474f2287ef4586840854d1,MU,Micron Jumps 6% as AI Memory Trade Keeps Running,https://finnhub.io/api/news?id=84e01f325c6aa9493e9d119442b4b223ba6c7a4ef3707fbb56cade1bccbdc1ae,,Yahoo,2026-09-07T12:09:48Z,2026-09-07T13:30:49.802391Z,141762752,106,not_recorded,not_attempted_or_no_result,,,,finnhub_summary_only_no_enrichment_result
std_7088d205eec14ffcba11b7eccfcbf4f9,INTC,Intel's Comeback Is About To Face Its Biggest Test,https://finnhub.io/api/news?id=b410b1891ce6b761bc33f6955f64c06b86c27177f801574e487ad7ca3623d64d,,SeekingAlpha,2026-09-07T06:04:55Z,2026-09-07T10:20:57.640501Z,141760120,162,not_recorded,not_attempted_or_no_result,,,,finnhub_summary_only_no_enrichment_result
std_195de73fd9d949488ebce6f461728e42,MU,Broadcom And 2 Top Growth Stocks To Watch,https://finnhub.io/api/news?id=1da2b321390f0151cef238359899a39b3757b12e31984406225343e7aaf08dcf,,Yahoo,2026-09-06T13:10:16Z,2026-09-07T00:14:51.327859Z,141593615,500,not_recorded,not_attempted_or_no_result,,,,finnhub_summary_only_no_enrichment_result
std_418c9636bbf547f5ac324af8478d21b4,MU,Micron Stock More Than Tripled in 2026. Now Taiwan Strike Threat Could Shake the AI Boom.,https://finnhub.io/api/news?id=f47509444f24b8b3d4b5b9986b7a4d7d51b23d02a1ebcfe354d536e2040b0556,,Yahoo,2026-09-06T14:00:02Z,2026-09-07T00:14:51.307529Z,141593634,149,not_recorded,not_attempted_or_no_result,,,,finnhub_summary_only_no_enrichment_result
std_0f6267ef00314d85a9e6c89dc0310d05,MU,Prediction: Micron Stock Will Skyrocket After Sept. 30,https://finnhub.io/api/news?id=66b35514a777b37a332544d185ef48be1b40d95080d2ba014348ac7375b4680d,,Yahoo,2026-09-06T14:32:00Z,2026-09-07T00:14:51.278945Z,141593633,80,not_recorded,not_attempted_or_no_result,,,,finnhub_summary_only_no_enrichment_result
std_e5689891cecf494faf87280b23e823ca,MU,Nvidia Is Near Its High While Its Biggest Chip Peers Sit 18% to 32% Below Theirs. These Are the Chip Stocks to Buy.,https://finnhub.io/api/news?id=50b120564eecbbbee0e2ebd59ef2a28fd08023ebf7a1379534e4efa0669fa535,,Yahoo,2026-09-06T18:34:01Z,2026-09-07T00:14:51.252146Z,141593619,102,not_recorded,not_attempted_or_no_result,,,,finnhub_summary_only_no_enrichment_result
std_95f3e35efac840349949a12e7552ff4b,MU,"Dow Jones Futures Fall With Iran, Apple, Inflation In Focus; Nvidia, Micron, Sandisk Flash Buy Signals",https://finnhub.io/api/news?id=cffb60530c356ad83d70f5ba341f71adb8ce87c95dbba1f4ae5067ff4efff611,,Yahoo,2026-09-07T00:45:26Z,2026-09-07T00:14:51.203047Z,141593554,135,not_recorded,not_attempted_or_no_result,,,,finnhub_summary_only_no_enrichment_result
std_12ead885dd824af7bd0c8d95643664ad,INTC,Intel (INTC) Enters Trusted AI Standards as Enterprise Infrastructure Role Grows,https://finnhub.io/api/news?id=d021e0c3cbaf65c4093cbb915af636e4f73429d51ffee9f28d814cfbd921e8e6,,Yahoo,2026-09-06T05:18:32Z,2026-09-07T00:14:13.735788Z,141593666,496,not_recorded,not_attempted_or_no_result,,,,finnhub_summary_only_no_enrichment_result
std_57eabcacdd7e4376907be60bea30ac4b,INTC,China Is Still Chasing Nvidia’s 3-Year-Old Chip — While Nvidia Has Moved Generations Ahead,https://finnhub.io/api/news?id=12eca7d275988fa67c737695c1db1a476e82dd31d7d3e45581bedbb59eb2da1a,,Yahoo,2026-09-06T15:35:11Z,2026-09-07T00:14:13.711042Z,141593655,158,not_recorded,not_attempted_or_no_result,,,,finnhub_summary_only_no_enrichment_result
std_f8d7fb4d591c43478588c87d154526f8,INTC,Did Nvidia Just Say Checkmate to AMD and Intel?,https://finnhub.io/api/news?id=39120c8fb43ef925adeb53cae0074e2bf214a188d1fd2ab73c9b38f4274fff46,,Yahoo,2026-09-06T23:30:01Z,2026-09-07T00:14:13.679063Z,141593556,36,not_recorded,not_attempted_or_no_result,,,,finnhub_summary_only_no_enrichment_result
std_78f50f268db1463ab77dae472db50576,MU,SCHV: Schwab's Large-Cap Value ETF Is Having A Moment,https://finnhub.io/api/news?id=1094112b50a4e0603d41cb739b6f73250c28c344eb062863d3050dd258c5da24,,SeekingAlpha,2026-09-06T18:34:31Z,2026-09-06T22:49:41.376946Z,141593284,101,not_recorded,not_attempted_or_no_result,,,,finnhub_summary_only_no_enrichment_result
std_13a9703812df47979e05e742b5cc3bad,MU,"Chasing AI fortunes, investors race to snap up land",https://finnhub.io/api/news?id=4b80b21a8bc58f264632165fd4b12db5a0fb72f12e99241d32dadf01db1d788b,,CNBC,2026-09-06T07:55:01Z,2026-09-06T17:41:21.485445Z,141592299,405,not_recorded,not_attempted_or_no_result,,,,finnhub_summary_only_no_enrichment_result
std_d98c6c9091544afa961618c8a3d2392a,MU,DRAM: We May Be At The Start Of The Second Memory Rally,https://finnhub.io/api/news?id=7553cdedd6ba1f46f50638b60ecfe84503758395683d1c11704ac14c479f9c10,,SeekingAlpha,2026-09-06T08:59:37Z,2026-09-06T13:19:49.657309Z,141590785,166,not_recorded,not_attempted_or_no_result,,,,finnhub_summary_only_no_enrichment_result
std_c8e999a2ce7d424cab2d937126504072,INTC,Intel’s AI Tailwinds Are Real. Mizuho Cut the Target Anyway.,https://finnhub.io/api/news?id=dadc7b05d095430e3e55886cd7ddef973a22e38f5a910fdd46ea1bdd14eedcb7,,Yahoo,2026-09-05T22:58:25Z,2026-09-06T00:10:50.053927Z,141554035,354,not_recorded,not_attempted_or_no_result,,,,finnhub_summary_only_no_enrichment_result
std_051ea7a39e394237ac31a3a0effc0cc3,INTC,Why Intel Stock Climbed This Week,https://finnhub.io/api/news?id=22bff04a20fd1d3ba4d0f28a80cb7c98ce591c0efe05ebb6ee79a8561452afdd,,Yahoo,2026-09-05T23:40:17Z,2026-09-05T23:00:31.240283Z,141550045,69,not_recorded,not_attempted_or_no_result,,,,finnhub_summary_only_no_enrichment_result
std_86376ca0bdca40069a49d2f940de352d,MU,BlackRock’s IBIT Leads a Surge in ETF Inflows,https://finnhub.io/api/news?id=c0b83251da310eee6d50e09fa68fc87b7623b6e93221c298bf48b2ecdd4d6272,,Benzinga,2026-09-05T14:50:08Z,2026-09-05T22:22:31.441542Z,141547857,119,not_recorded,not_attempted_or_no_result,,,,finnhub_summary_only_no_enrichment_result
std_421507729f044de7999c3e5f4a919ab8,MU,SCHD ETF Officially Becomes Biggest Dividend Fund as Price and Inflows Jump,https://finnhub.io/api/news?id=0cd843a1782d75d782553f2661d96156ee11c57f8a213e217c3b43318b59da18,,Benzinga,2026-09-05T15:40:29Z,2026-09-05T22:22:31.417011Z,141547844,133,not_recorded,not_attempted_or_no_result,,,,finnhub_summary_only_no_enrichment_result
std_67ebb1a5e9a94908abe1623d1678c65e,MU,Dell’s Monster Quarter Just Confirmed Micron’s Biggest Opportunity Is Not Just HBM,https://finnhub.io/api/news?id=743c402c67e77c790014c16340cec858f7f85b00fd68fe8787616e50dc271338,,Yahoo,2026-09-05T14:00:02Z,2026-09-05T22:14:08.493112Z,141546873,160,not_recorded,not_attempted_or_no_result,,,,finnhub_summary_only_no_enrichment_result
std_ad2a1393325a4c0aad4f28224fe77e40,MU,3 Great Quality Stocks To Own In September 2026,https://finnhub.io/api/news?id=c912721bc44c42ed311c8e2103ce56f65c18c4661abc046b7a2e25041bd9ac5b,,Yahoo,2026-09-05T20:14:14Z,2026-09-05T22:14:08.433852Z,141546867,499,not_recorded,not_attempted_or_no_result,,,,finnhub_summary_only_no_enrichment_result
std_df6bf0da2577401a91b3fdca01253003,META,"‘AI Laggard’ Apple Is Sitting Pretty, But AAPL Stock Might Be Running Out of Room to Outperform",https://finnhub.io/api/news?id=ec1f802aa86b804a088ed43f4a5896dc18c37aab22413911251ee4b2fecb5519,,Yahoo,2026-09-05T15:02:14Z,2026-09-05T22:13:51.162237Z,141546866,130,not_recorded,not_attempted_or_no_result,,,,finnhub_summary_only_no_enrichment_result
std_20a675f87eb34e02ab26f877f52cebc3,MU,Why Is Micron Technology (MU) CEO Being Honored In Taiwan?,https://finnhub.io/api/news?id=7d26ca850a11d12c818ed28bb312afc7cf9bea08fec581a6b3690ec7d41f3cb2,,Yahoo,2026-09-05T18:10:50Z,2026-09-05T20:13:27.991917Z,141539876,498,not_recorded,not_attempted_or_no_result,,,,finnhub_summary_only_no_enrichment_result
std_5ba9fa32e84a4c67bab5e5b57ed70523,MU,"Dow Jones Futures: U.S., Iran Exchange Attacks; Nvidia, Micron, Sandisk Flash Buy Signals",https://finnhub.io/api/news?id=cf521da6baded2820a5b09171cb98ea179012bbcf95faebb53f973a36f24c7e7,,Yahoo,2026-09-05T18:22:09Z,2026-09-05T20:13:27.972539Z,141539843,135,not_recorded,not_attempted_or_no_result,,,,finnhub_summary_only_no_enrichment_result
std_42ebd928cdab4f59ba6f7709d363d194,MU,"The S&P 500 Fell, but These 2 AI Memory Stocks Exploded Higher",https://finnhub.io/api/news?id=0fad523b307e56d5b27009955d4c0b12ba8bb44bff70502a0a9f3bb4c6c1563b,,Yahoo,2026-09-05T19:03:45Z,2026-09-05T20:13:27.948411Z,141539877,352,not_recorded,not_attempted_or_no_result,,,,finnhub_summary_only_no_enrichment_result
std_dd39001bfaf34af4b0d22076ee7bf5c9,MU,Bitcoin’s ‘Coiled Spring’ Setup Has Economist James Thorne Bullish On The ‘Next Big Trade’,https://finnhub.io/api/news?id=479ba5618b6fa6a15a84aeb2e38b15e19c7e6b8ae7186c31f59de3fc295cb634,,Yahoo,2026-09-05T14:02:16Z,2026-09-05T16:13:12.176133Z,141525588,169,not_recorded,not_attempted_or_no_result,,,,finnhub_summary_only_no_enrichment_result
std_9b2a9d887ed84ca3bd0506e213f3a3bb,MU,"3 Incredible High-Growth Stocks to Buy With $10,000 Right Now",https://finnhub.io/api/news?id=954c0e42ee45f4cc13e3132efdabdbc5d19e67c5bd633d8bc066a4cb183953e2,,Yahoo,2026-09-05T14:04:00Z,2026-09-05T16:13:12.150115Z,141525559,48,not_recorded,not_attempted_or_no_result,,,,finnhub_summary_only_no_enrichment_result
std_607ad32204b0482087bef0e4118b9b8f,MU,Recent News From Nvidia and SK Hynix Reveals Exactly What the Market Expects for Micron Technology's Future,https://finnhub.io/api/news?id=26483af76fc42582dd341a593e346c4ea82af57dda0fb958f5406f12a3a41cf7,,Yahoo,2026-09-05T12:05:00Z,2026-09-05T14:13:44.178443Z,141520246,72,not_recorded,not_attempted_or_no_result,,,,finnhub_summary_only_no_enrichment_result
std_57dd23d2830a44898907f88140d1ccc2,MU,Micron: Nothing Is Over Yet,https://finnhub.io/api/news?id=34fd064e158a8290aee5c6b662594e6ce1c262455a74d398ff22510a9fe9bb08,,SeekingAlpha,2026-09-05T09:00:00Z,2026-09-05T13:19:56.822137Z,141518171,152,not_recorded,not_attempted_or_no_result,,,,finnhub_summary_only_no_enrichment_result
std_19e5577f44014088af95ee332e6bda34,MU,China's Biggest Memory Chip Stock Is Almost as Good as Micron,https://finnhub.io/api/news?id=97dcbda399d49b1527416f9cd9b2484dd6af44cfb677fb9e5d8061ce1342e00a,,Yahoo,2026-09-05T10:26:00Z,2026-09-05T12:12:50.840050Z,141514775,79,not_recorded,not_attempted_or_no_result,,,,finnhub_summary_only_no_enrichment_result
std_c4dfc2050b7246fbbe66d9acf9ca0b9d,META,"Palantir Billionaire Peter Thiel Just Bought Shares of This AI Stock That’s Climbed 200,000% Since Its IPO -- And It’s His Top Position.",https://finnhub.io/api/news?id=7851080814ece1f2459e7b7035f5dc8898c0f342737d0ffa07834b75c6555933,,Yahoo,2026-09-05T10:25:01Z,2026-09-05T12:12:49.112315Z,141514768,55,not_recorded,not_attempted_or_no_result,,,,finnhub_summary_only_no_enrichment_result
std_91133d3583c648a29196ce43a3017eab,MU,"Micron and Western Digital Shares Skyrocket, What You Need To Know",https://finnhub.io/api/news?id=3bd64836fe28da32bcb4241fa26b2ea7d21ff399d00a47f78da29aadf6d449b6,,Yahoo,2026-09-05T02:22:10Z,2026-09-05T04:11:04.592295Z,141489211,500,not_recorded,not_attempted_or_no_result,,,,finnhub_summary_only_no_enrichment_result
std_52f34c79cd0245cd839da3995c1f62d6,MU,"Micron Stock Closes Above $1,000. Why It’s Not What It Seems.",https://finnhub.io/api/news?id=b818488dab59175cbecbe3673e712d3d3326774a2dd26a59a1d81ce4eb6ab913,,Yahoo,2026-09-04T22:36:00Z,2026-09-05T00:22:16.103946Z,141473372,472,not_recorded,not_attempted_or_no_result,,,,finnhub_summary_only_no_enrichment_result
std_379e0dbb13084e39b95ee90f09b2c0c6,MU,Looking Ahead to the Q3 Earnings Season: What to Expect,https://finnhub.io/api/news?id=6cef3f8aeee3cd6cb8a43638b9a1266f9655efc75997843bcbae995b8c7455a5,,Yahoo,2026-09-04T23:05:00Z,2026-09-05T00:13:56.555280Z,141472604,280,not_recorded,not_attempted_or_no_result,,,,finnhub_summary_only_no_enrichment_result
std_d759e2a7e8b04f659abdf36b27566df9,MU,Why ASML Holding Stock Bumped 4% Higher Today,https://finnhub.io/api/news?id=deecba037999ae67da7f57dcf03779b17b67d418a340d44ae38c2ffec73439a8,,Yahoo,2026-09-04T23:51:22Z,2026-09-05T00:13:56.531491Z,141472593,74,not_recorded,not_attempted_or_no_result,,,,finnhub_summary_only_no_enrichment_result
std_5f3ae559708c4b1ca0e7890fb988c920,INTC,Coatue Opened Positions in Intel and Cerebras. Is the AI Chip Trade Broadening Beyond NVIDIA?,https://finnhub.io/api/news?id=f9dd7c83e09f821cfb11546d263bb0df470ca36bd8f1c4bc717fa4ede41c4c85,,Yahoo,2026-09-04T23:55:13Z,2026-09-05T00:13:01.473112Z,141472592,413,not_recorded,not_attempted_or_no_result,,,,finnhub_summary_only_no_enrichment_result
std_0999c26c274e49019118e0f35f0b0f6d,META,Broadcom (AVGO) Stock Is Down After Q3 Earnings: Is It Too Soon to Buy the Dip?,https://finnhub.io/api/news?id=b5512c662b984a87a878dcf4afd4a8ffafbea4932a2b2c3ac06d3de9cee73fe1,,Yahoo,2026-09-04T23:20:00Z,2026-09-05T00:12:43.953195Z,141472601,164,not_recorded,not_attempted_or_no_result,,,,finnhub_summary_only_no_enrichment_result
std_5c806a32d12d4f1f852639e5203c1d5c,META,"Jim Cramer Said Meta Platforms, Inc. (NASDAQ: META)’s Big Court Win Was A Close Call",https://finnhub.io/api/news?id=3fd8ebcf47ac803c19af2b5be8c23376d35a75ee74d7197f3ac7342fb9b3069a,,Yahoo,2026-09-04T23:48:20Z,2026-09-05T00:12:43.928448Z,141472652,350,not_recorded,not_attempted_or_no_result,,,,finnhub_summary_only_no_enrichment_result
std_8e87faab548846fe822599c30a28eb08,MU,David Tepper Sold 41% of His Micron Shares and It Is Still His Second-Biggest Holding,https://finnhub.io/api/news?id=9d3350274a8c6433c826ac5b3e477c01df84cdf5320d257609a47ea71a307de9,,Yahoo,2026-09-04T21:34:01Z,2026-09-04T22:15:00.551894Z,141464428,106,not_recorded,not_attempted_or_no_result,,,,finnhub_summary_only_no_enrichment_result
std_0bbc9efb3448414f9a302ca8afefa3d0,META,Corning (GLW) Stock Looks Below Fair Value As Its 393% Run Continues,https://finnhub.io/api/news?id=feb86b5dce5a27c538ad5ab0e9f5c03e04d6596ff149df46037d8eade18d40fd,,Yahoo,2026-09-04T21:08:03Z,2026-09-04T22:13:46.739485Z,141464469,498,not_recorded,not_attempted_or_no_result,,,,finnhub_summary_only_no_enrichment_result
std_3fbac6820b984406879ab574ac2d33ac,MU,"Dow Jones Futures: Nvidia, Micron, Sandisk Flash Buy Signals; Apple, Inflation Reports Ahead",https://finnhub.io/api/news?id=d03216108133aa4afcbdb834039cee863839189ba8da999efecd7e54466d934e,,Yahoo,2026-09-04T21:52:46Z,2026-09-04T21:24:00.311325Z,141460497,132,not_recorded,not_attempted_or_no_result,,,,finnhub_summary_only_no_enrichment_result
std_6cd75df7d5dd4c1db336493519123487,INTC,Marvell Stock Had A Huge Year And Still Sits Well Below Its High,https://finnhub.io/api/news?id=33a19c727a8e65adfa057a149bcbbd12eabac6a3f64ffc7c9bdb04767afab37c,,Yahoo,2026-09-04T21:27:52Z,2026-09-04T21:23:35.615698Z,141460508,253,not_recorded,not_attempted_or_no_result,,,,finnhub_summary_only_no_enrichment_result
std_2eadf6f82aaa4a5c8e26baf20009774d,MU,"Fear, Panic, And Capitulation To Come For Sandisk Investors",https://finnhub.io/api/news?id=36889b4974f5134d5db733225c7d1c385fe2423b402a3a0007bc977514eb44a7,,SeekingAlpha,2026-09-04T16:48:01Z,2026-09-04T21:13:30.753668Z,141459220,146,not_recorded,not_attempted_or_no_result,,,,finnhub_summary_only_no_enrichment_result
std_11d77186ce8b4725a18bf3faa3dca119,MU,Micron: AI Fatigue Into A Big Day,https://finnhub.io/api/news?id=c16955adf63d59891a000e1e9794a4b4c574f685dc60c84ac59fd881a4a7cad2,,SeekingAlpha,2026-09-04T16:32:41Z,2026-09-04T20:50:36.016208Z,141457914,138,not_recorded,not_attempted_or_no_result,,,,finnhub_summary_only_no_enrichment_result
std_a34ca6921e5c412b8a89eef949ba4582,MU,10 Information Technology Stocks Whale Activity In Today’s Session,https://finnhub.io/api/news?id=2cc961b39ada0207f1ae9ed2adf380e8dd272bb732a3761bfa459ecbc0fcea4a,,Benzinga,2026-09-04T13:35:13Z,2026-09-04T20:43:41.458119Z,141457325,218,not_recorded,not_attempted_or_no_result,,,,finnhub_summary_only_no_enrichment_result
std_93e56e810c6a4a42b218e08193421697,MU,"Memory, Other AI-Related Stocks Lead the Market’s Top Performers Friday",https://finnhub.io/api/news?id=e4161564548a3626f34aa7ef8802402585fd635be3fc690cf2e0e450ab94bb4e,,Yahoo,2026-09-04T17:04:21Z,2026-09-04T20:16:46.793702Z,141455006,41,not_recorded,not_attempted_or_no_result,,,,finnhub_summary_only_no_enrichment_result
std_de62e45e4020415490830b6fd17b5e08,MU,"Tesla, Fair Isaac, Micron, Sandisk, AMC, Trade Desk, UiPath, and More Stocks That Explain Today’s Market",https://finnhub.io/api/news?id=7640c018d6f0f506761da8746db55653026c2dbf0fa28ecf71502524e78b3b74,,Yahoo,2026-09-04T17:13:00Z,2026-09-04T20:16:46.766923Z,141454953,104,not_recorded,not_attempted_or_no_result,,,,finnhub_summary_only_no_enrichment_result
std_4e413190ada74a83bc37cf467c2b4f74,MU,"Micron Stock Could Close Above $1,000. Why It’s Not What It Seems.",https://finnhub.io/api/news?id=d42730c72a37e19e802d5ec68ceae69f49ee15687ba8fc07b5b225c35ada6a3c,,Yahoo,2026-09-04T17:40:00Z,2026-09-04T20:16:46.740285Z,141455005,531,not_recorded,not_attempted_or_no_result,,,,finnhub_summary_only_no_enrichment_result
std_f2b6ff6156eb43c7b5573c679801fdad,INTC,ORCL Eyes Breakout as AMD and Intel Test Key Support,https://finnhub.io/api/news?id=5e384711032c1a69be12860ab985c3d031a902e9fb203b5594406d677d542bc2,,Yahoo,2026-09-04T13:12:34Z,2026-09-04T20:15:01.805097Z,141455024,214,not_recorded,not_attempted_or_no_result,,,,finnhub_summary_only_no_enrichment_result
std_9fdf6f9e11524dfcb6ab82a2dd584404,INTC,Lone Star JV Acquires 2M SF Of R&D Space In Silicon Valley,https://finnhub.io/api/news?id=5bd8d88f316773724a17eccc0d618a50503264b2f3364dfdef5c21c243a40929,,Yahoo,2026-09-04T18:08:47Z,2026-09-04T20:15:01.675683Z,141454917,116,not_recorded,not_attempted_or_no_result,,,,finnhub_summary_only_no_enrichment_result
std_203d5fd53a694cdab5a4c98511835ddd,INTC,Mizuho Resets Intel Target For the Rest of 2026,https://finnhub.io/api/news?id=7e4fe45071f147ab081db0216118154770e5e22dd27ad677f0fb1baf4832b0df,,Yahoo,2026-09-04T19:52:23Z,2026-09-04T20:15:01.650830Z,141455038,63,not_recorded,not_attempted_or_no_result,,,,finnhub_summary_only_no_enrichment_result
std_eb26522ba97244a995a64c95b47e6201,META,Meta Could Charge $199.99 a Month for Its AI Agent. Here Are 2 Ways It Can Make More Money Than Subscriptions,https://finnhub.io/api/news?id=8df2e0072b973a84f8a46b4a3fac3d838b36a37eaa62b6c6612cba5c465010ee,,Yahoo,2026-09-04T13:36:00Z,2026-09-04T19:50:05.473070Z,141453763,140,not_recorded,not_attempted_or_no_result,,,,finnhub_summary_only_no_enrichment_result
std_0720dc1a06da4083a35ca9d2c59c00dd,META,Meta’s Business Set to Escape Lawsuits Unscathed,https://finnhub.io/api/news?id=3370adbd69f184aa8474a0ff9b0b2f08f368644fb5fafebafda49f9db5634e26,,Yahoo,2026-09-04T16:57:20Z,2026-09-04T19:50:05.394209Z,141453759,159,not_recorded,not_attempted_or_no_result,,,,finnhub_summary_only_no_enrichment_result
std_38e39dfc617d4250b95ff3e1be47f920,META,Nvidia Is Acting Like an Underdog. OpenAI and Anthropic Should Be Worried.,https://finnhub.io/api/news?id=eb92ad532d1ae7f88b6d29471b1ebc95f3265357da05d40b1e4e9d1a104da14c,,Yahoo,2026-09-04T18:21:00Z,2026-09-04T19:50:05.352223Z,141453767,118,not_recorded,not_attempted_or_no_result,,,,finnhub_summary_only_no_enrichment_result
std_fae6f8acc850470d81caf3525de02d1d,META,Cramer Says the Magnificent Seven Are Finally Cheap and Most Investors Will Miss It,https://finnhub.io/api/news?id=1bee371d9a95a42566efa671f28c5f6348ee766125af29e1ae54c50f8e240718,,Yahoo,2026-09-04T19:00:50Z,2026-09-04T19:50:05.324974Z,141453766,184,not_recorded,not_attempted_or_no_result,,,,finnhub_summary_only_no_enrichment_result
std_5df4e793fb654d1f8f128d0eff9a62de,META,"After Meta Went 'AI Native,' Outages Rose 40% and Firefighting Time Jumped 70%: Report",https://finnhub.io/api/news?id=35241f54fbb5adda660427c11915d13ef51be6b34324aff8dadf9cea2a9211ba,,Benzinga,2026-09-04T05:52:47Z,2026-09-04T18:53:46.461130Z,141449970,131,not_recorded,not_attempted_or_no_result,,,,finnhub_summary_only_no_enrichment_result
std_6d136e5e486c4f0c844b0230508e98a0,META,Elon Musk's SpaceX Is Already Renting AI Compute. Can Meta Catch Up?,https://finnhub.io/api/news?id=5eb5050a2c4688e6836257d1f2d7250dbc37132f008fabd79acb888f4eca773c,,Benzinga,2026-09-04T10:13:24Z,2026-09-04T18:53:46.407798Z,141449969,133,not_recorded,not_attempted_or_no_result,,,,finnhub_summary_only_no_enrichment_result
std_c742ddbb5b2a47408cffb67b8e5e7668,INTC,"SanDisk Jumps 10%, Lululemon Crashes 17%: Stock Market Today",https://finnhub.io/api/news?id=b3fa9337d21cb53cc886ddba9f1007d102100cddf69f58a2e8b41c7db1350f9c,,Benzinga,2026-09-04T13:32:31Z,2026-09-04T18:53:07.406536Z,141449919,171,not_recorded,not_attempted_or_no_result,,,,finnhub_summary_only_no_enrichment_result
std_e865442f4a06482387cefa792f7191d3,MU,Getting Ahead Of The Bottleneck: What Each Layer Moved On This Week,https://finnhub.io/api/news?id=ca13163c7f4f01bda53b8e45ebf2a08a7889d3fdf4b3abbecb471dadfd14d428,,SeekingAlpha,2026-09-04T14:20:00Z,2026-09-04T18:40:09.161492Z,141448821,119,not_recorded,not_attempted_or_no_result,,,,finnhub_summary_only_no_enrichment_result
std_4edb1978e4334d10b33ad4898fcf676d,MU,Qualcomm Lost a Third of Its Value in 3 Months. One Wall Street Pro Sees 140% Upside From Here,https://finnhub.io/api/news?id=5d8f1181065b0dcdc6f1dec8e8586fa8612db1f9fa8026f74edc635fb0d4b54c,,Yahoo,2026-09-04T14:31:54Z,2026-09-04T18:16:36.353906Z,141436335,212,not_recorded,not_attempted_or_no_result,,,,finnhub_summary_only_no_enrichment_result
std_bdcdef6ceb9a4c85955670e9f653fa47,MU,Micron Stock On The Rise This Week:  Why It’s Not What It Seems.,https://finnhub.io/api/news?id=ccdeb450f5e2bde8a0d40f7f5ba7434c9bf9eabb9dd18a5c0f7ed0a41aff94e3,,Yahoo,2026-09-04T15:10:00Z,2026-09-04T18:16:36.307323Z,141446585,377,not_recorded,not_attempted_or_no_result,,,,finnhub_summary_only_no_enrichment_result
std_ac189caf31af43e5b6cbecbbfa69f646,MU,"Stock Market Midday, Sept. 4: Stocks Edge Lower on Strong Jobs Report as Lululemon Plummets",https://finnhub.io/api/news?id=67f1fc7d2f862b07a78b520a4d8c69c1b3cf307176347a1decb7c36067100eee,,Yahoo,2026-09-04T16:35:37Z,2026-09-04T18:16:36.260610Z,141446587,129,not_recorded,not_attempted_or_no_result,,,,finnhub_summary_only_no_enrichment_result
std_2fb864b131fc493caf206b7ac619d7bb,MU,Micron vs. Sandisk: Which AI Memory Stock Is the Better Buy?,https://finnhub.io/api/news?id=df7e6ecd63fbb15f388c10b48a656208c55bc1067164d604779a0949ffba0368,,Yahoo,2026-09-04T17:20:00Z,2026-09-04T18:16:36.233922Z,141446508,100,not_recorded,not_attempted_or_no_result,,,,finnhub_summary_only_no_enrichment_result
std_9209daf7256945c79c8e8990f41dcc80,INTC,Nasdaq Futures Climb as Chipmakers Provide a Boost Ahead of Key U.S. Jobs Report,https://finnhub.io/api/news?id=bac91018db4fa05b9cd27a6e92514659847089f0f5295fc109e2870a0fc9cf84,,Yahoo,2026-09-04T10:23:49Z,2026-09-04T18:14:49.907446Z,141446586,219,not_recorded,not_attempted_or_no_result,,,,finnhub_summary_only_no_enrichment_result
std_ecd476520bb24ec8ae2f5b94b1ba8593,INTC,AMD: Paying Up For A Ramp That's Already Been Outlined,https://finnhub.io/api/news?id=abba922a228d36ea8e517c0e5a194949df3ee3fc73670eb14bb0f164686ca50b,,SeekingAlpha,2026-09-04T13:54:10Z,2026-09-04T18:14:49.839464Z,141446515,139,not_recorded,not_attempted_or_no_result,,,,finnhub_summary_only_no_enrichment_result
std_7cfd5389d59a45dcb664cd0768d3542e,META,'Fast Money' traders talk Meta shares climbing on AI model news,https://finnhub.io/api/news?id=304aa16da89736aa875c22bc5642490e53c55ca725cd887affe0902feed9ee85,,CNBC,2026-09-03T17:49:20Z,2026-09-04T17:34:55.871218Z,141443825,68,not_recorded,not_attempted_or_no_result,,,,finnhub_summary_only_no_enrichment_result
std_929cd21ded324e24839d43feb5565e5a,META,Jim Cramer on if the Mag 7 is now too cheap to ignore,https://finnhub.io/api/news?id=b062a9dc7ed5a71307b2aa324183f5e8f8c4628fed47755aeb7c56cc8e312d2c,,CNBC,2026-09-03T19:49:16Z,2026-09-04T17:34:55.823030Z,141443730,61,not_recorded,not_attempted_or_no_result,,,,finnhub_summary_only_no_enrichment_result
std_0b50c027baff4ef595c44697d1a67875,META,Why Nvidia's 'defensive move' to acquire Hugging Face is about much more than chips,https://finnhub.io/api/news?id=af684ee642a3b6d3c2257c28c2f159b478970d7fca0f6806b70b0cc15dc6c230,,CNBC,2026-09-04T07:00:01Z,2026-09-04T17:34:55.713283Z,141443692,140,not_recorded,not_attempted_or_no_result,,,,finnhub_summary_only_no_enrichment_result
std_87ecc056641c45ce82071efaffd88fab,INTC,Nvidia's investments grow to $99 billion as chip giant becomes major backer of AI companies,https://finnhub.io/api/news?id=08b1b514a1f4b7067e0dcda45d3fca75af04abd75950a2407944cbd4882803e2,,CNBC,2026-09-04T04:08:51Z,2026-09-04T17:34:54.883939Z,141443695,131,not_recorded,not_attempted_or_no_result,,,,finnhub_summary_only_no_enrichment_result
std_49d1a90d53cf419ea6e1a081d0945dcb,MU,Discover which S&P500 stocks are making waves on Friday.,https://finnhub.io/api/news?id=8365b14ad862209478e14241b98643c5a1b70d3eb7cfb54eeaa638afc9d6c0a4,,ChartMill,2026-09-04T16:35:01Z,2026-09-04T17:14:19.270927Z,141442177,167,not_recorded,not_attempted_or_no_result,,,,finnhub_summary_only_no_enrichment_result
std_9ead17071fcd40f5802f839fc9dbfbc1,INTC,"Mizuho Maintains Neutral on Intel, Lowers Price Target to $92",https://finnhub.io/api/news?id=b16d13ba33c981f2e24becea29c450221cfb4a16c4d03d3fe906e6681f971662,,Benzinga,2026-09-04T11:56:07Z,2026-09-04T17:02:41.815018Z,141441653,121,not_recorded,not_attempted_or_no_result,,,,finnhub_summary_only_no_enrichment_result
std_c1d326e3ec7b46ce883b13492e078e0e,MU,Micron Stock Is Rising. Why It’s Not What It Seems.,https://finnhub.io/api/news?id=70cc6f5dc13d0f28ca551fc44b52ce16223eb25ccc9b42b28f002e80084a289e,,Yahoo,2026-09-04T13:54:00Z,2026-09-04T16:17:34.228964Z,141437106,369,not_recorded,not_attempted_or_no_result,,,,finnhub_summary_only_no_enrichment_result
std_1a796e1dab904e2bb8565061af9b3253,MU,Lynx Equity sees Micron and SanDisk breakout as volatility normalizes,https://finnhub.io/api/news?id=b14ba75da61c01bf4f843c304fe696c42043f7fc4790ac857abc7cc51fbcaaf8,,Yahoo,2026-09-04T14:36:27Z,2026-09-04T16:17:34.203681Z,141437105,500,not_recorded,not_attempted_or_no_result,,,,finnhub_summary_only_no_enrichment_result
std_111acea51e77477cbb2ea2489447b455,MU,$1.3 Trillion in Projected Data Center Spending in 2027 Makes These Stocks No-Brainer Buys,https://finnhub.io/api/news?id=ff7317b24d93a6a95c2ae4828fb994058bc6943525797f0dd9e7cd58cc028755,,Yahoo,2026-09-04T14:40:00Z,2026-09-04T16:17:34.181995Z,141436328,60,not_recorded,not_attempted_or_no_result,,,,finnhub_summary_only_no_enrichment_result
std_b9a4c1eed7924514b2f2129148529581,MU,"WDC Stock's Big Rally: Buy, Sell, or Hold After a 70% 6-Month Surge?",https://finnhub.io/api/news?id=f1cb6112a8ee2bd659079c5ee33d592b04fafd4a0fdce70d42da902cb63b1234,,Yahoo,2026-09-04T14:45:00Z,2026-09-04T16:17:34.158048Z,141437182,158,not_recorded,not_attempted_or_no_result,,,,finnhub_summary_only_no_enrichment_result
std_e767e3f57a7e44869ee5dc04c804405a,MU,"SanDisk Rises 8%, Micron Gains 5%: Is the NAND Pricing Cycle Still Accelerating?",https://finnhub.io/api/news?id=d0c4608ee7b16bfb490d8d72667279c9a6ec25bf72fdb1ee1275a8b7a27d96b2,,Yahoo,2026-09-04T15:00:36Z,2026-09-04T16:17:34.137319Z,141437104,326,not_recorded,not_attempted_or_no_result,,,,finnhub_summary_only_no_enrichment_result
